{
  "format_version": "1.8.0",
  "minecraft:entity": {
    "description": {
      "identifier": "pvz:citron",
      "is_spawnable": true,
      "is_summonable": true,
      "is_experimental": false
        },
        "component_groups": {
                  "minecraft:shoveled": {
                  "minecraft:despawn": {
                }
            }
        },
    "components": {
      "minecraft:type_family": {
        "family": [
          "villager"
        ]
      },
      "minecraft:damage_sensor": [
                {
                    "on_damage": {
                        "filters": {
                            "all_of": [
                                {
                                    "test": "has_equipment",
                                    "subject": "other",
                                    "domain": "hand",
                                    "value": "pvz:garden_shovel"
                                },
                                {
                                    "test": "is_family",
                                    "subject": "other",
                                    "value": "player"
                                }
                            ]
                        },
                        "event": "minecraft:event_shoveled"
                    },
                    "use_item": true,
                    "interact_text": "action.interact.place"
                },
                {
                    "on_damage": {
                        "filters": {
                            "test": "is_family",
                            "subject": "other",
                            "value": "villager"
                        }
                    },
                    "deals_damage": false
                }
            ],  "minecraft:behavior.nearest_attackable_target": {
        "priority": 2,
        "within_radius": 25,
        "reselect_targets": true,
        "entity_types": [
          {
            "filters": {
              "any_of": [
                {
                  "test": "is_family",
                  "subject": "other",
                  "value": "monster"
                }
              ]
            },
            "max_dist": 35
          }
        ],
        "must_see": true,
        "must_see_forget_duration": 17.0
      },
      "minecraft:scale": {
        "value": 1.2
            },
            "minecraft:loot": {
                "table": "loot_tables/eat/sun.json"
      },
      "minecraft:breathable": {
        "totalSupply": 15,
        "suffocateTime": 0
      },
      "minecraft:shooter": {
        "def": "pvz:orange"
      },
      "minecraft:behavior.ranged_attack": {
        "priority": 1,
        "attack_interval_min": 1,
        "attack_interval_max": 10,
        "charge_charged_trigger": 0.0,
        "charge_shoot_trigger": 1,
        "attack_radius": 90,
        "burst_shots": 2,
        "burst_interval": 10
      },
      "minecraft:collision_box": {
        "width": 0.75,
        "height": 0.15
      },
      "minecraft:nameable": {},
      "minecraft:health": {
        "value": 20,
        "max": 20
      },
      "minecraft:movement": {
        "value": 0
      },
      "minecraft:knockback_resistance": {
        "value": 100
      },
      "minecraft:navigation.walk": {
        "can_path_over_water": false,
        "avoid_damage_blocks": true
      },
      "minecraft:movement.basic": {},
      "minecraft:can_climb": {},
      "minecraft:behavior.float": {
        "priority": 0
      },
      "minecraft:behavior.random_stroll": {
        "priority": 6,
        "speed_multiplier": 1.0
      },
      "minecraft:behavior.random_look_around": {
        "priority": 8
      },
      "minecraft:push_through": {
      "value": 1
      },
      "minecraft:pushable": {
        "is_pushable": false,
        "is_pushable_by_piston": true
      },
      "minecraft:physics": {}
    },
        "events": {
            "minecraft:event_shoveled": {
                "add": {
                    "component_groups": [
                        "minecraft:shoveled"
                    ]
                }
            }
        }
    }
}