{
	"format_version": "1.8.0",
	"minecraft:entity": {
		"description": {
			"identifier": "pvz:melon_pult",
			"is_spawnable": true,
			"is_summonable": true,
			"is_experimental": false
        },
        "component_groups": {
      "pvzmodbylilcraftyt": {},
      "pvzmodbylilcraftyt": {},
                  "minecraft:shoveled": {
                  "minecraft:despawn": {
                }
            }
        },
		"components": {
			"minecraft:health": {
				"value": 20,
				"max": 30
			},
			"minecraft:nameable": {
        },
      "minecraft:pushable": {
        "is_pushable": false,
        "is_pushable_by_piston": false
      },
			"minecraft:collision_box": {
				"width": 0.45,
				"height": 0.4
			},
			"minecraft:spell_effects": {
				"add_effects": [
					{
						"effect": "regeneration",
						"amplifier": 50,
						"visible": false,
						"duration": 3
					}
				]
			},
			"minecraft:breathable": {
				"total_supply": 15,
				"suffocate_time": 0,
				"breathes_water": false,
				"breathes_air": true
			},
			"minecraft:attack": {
				"damage": 12,
				"effect_name": "slowness",
				"effect_duration": 2
			},
			"minecraft:variant": {
				"value": 3
       },
      "minecraft:loot": {
       "table": "loot_tables/eat/sun.json"
			},
			"minecraft:navigation.walk": {
				"avoid_water": true,
				"can_float": true,
				"can_open_doors": true,
				"can_pass_doors": true,
				"can_path_over_water": true
			},
			"minecraft:movement": {
				"value": 0
			},
			"minecraft:knockback_resistance": {
				"value": 1
			},
			"minecraft:movement.basic": {},
			"minecraft:jump.static": {},
			"minecraft:can_climb": {},
			"minecraft:scale": {
				"value": 1
			},
            "minecraft:damage_sensor": [
                {
                    "on_damage": {
                        "filters": {
                            "all_of": [
                                {
                                    "test": "has_equipment",
                                    "subject": "other",
                                    "domain": "hand",
                                    "value": "pvz:garden_shovel"
                                },
                                {
                                    "test": "is_family",
                                    "subject": "other",
                                    "value": "player"
                                }
                            ]
                        },
                        "event": "minecraft:event_shoveled"
                    },
                    "use_item": true,
                    "interact_text": "action.interact.place"
                },
                {
                    "on_damage": {
                        "filters": {
                            "test": "is_family",
                            "subject": "other",
                            "value": "villager"
                        }
                    },
                    "deals_damage": false
                }
            ],
			"minecraft:behavior.nearest_attackable_target": {
				"priority": 2,
				"within_radius": 80,
				"reselect_targets": true,
				"entity_types": [{
					"filters": {
						"any_of": [{
							"test": "is_family",
							"subject": "other",
							"value": "monster"
						}]
					},
					"max_dist": 80
				}],
				"must_see": true,
				"must_see_forget_duration": 17.0
			},
			"minecraft:behavior.ranged_attack": {
				"priority": 1,
				"attack_interval_min": 1,
				"attack_interval_max": 3,
				"attack_radius": 80
			},
			"minecraft:behavior.melee_attack": {
				"priority": 2,
				"target_dist": 1.2,
				"speed_multiplier": 2,
				"track_target": true
			},
			"minecraft:behavior.random_stroll": {
				"priority": 3,
				"speed_multiplier": 0
			},
			"minecraft:shooter": {
				"def": "pvz:melon"
			},
			"minecraft:behavior.look_at_player": {
				"priority": 0,
				"look_distance": 1
			},
			"minecraft:behavior.random_look_around": {
				"priority": 4
			},
			"minecraft:type_family": {
				"family": [
					"villager","player","plant"
				]
			},
			"minecraft:physics": {}
		},
        "events": {
            "minecraft:event_shoveled": {
                "add": {
                    "component_groups": [
                        "minecraft:shoveled"
                    ]
                }
            }
        }
    }
}