{
	"format_version": "1.8.0",
	"minecraft:entity": {
		"description": {
			"identifier": "pvz:peapod",
			"is_spawnable": true,
			"is_summonable": true,
			"is_experimental": false
		},
		"component_groups": {
			"minecraft:shoot": {
				"minecraft:spawn_entity": [{
            "ranged_fov": 100,
					"min_wait_time": 1,
					"max_wait_time": 1,
					"spawn_entity": "pvz:pea",
					"spawn_event": "minecraft:threepeater",
					"num_to_spawn": 5,
					"single_use": false
				}]
			},
			"minecraft:nonshoot": {}
		},
		"components": {
			"minecraft:target_nearby_sensor": {
				"inside_range": 12,
				"outside_range": 12,
				"must_see": true,
				"on_inside_range": {
					"event": "minecraft:shoot",
					"target": "self"
				},
				"on_outside_range": {
					"event": "minecraft:nonshoot",
					"target": "self"
				}
			},
			"minecraft:type_family": {
				"family": [
					"villager","player","plant"
				]
			},
			"minecraft:shooter": {
				"def": "pvz:pea",
				"count": 5
			},
			"minecraft:behavior.nearest_attackable_target": {
				"priority": 2,
				"within_radius": 80,
				"reselect_targets": true,
				"entity_types": [{
					"filters": {
						"any_of": [{
							"test": "is_family",
							"subject": "other",
							"value": "monster"
						}]
					},
					"max_dist": 80
				}],
				"must_see": true,
				"must_see_forget_duration": 17.0
			},
			"minecraft:behavior.ranged_attack": {
				"priority": 1,
          "ranged_fov": 100,
				"attack_interval_min": 1,
				"attack_interval_max": 2,
				"charge_charged_trigger": 0.0,
				"charge_shoot_trigger": 0.5,
				"attack_radius": 80
			},
			"minecraft:breathable": {
				"totalSupply": 15,
				"suffocateTime": 0
			},
			"minecraft:collision_box": {
				"width": 0.35,
				"height": 0.1
			},
			"minecraft:nameable": {},
			"minecraft:health": {
				"value": 20,
				"max": 20
			},
			"minecraft:movement": {
				"value": 0
			},
			"minecraft:knockback_resistance": {
				"value": 100
			},
			"minecraft:navigation.walk": {
				"can_path_over_water": false,
				"avoid_damage_blocks": true
			},
			"minecraft:movement.basic": {},
			"minecraft:can_climb": {},
			"minecraft:scale": {
				"value": 1.3
			},
      "minecraft:damage_sensor": [
        {
          "on_damage": {
            "filters": {
              "test": "is_family",
              "subject": "other",
              "value": "villager"
            }
          },
          "deals_damage": false
        }
      ],
			"minecraft:behavior.float": {
				"priority": 0
			},
			"minecraft:behavior.random_stroll": {
				"priority": 6,
				"speed_multiplier": 1.0
			},
			"minecraft:behavior.random_look_around":          {
				"priority": 8
			},
			"minecraft:push_through": {
				"value": 1
			},
			"minecraft:pushable": {
				"is_pushable": false,
				"is_pushable_by_piston": false
			},
			"minecraft:on_target_escape": {
				"event": "minecraft:nonshoot",
				"target": "self"
			},
			"minecraft:physics": {}
		},
		"events": {

			"minecraft:shoot": {
				"add": {
					"component_groups": [
						"minecraft:shoot"
					]
				},
				"remove": {
					"component_groups": [
						"minecraft:nonshoot"
					]
				}
			},
			"minecraft:nonshoot": {
				"add": {
					"component_groups": [
						"minecraft:nonshoot"
					]
				},
				"remove": {
					"component_groups": [
						"minecraft:shoot"
					]
				}
			}
		}
	}
}