{
  "format_version": "1.10.0",
  "minecraft:entity": {
    "description": {
      "identifier": "pvz:phatbeet",
      "is_spawnable": true,
      "is_summonable": true,
      "is_experimental": false
    },
    "component_groups": {
      "minecraft:phatbeet_calm": {
      },
      "minecraft:phatbeet_angry": {
        "minecraft:behavior.knockback_roar": {
          "duration": 0.1,
          "attack_time": 0.1,
          "cooldown_time": 1,
          "knockback_strength": 0,
          "knockback_damage": 3,
          "knockback_range": 3,
          "knockback_filters": {
            "all_of": [
              {
                "test": "is_family",
                "subject": "other",
                "value": "monster"
              }
            ]
          },
          "damage_filters": {
            "all_of": [
              {
                "test": "is_family",
                "subject": "other",
                "value": "monster"
              }
            ]
          }
        }
      },
                  "minecraft:shoveled": {
                  "minecraft:despawn": {
                }
            }
        },
    "components": {
        "minecraft:target_nearby_sensor": {
          "outside_range": 3.05,
          "inside_range": 3.05,
          "must_see": true,
          "on_outside_range": {
            "event": "minecraft:on_calm",
            "target": "self"
          },
          "on_inside_range": {
            "event": "minecraft:become_angry",
            "target": "self"
        }
      },
      "minecraft:damage_sensor": [
                {
                    "on_damage": {
                        "filters": {
                            "all_of": [
                                {
                                    "test": "has_equipment",
                                    "subject": "other",
                                    "domain": "hand",
                                    "value": "pvz:garden_shovel"
                                },
                                {
                                    "test": "is_family",
                                    "subject": "other",
                                    "value": "player"
                                }
                            ]
                        },
                        "event": "minecraft:event_shoveled"
                    },
                    "use_item": true,
                    "interact_text": "action.interact.place"
                },
                {
                    "on_damage": {
                        "filters": {
                            "test": "is_family",
                            "subject": "other",
                            "value": "villager"
                        }
                    },
                    "deals_damage": false
                }
            ], 
      "minecraft:type_family": {
        "family": [
          "plant", "villager"
        ]
      },    "minecraft:behavior.nearest_attackable_target": {
        "priority": 2,
        "within_radius": 3,
        "reselect_targets": true,
        "entity_types": [
          {
            "filters": {
              "any_of": [
                {
                  "test": "is_family",
                  "subject": "other",
                  "value": "monster"
                }
              ]
            },
            "max_dist": 3.15
          }
        ],
        "must_see": true
      },
      "minecraft:scale": {
        "value": 1
       },
            "minecraft:loot": {
                "table": "loot_tables/eat/sun.json"
      },
      "minecraft:breathable": {
        "totalSupply": 15,
        "suffocateTime": 0
      },
      "minecraft:collision_box": {
        "width": 0.6,
        "height": 0.1
      },
      "minecraft:nameable": {},
      "minecraft:health": {
        "value": 20,
        "max": 20
      },
      "minecraft:movement": {
        "value": 0
      },
      "minecraft:follow_range": {
        "value": 3.15,
        "max": 3.15
      },
      "minecraft:knockback_resistance": {
        "value": 100
      },
      "minecraft:navigation.walk": {
        "can_path_over_water": true,
        "avoid_damage_blocks": true
      },
      "minecraft:movement.basic": {}, 
      "minecraft:can_climb": {},
      "minecraft:behavior.float": {
        "priority": 0
      },
      "minecraft:behavior.random_stroll": {
        "priority": 6,
        "speed_multiplier": 1.0
      },
      "minecraft:behavior.random_look_around": {
        "priority": 8
      },
      "minecraft:push_through": {
      "value": 1
      },
      "minecraft:pushable": {
        "is_pushable": false,
        "is_pushable_by_piston": true
      },
      "minecraft:on_target_escape": {
        "event": "minecraft:on_calm",
        "target": "self"
      },
      "minecraft:physics": {}
    },
    "events": {
      "minecraft:entity_spawned": {
        "remove": {
        },
        "add": {
          "component_groups": [
            "minecraft:phatbeet_calm"
          ]
        }
      },
      "minecraft:become_angry": {
        "remove": {
          "component_groups": [
            "minecraft:phatbeet_calm"
          ]
        },
        "add": {
          "component_groups": [
            "minecraft:phatbeet_angry"
          ]
        }
      },
      "minecraft:on_calm": {
        "remove": {
          "component_groups": [
            "minecraft:phatbeet_angry"
          ]
        },
        "add": {
          "component_groups": [
            "minecraft:phatbeet_calm"
          ]
        }
      },
      "minecraft:event_shoveled": {
        "add": {
          "component_groups": [
            "minecraft:shoveled"
          ]
        }
      }
    }
  }
}