{
    "format_version": "1.16.0",
    "minecraft:entity": {
        "description": {
            "identifier": "pvz:plant_machine",
            "is_spawnable": true,
            "is_summonable": true,
            "is_experimental": false
        },
        "component_groups": {
            "trade_resupply_component_group": {
                "minecraft:timer": {
                    "looping": true,
                    "time": 0.1,
                    "time_down_event": {
                        "event": "farmer"
                    }
                },
                "minecraft:trade_resupply": {}
            },
            "farmer": {
                "minecraft:type_family": {
                    "family": [
                        "trader",
                        "producer",
                        "seed"
                    ]
                },
                "minecraft:timer": {
                    "looping": true,
                    "time": 5,
                    "time_down_event": {
                        "event": "minecraft:resupply_trades"
                    }
                },
                "minecraft:variant": {
                    "value": 1
                },
                "minecraft:behavior.trade_interest": {
                    "priority": 5,
                    "within_radius": 6,
                    "interest_time": 45,
                    "remove_item_time": 1,
                    "carried_item_switch_time": 2,
                    "cooldown": 2
                },
                "minecraft:economy_trade_table": {
                    "display_name": "Seed Producer",
                    "table": "trading\/plant_trades.json",
                    "new_screen": true,
                    "persist_trades": true
                }
            }
        },
        "components": {
            "minecraft:type_family": {
                "family": "villager"
            },
            "minecraft:scale": {
			          "value": 0.60
            },
		        "minecraft:knockback_resistance": {
				          "value": 1
            },
            "minecraft:breathable": {
                "totalSupply": 15,
                "suffocateTime": 0
            },
            "minecraft:health": {
                "value": 70,
                "max": 70
            },
            "minecraft:hide": {},
            "minecraft:collision_box": {
                "width": 1,
                "height": 1
            },
            "minecraft:nameable": {},
            "minecraft:movement": {
                "value": 0
            },
            "minecraft:navigation.walk": {
                "can_path_over_water": true,
                "can_pass_doors": false,
                "can_open_doors": false,
                "avoid_water": false
            },
            "minecraft:movement.basic": {},
            "minecraft:jump.static": {},
            "minecraft:behavior.float": {
                "priority": 1
            },
            "minecraft:behavior.panic": {
                "priority": 0,
                "speed_multiplier": 0
            },
            "minecraft:behavior.trade_with_player": {
                "priority": 2
            },
            "minecraft:behavior.avoid_mob_type": {
                "priority": 4,
                "entity_types": [
                    {
                        "filters": {
                            "test": "is_family",
                            "subject": "other",
                            "value": "monster"
                        },
                        "max_dist": 8
                    }
                ]
            },
            "minecraft:behavior.tempt": {
                "priority": 1,
                "items": [
                    "pvz:sun",
                    "pvz:coins"
                ]
            },
            "minecraft:behavior.look_at_trading_player": {
                "priority": 1
            },
            "minecraft:behavior.look_at_player": {
                "priority": 1,
                "look_distance": 8,
                "probability": 0
            },
            "minecraft:physics": {}
        },
        "events": {
      "minecraft:entity_spawned": {
        "add": {
          "component_groups": [
            "farmer"
          ]
        }
      },
      "farmer": {
        "add": {
          "component_groups": [
            "farmer"
          ]
        },
        "remove": {
          "component_groups": [
            "trade_resupply_component_group"
          ]
        }
      },
      "minecraft:resupply_trades": {
        "add": {
          "component_groups": [
            "trade_resupply_component_group"
          ]
        },
        "remove": {
          "component_groups": [
            "farmer"
          ]
        }
      }
    }
  }
}