{
  "format_version": "1.8.0",
  "minecraft:entity": {
    "description": {
      "scripts": {
        "animate": [
          "kill_puffball"
        ]
      },
      "animations": {
        "kill_puffball": "controller.animation.kill_puffball"
      },
      "identifier": "pvz:puff_ball",
      "is_spawnable": true,
      "is_summonable": true,
      "is_experimental": false
    },
    "component_groups": {
      "minecraft:shoveled": {
        "minecraft:equipment": {
          "table": "loot_tables/entities/sun.json"
        },
        "minecraft:transformation": {
          "into": "{}",
          "drop_equipment": true
        }
      },
      "minecraft:cancelled": {
      },
      "minecraft:freezing": {
        "minecraft:is_saddled": {
        }
      }
    },
    "components": {
        "minecraft:target_nearby_sensor": {
          "inside_range": 0.5,
          "outside_range": 0.5,
          "must_see": true,
          "on_inside_range": {
            "event": "minecraft:event_freezing",
            "target": "self"
          },
          "on_outside_range": {
            "event": "minecraft:stop_freezing",
            "target": "self"
          }
        },
      "minecraft:on_target_escape": {
        "event": "minecraft:stop_freezing",
        "target": "self"
      },
      "minecraft:damage_sensor": [
        {
          "on_damage": {
            "filters": {
              "all_of": [
                {
                  "test": "has_equipment",
                  "subject": "other",
                  "domain": "hand",
                  "value": "{}"
                },
                {
                  "test": "is_family",
                  "subject": "other",
                  "value": "player"
                }
              ]
            },
            "event": "minecraft:event_shoveled"
          }
        },
        {
          "on_damage": {
            "filters": {
              "test": "is_family",
              "subject": "other",
              "value": "villager"
            }
          },
          "deals_damage": false
        }
      ],
      "minecraft:behavior.swell": {
        "start_distance": 2.5,
        "stop_distance": 6.0,
        "priority": 2
      },
      "minecraft:type_family": {
        "family": [
          "plant",
          "villager"
        ]
      },
       "minecraft:behavior.nearest_attackable_target": {
        "priority": 2,
        "within_radius": 25,
        "reselect_targets": true,
        "entity_types": [
          {
            "filters": {
              "any_of": [
                {
                  "test": "is_family",
                  "subject": "other",
                  "value": "monster"
                }
              ]
            },
            "max_dist": 35
          }
        ],
        "must_see": true,
        "must_see_forget_duration": 17.0
      },
      "minecraft:push_through": {
        "value": 1
      },
      "minecraft:knockback_resistance": {
        "value": 100
      },
      "minecraft:health": {
        "value": 10,
        "max": 10
      },
      "minecraft:behavior.look_at_player": {
        "priority": 2,
        "look_distance": 1.0
      },
      "minecraft:behavior.random_look_around": {
        "priority": 3
      },
      "minecraft:behavior.melee_attack": {
        "priority": 4,
        "speed_multiplier": 1.25,
        "track_target": false
      },
      "minecraft:breathable": {
        "totalSupply": 15,
        "suffocateTime": 0
      },
      "minecraft:nameable": {},
      "minecraft:collision_box": {
        "width": 0.20,
        "height": 0.15
      },
      "minecraft:movement": {
        "value": 0
      },
      "minecraft:loot": {
        "table": "loot_tables/entities/empty.json"
      },
      "minecraft:navigation.walk": {
        "avoid_water": true
      },
      "minecraft:movement.basic": {},
      "minecraft:can_climb": {},
      "minecraft:fall_damage": {
        "value": 0.0
      },
      "minecraft:pushable": {
        "is_pushable": false,
        "is_pushable_by_piston": true
      },
      "minecraft:balloonable": {},
      "minecraft:physics": {}
    },
    "events": {
      "minecraft:event_shoveled": {
        "add": {
          "component_groups": [
            "minecraft:shoveled"
          ]
        }
      },
      "minecraft:entity_spawned": {
        "add": {
          "component_groups": [
            "minecraft:cancelled"
          ]
        }
      },
      "minecraft:event_freezing": {
        "add": {
          "component_groups": [
            "minecraft:freezing"
          ]
        },
        "remove": {
          "component_groups": [
            "minecraft:cancelled"
          ]
        }
      },
      "minecraft:stop_freezing": {
        "add": {
          "component_groups": [
            "minecraft:cancelled"
          ]
        },
        "remove": {
          "component_groups": [
            "minecraft:freezing"
          ]
        }
      }
    }
  }
}