{
	"format_version": "1.8.0",
	"minecraft:entity": {
		"description": {
			"identifier": "pvz:scaredyshroom",
			"is_spawnable": true,
			"is_summonable": true,
			"is_experimental": false
		},
		"component_groups": {
			"minecraft:scared": {
				"minecraft:is_baby": {},
				"minecraft:variant": {
					"value": 1
				},
				"minecraft:target_nearby_sensor": {
					"outside_range": 2.5,
					"must_see": true,
					"on_outside_range": {
						"event": "minecraft:nonscared",
						"target": "self"
					}
				}
			},
			"minecraft:nonscared": {
				"minecraft:variant": {
					"value": 0
				},
				"minecraft:shooter": {
					"def": "pvz:fume_bubble"
				},
				"minecraft:behavior.ranged_attack": {
					"priority": 1,
					"attack_interval_min": 1,
					"attack_interval_max": 2,
					"charge_charged_trigger": 0.0,
					"charge_shoot_trigger": 1,
					"attack_radius": 80,
					"burst_shots": 1,
					"burst_interval": 0.0
				},
				"minecraft:target_nearby_sensor": {
					"inside_range": 2.5,
					"must_see": true,
					"on_inside_range": {
						"event": "minecraft:scared",
						"target": "self"
					}
				}
			}
		},
		"components": {
			"minecraft:damage_sensor": [{
				"on_damage": {
					"filters": {
						"test": "is_family",
						"subject": "other",
						"value": "villager"
					}
				},
				"deals_damage": false
			}],
			"minecraft:type_family": {
				"family": [
					"player","villager","player"
				]
			},
			"minecraft:behavior.nearest_attackable_target": {
				"priority": 2,
				"within_radius": 25,
				"reselect_targets": true,
				"entity_types": [{
					"filters": {
						"any_of": [{
							"test": "is_family",
							"subject": "other",
							"value": "monster"
						}]
					},
					"max_dist": 35
				}],
				"must_see": true,
				"must_see_forget_duration": 17.0
			},
			"minecraft:scale": {
				"value": 0.6
			},
			"minecraft:breathable": {
				"totalSupply": 15,
				"suffocateTime": 0
			},
			"minecraft:collision_box": {
				"width": 0.6,
				"height": 0.05
			},
			"minecraft:nameable": {},
			"minecraft:health": {
				"value": 10,
				"max": 10
			},
			"minecraft:movement": {
				"value": 0
     },
            "minecraft:loot": {
                "table": "loot_tables/eat/sun.json"
			},
			"minecraft:knockback_resistance": {
				"value": 100
			},
			"minecraft:navigation.walk": {
				"can_path_over_water": true,
				"avoid_damage_blocks": true
			},
			"minecraft:movement.basic": {},
			"minecraft:can_climb": {},
			"minecraft:behavior.float": {
				"priority": 0
			},
			"minecraft:behavior.random_stroll": {
				"priority": 6,
				"speed_multiplier": 1.0
			},
			"minecraft:behavior.random_look_around": {
				"priority": 8
			},
			"minecraft:push_through": {
				"value": 1
			},
			"minecraft:pushable": {
				"is_pushable": false,
				"is_pushable_by_piston": true
			},
			"minecraft:physics": {}
		},
		"events": {
			"minecraft:entity_spawned": {
				"add": {
					"component_groups": [
						"minecraft:nonscared"
					]
				}
			},
			"minecraft:scared": {
				"add": {
					"component_groups": [
						"minecraft:scared"
					]
				},
				"remove": {
					"component_groups": [
						"minecraft:nonscared"
					]
				}
			},
			"minecraft:nonscared": {
				"add": {
					"component_groups": [
						"minecraft:nonscared"
					]
				},
				"remove": {
					"component_groups": [
						"minecraft:scared"
					]
				}
			}
		}
	}
}