{
  "format_version": "1.8.0",
  "minecraft:entity": {
    "description": {
      "identifier": "pvz:snappea",
      "is_spawnable": false,
      "is_summonable": true,
      "is_experimental": false
        },
        "component_groups": {
                  "minecraft:shoveled": {
                  "minecraft:despawn": {
                }
            }
        },
      "minecraft:melee": {
        "minecraft:behavior.melee_attack": {
          "priority": 1,
          "target_dist": 1.5,
          "track_target": true
        }
      },
      "minecraft:ranged": {
        "minecraft:behavior.ranged_attack": {
          "priority": 1,
          "attack_interval": 1,
          "attack_radius": 50
        }
      }
    },
    "components": {
      "minecraft:interact": {
        "on_interact": {
          "filters": {
            "all_of": [
              {
                "test": "has_equipment",
                "subject": "other",
                "domain": "hand",
                "value": "()"
              },
              {
                "test": "is_family",
                "subject": "other",
                "value": "player"
              }
            ]
          },
          "event": "minecraft:event_shoveled"
        },
        "use_item": true,
        "interact_text": "()"
      },
      "minecraft:type_family": {
        "family": [
          "villager",
          "freeze",
          "player"
        ]
      },
      "minecraft:push_through": {
        "value": 1
      },
      "minecraft:knockback_resistance": {
        "value": 1.0
      },
      "minecraft:health": {
        "value": 40,
        "max": 40
      },
      "minecraft:attack": {
        "damage": 70,
        "effect_name": "[]",
        "effect_duration": 10
      },
      "minecraft:target_nearby_sensor": {
        "inside_range": 1.5,
        "outside_range": 2,
        "on_inside_range": {
          "event": "minecraft:event_melee",
          "target": "self"
        },
        "on_outside_range": {
          "event": "minecraft:event_range",
          "target": "self"
        }
      },
      "minecraft:shooter": {
        "def": "pvz:pea"
      },
      "minecraft:behavior.look_at_player": {
        "priority": 3,
        "look_distance": 6.0
      },
      "minecraft:behavior.random_look_around": {
        "priority": 4
      },
      "minecraft:behavior.nearest_attackable_target": {
        "priority": 1,
        "entity_types": [
          {
            "filters": {
              "test": "is_family",
              "subject": "other",
              "value": "monster"
            },
            "max_dist": 10
          }
        ],
        "must_reach": true,
        "must_see": true,
        "reselect_targets": true
      },
      "minecraft:damage_sensor": [
        {
          "on_damage": {
            "filters": {
              "test": "is_family",
              "subject": "other",
              "value": "plant_projectile"
            }
          },
          "deals_damage": false
        }
      ],
      "minecraft:breathable": {
        "totalSupply": 15,
        "suffocateTime": 0
      },
      "minecraft:nameable": {},
      "minecraft:collision_box": {
        "width": 0.75,
        "height": 1.25
      },
      "minecraft:movement": {
        "value": 0
      },
      "minecraft:navigation.walk": {
        "avoid_water": true
      },
      "minecraft:movement.basic": {},
      "minecraft:jump.static": {},
      "minecraft:can_climb": {},
      "minecraft:fall_damage": {
        "value": 0.0
      },
      "minecraft:balloonable": {},
      "minecraft:physics": {}
    },
    "events": {
      "minecraft:entity_spawned": {
        "add": {
          "component_groups": [
            "minecraft:ranged"
          ]
        }
      },
      "minecraft:event_shoveled": {
        "add": {
          "component_groups": [
            "minecraft:shoveled"
          ]
        }
      },
      "minecraft:event_melee": {
        "add": {
          "component_groups": [
            "minecraft:melee"
          ]
        },
        "remove": {
          "component_groups": [
            "minecraft:ranged"
          ]
        }
      },
      "minecraft:event_ranged": {
        "add": {
          "component_groups": [
            "minecraft:ranged"
          ]
        },
        "remove": {
          "component_groups": [
            "minecraft:melee"
          ]
        }
      }
    }
  }
}