{
	"format_version": "1.8.0",
	"minecraft:entity": {
		"description": {
			"identifier": "pvz:wasabi_whip",
			"is_spawnable": true,
			"is_summonable": true,
			"is_experimental": false
        },
        "component_groups": {
                  "minecraft:shoveled": {
                  "minecraft:despawn": {
                }
            }
        },
		"components": {
			"minecraft:navigation.walk": {
				"avoid_water": true,
				"can_float": true,
				"can_open_doors": true,
				"can_pass_doors": true,
				"can_path_over_water": true
			},
			"minecraft:nameable": {},
			"minecraft:breathable": {
				"totalSupply": 15,
				"suffocateTime": 0,
				"breathesWater": false
			},
			"minecraft:health": {
				"value": 20,
				"max": 30
     },
            "minecraft:loot": {
                "table": "loot_tables/eat/sun.json"
			},
      "minecraft:pushable": {
        "is_pushable": false,
        "is_pushable_by_piston": false
       },
			"minecraft:collision_box": {
				"width": 0.45,
				"height": 1.8
			},
			"minecraft:spell_effects": {
				"add_effects": [
					{
						"effect": "regeneration",
						"amplifier": 50,
						"visible": false,
						"duration": 3
					}
				]
			},
			"minecraft:attack": {
				"damage": 7,
				"effect_name": "wither",
				"effect_duration": 2
			},
			"minecraft:variant": {
				"value": 3
			},
			"minecraft:movement": {
				"value": 0
			},
			"minecraft:knockback_resistance": {
				"value": 1
			},
			"minecraft:movement.basic": {},
			"minecraft:jump.static": {},
			"minecraft:can_climb": {},
			"minecraft:scale": {
				"value": 1
			},
			"minecraft:fire_immune": false,
			"minecraft:behavior.hurt_by_target": {
				"priority": 1
			},
"minecraft:damage_sensor": [
                {
                    "on_damage": {
                        "filters": {
                            "all_of": [
                                {
                                    "test": "has_equipment",
                                    "subject": "other",
                                    "domain": "hand",
                                    "value": "pvz:garden_shovel"
                                },
                                {
                                    "test": "is_family",
                                    "subject": "other",
                                    "value": "player"
                                }
                            ]
                        },
                        "event": "minecraft:event_shoveled"
                    },
                    "use_item": true,
                    "interact_text": "action.interact.place"
                },
                {
                    "on_damage": {
                        "filters": {
                            "test": "is_family",
                            "subject": "other",
                            "value": "villager"
                        }
                    },
                    "deals_damage": false
                }
            ],
			"minecraft:behavior.nearest_attackable_target": {
				"priority": 1,
				"reselect_targets": true,
				"entity_types": [
					{
						"filters": {
							"test": "is_family",
							"subject": "other",
							"value": "monster"
						},
						"max_dist": 50
					},
					{
						"filters": {
							"test": "is_family",
							"subject": "other",
							"value": "undead"
						},
						"max_dist": 50
					},
					{
						"filters": {
							"test": "is_family",
							"subject": "other",
							"value": "enderman"
						},
						"max_dist": 70
					},
					{
						"filters": {
							"test": "is_family",
							"subject": "other",
							"value": "vindicator"
						},
						"max_dist": 50
					},
					{
						"filters": {
							"test": "is_family",
							"subject": "other",
							"value": "creeper"
						},
						"max_dist": 50
					},
					{
						"filters": {
							"test": "is_family",
							"subject": "other",
							"value": "illager"
						},
						"max_dist": 50
					},
					{
						"filters": {
							"test": "is_family",
							"subject": "other",
							"value": "pillager"
						},
						"max_dist": 50
					}
				],
				"must_see": false
			},
			"minecraft:behavior.melee_attack": {
				"priority": 2,
				"target_dist": 3,
				"speed_multiplier": 2,
				"track_target": true
			},
			"minecraft:behavior.random_stroll": {
				"priority": 3,
				"speed_multiplier": 1.2
			},
			"minecraft:behavior.look_at_player": {
				"priority": 7,
				"look_distance": 70
			},
			"minecraft:behavior.random_look_around": {
				"priority": 4
			},
			"minecraft:type_family": {
				"family": [
					"player","plant"
				]
			},
			"minecraft:physics": {}
		},
        "events": {
            "minecraft:event_shoveled": {
                "add": {
                    "component_groups": [
                        "minecraft:shoveled"
                    ]
                }
            }
        }
    }
}