{
  "format_version": "1.10.0",
  "minecraft:client_entity": {
    "description": {
      "identifier": "gw:snow",
      "materials": {
        "default": "slime"
      },
      "textures": {
        "default": "textures/entities/iceberg_lettuce"
      },
      "geometry": {
        "default": "geometry.bullet"
      },
      "animations": {
        "move": "animation.spikes.move"
      },
      "scripts": {
        "animate": [
          "move"
        ]
      },
      "render_controllers": [ "controller.render.projectile" ]
    }
  }
}
