{
    "format_version": "1.8.0",
    "minecraft:entity": {
        "description": {
            "identifier": "gw:chomper_bot",
            "is_spawnable": true,
            "is_summonable": true,
            "is_experimental": false
        },
        "component_groups": {
            "null": {},
            "null": {
                "minecraft:despawn": {}
            },
            "minecraft:eating_process": {
                "minecraft:variant": {
                    "value": 1.3
                },
                "minecraft:timer": {
                    "looping": true,
                    "time": 1,
                    "time_down_event": {
                        "event": "ready"
                    }
                }
            },
            "minecraft:ready": {
                "minecraft:variant": {
                    "value": 0
                },
                "minecraft:attack": {
                    "damage": 10
                },
                "minecraft:behavior.melee_attack": {
                    "priority": 4,
                    "track_target": false,
                    "attack_once": true,
                    "on_attack": {
                        "event": "eating",
                        "target": "self"
                    }
                }
            }
        },
        "components": {
            "minecraft:behavior.nearest_attackable_target": {
                "priority": 1,
                "within_radius": 25,
                "reselect_targets": true,
                "entity_types": [
                    {
                        "filters": {
                            "any_of": [
                                {
                                    "test": "is_family",
                                    "subject": "other",
                                    "value": "monster"
                                }
                            ]
                        },
                        "max_dist": 35
                    }
                ],
                "must_see": true,
                "must_see_forget_duration": 17
            },
            "minecraft:type_family": {
                "family": [
                    "villager",
                    "plants"
                ]
            },
            "minecraft:scale": {
                "value": 0.60
            },
            "minecraft:breathable": {
                "totalSupply": 15,
                "suffocateTime": 0
            },
            "minecraft:collision_box": {
                "width": 0.6,
                "height": 0.425
            },
            "minecraft:nameable": {},
            "minecraft:health": {
                "value": 70,
                "max": 70
            },
            "minecraft:movement": {
                "value": 0.24
            },
            "minecraft:knockback_resistance": {
                "value": 100
            },
            "minecraft:navigation.walk": {
                "can_path_over_water": true,
                "avoid_damage_blocks": true
            },
            "minecraft:damage_sensor": [
                {
                    "on_damage": {
                        "filters": {
                            "all_of": [
                                {
                                    "test": "has_equipment",
                                    "subject": "other",
                                    "domain": "hand",
                                    "value": "classic:shovel"
                                },
                                {
                                    "test": "is_family",
                                    "subject": "other",
                                    "value": "player"
                                }
                            ]
                        },
                        "event": "minecraft:event_shoveled"
                    }
                },
                {
                    "on_damage": {
                        "filters": {
                            "test": "is_family",
                            "subject": "other",
                            "value": "villager"
                        }
                    },
                    "deals_damage": false
                }
            ],
            "minecraft:movement.basic": {},
            "minecraft:can_climb": {},
            "minecraft:behavior.float": {
                "priority": 0
            },
            "minecraft:behavior.random_stroll": {
                "priority": 6,
                "speed_multiplier": 1
            },
            "minecraft:behavior.random_look_around": {
                "priority": 8
            },
            "minecraft:push_through": {
                "value": 1
            },
            "minecraft:pushable": {
                "is_pushable": false,
                "is_pushable_by_piston": true
            },
            "minecraft:physics": {}
        },
        "events": {
            "null": {},
            "minecraft:entity_spawned": {
                "add": {
                    "component_groups": [
                        "minecraft:ready"
                    ]
                }
            },
            "eating": {
                "add": {
                    "component_groups": [
                        "minecraft:eating_process"
                    ]
                },
                "remove": {
                    "component_groups": [
                        "minecraft:ready"
                    ]
                }
            },
            "ready": {
                "add": {
                    "component_groups": [
                        "minecraft:ready"
                    ]
                },
                "remove": {
                    "component_groups": [
                        "minecraft:eating_process"
                    ]
                }
            },
            "minecraft:event_null": {
                "add": {
                    "component_groups": [
                        "null"
                    ]
                }
            }
        }
    }
}