{
  "format_version": "1.10.0",
  "minecraft:client_entity": {
    "description": {
      "identifier": "gw:cactus_bot",
      "materials": { "default": "tank" },
      "textures": {
        "default": "textures/entities/cactus"
      },
      "geometry": {
        "default": "geometry.cactus"
      },
      "animations": {
        "idle": "animation.cactus.idle",
        "move": "animation.cactus.walk"
      },
      "scripts": {
        "animate": [       
          { "move": "query.modified_move_speed" },
		  "idle"
        ]
      },	  
      "render_controllers": [ "controller.render.tank" ],
      "spawn_egg": {
        "texture": "cactus",
        "texture_index": 4
      }
    }
  }
}