{
  "format_version": "1.10.0",
  "minecraft:client_entity": {
    "description": {
      "identifier": "gw:peashooter_bot",
      "materials": { "default": "tank" },
      "textures": {
        "default": "textures/entities/peashooter"
      },
      "geometry": {
        "default": "geometry.peashooter"
      },
      "animations": {
        "idle": "animation.peashooter.idle",
        "walk": "animation.peashooter.move"
      },
      "scripts": {
        "animate": [       
          { "walk": "query.modified_move_speed" },
		            {"idle": "query.variant == 0"}
        ]
      },	  
      "render_controllers": [ "controller.render.tank" ],
      "spawn_egg": {
        "texture": "peashooter",
        "texture_index": 5
      }
    }
  }
}