{
	"format_version": "1.10.0",
	"particle_effect": {
		"description": {
			"identifier": "pvz:doom_explode",
			"basic_render_parameters": {
				"material": "particles_alpha",
				"texture": "textures/entity/doom_explode"
			}
		},
		"components": {
			"minecraft:emitter_rate_instant": {
				"num_particles": 5
		   },
			"minecraft:emitter_rate_steady": {
				"spawn_rate": 100,
				"max_particles": 100
			},
			"minecraft:emitter_lifetime_once": {
				"active_time": 3
			},
			"minecraft:emitter_shape_point": {
				"direction": [0, 1, 0]
			},
			"minecraft:particle_lifetime_expression": {
				"max_lifetime": 1
			},
			"minecraft:particle_initial_speed": 1,
			"minecraft:particle_motion_dynamic": {
				"linear_acceleration": [0, 5, 0]
			},
			"minecraft:particle_appearance_billboard": {
				"size": [2, 2],
				"facing_camera_mode": "rotate_xyz",
				"uv": {
					"texture_width": 276,
					"texture_height": 314,
					"uv": [0, 0],
					"uv_size": [276, 314]
				}
			}
		}
	}
}