{
  "format_version": "1.16.0",
  "minecraft:entity": {
    "description": {
      "identifier": "gw:pea",
      "is_spawnable": false,
      "is_summonable": true,
      "is_experimental": false,
      "runtime_identifier": "minecraft:snowball"
    },
    "component_groups": {
      "despawn": {
        "minecraft:despawn": {}
      },
      "snow": {
        "minecraft:variant": {
          "value": 1
        }, 
        "minecraft:projectile": {
          "onHit": {
            "impact_damage": {
              "filter": "monster",
              "damage": 30,
              "knockback": true,
              "semirandomdiffdamage": false,
              "destroyonhit": true
            },
            "mob_effect": {
              "effect": "wither",
              "durationeasy": 100,
              "durationnormal": 90,
              "durationhard": 80,
              "amplifier": 2
            },
            "remove_on_hit": {}
          },
          "power": 3,
          "destroyOnHurt": true,
          "critParticleOnHurt": true,
          "gravity": 0.0,
          "anchor": 1,
          "offset": [
            0,
            2,
            0
          ]
        }
      }
    },
    "components": {
      "minecraft:variant": {
        "value": 0
      }, 
      "minecraft:type_family": {
        "family": [
          "player"
        ]
      },
      "minecraft:collision_box": {
        "width": 0.40,
        "height": 0.40
      },
      "minecraft:projectile": {
        "onHit": {
          "impact_damage": {
            "filter": "monster",
            "damage": 40,
            "knockback": true,
            "semirandomdiffdamage": false,
            "destroyonhit": true
          },
          "remove_on_hit": {
          },
          "particle_on_hit": {
            "particle_type": "snowballpoof",
            "num_particles": 10,
            "on_entity_hit": true,
            "on_other_hit": true
          }
        },
        "power": 3,
        "gravity": 0.,
        "anchor": 1,
        "offset": [
          0,
          2,
          0
        ]
      },
      "minecraft:damage_sensor": [
        {
          "on_damage": {
            "filters": {
              "test": "is_family",
              "subject": "other",
              "value": "player"
            }
          },
          "deals_damage": false
        }
      ],
      "minecraft:physics": {},
      "minecraft:timer": {
        "looping": false,
        "time": 4,
        "time_down_event": {
          "event": "minecraft:despawn_event"
        }
      }
    },
    "events": {
      "minecraft:despawn_event": {
        "add": {
          "component_groups": [
            "despawn"
          ]
        }
      },
      "minecraft:entity_spawned": {
        "sequence": [
          {
            "filters": {
              "test": "is_family",
              "subject": "other",
              "value": "freeze"
            },
            "add": {
              "component_groups": [
                "cactus"
              ]
            }
          }
        ]
      }
    }
  }
}