{
	"format_version": "1.8.0",
	"animations": {
		"animation.cattail.idle": {
       "loop": true,
			"animation_length": 1.8,
			"bones": {
				"head": {
					"rotation": {
						"0.0": [0, 0, 0],
						"0.6": [0, 0, 10],
						"1.2": [0, 0, -5],
						"1.8": [0, 0, 5]
					},
					"position": {
						"0.0": [0, 0, 0],
						"0.6": [0, 0, 0]
					}
				},
				"tail": {
					"rotation": {
						"0.0": [0, 0, 0],
						"0.6": [0, 0, 10],
						"1.2": [0, 0, 0],
						"1.8": [0, 0, 5]
					},
					"position": {
						"0.0": [0, 0, 0],
						"0.6": [0, 0, 0]
					},
					"scale": {
						"0.0": [1, 1, 1],
						"0.6": [1, 1.1, 1],
						"1.2": [1, 0.9, 1],
						"1.8": [1, 1, 1]
					}
				},
				"leaves": {
					"rotation": {
						"0.0": [0, 0, 0],
						"0.6": [0, 0, 5],
						"1.2": [0, 0, -5],
						"1.8": [0, 0, 5]
					},
					"position": {
						"0.0": [0, 0, 0],
						"0.6": [0, 0, 0]
					}
				}
			}
		}
	}
}