{
	"format_version": "1.8.0",
	"animations": {
		"animation.chomper.idle": {
			"loop": true,
			"animation_length": 1.2,
			"bones": {
				"chomper": {
					"rotation": {
						"0.0": [0, 0, 0],
						"0.44": [0, 0, 10],
						"0.8": [0, 0, -5],
						"1.2": [0, 0, 0]
					},
					"position": {
						"0.0": [0, 0, 0],
						"0.56": [0, -0.25, 0],
						"1.2": [0, 0, 0]
					}
				},
				"stem": {
					"rotation": {
						"0.0": [0, 0, 0],
						"0.4": [0, 0, 5],
						"0.8": [0, 0, -5],
						"1.2": [0, 0, 0]
					}
				},
				"stem2": {
					"rotation": {
						"0.0": [0, 0, 0],
						"0.44": [-5, 0, -5],
						"0.84": [5, 0, -5],
						"1.2": [0, 0, 0]
					}
				},
				"stem3": {
					"rotation": {
						"0.0": [0, 0, 0],
						"0.44": [0, 0, -5],
						"0.8": [0, 0, 17.37],
						"1.2": [0, 0, 0]
					}
				},
				"stem4": {
					"rotation": {
						"0.0": [0, 0, 0],
						"0.28": [-10, 0, 0],
						"0.4": [-10, 0, 0],
						"0.72": [9, 0, 0],
						"0.84": [9, 0, 0],
						"1.2": [0, 0, 0]
					}
				},
				"lower": {
					"rotation": {
						"0.0": [0, 0, 0],
						"0.52": [0, 0, 10],
						"0.8": [0, 0, -15.36],
						"1.2": [0, 0, 0]
					}
				},
				"tongue": {
					"rotation": {
						"0.0": [0, 0, 0],
						"0.44": [0, 0, 15],
						"0.84": [0, 0, 5],
						"1.2": [0, 0, 0]
					}
				},
				"upperleaves": {
					"rotation": [0, 0, 0]
				},
				"leaf2": {
					"rotation": [0, 0, 0]
				}
			}
		},
		"animation.chomper.attack": {
			"animation_length": 2.64,
			"bones": {
				"chomper": {
					"rotation": {
						"0.0": [0, 0, 0],
						"0.64": [0, 0, 0]
					},
					"position": {
						"0.0": [0, 0, 0],
						"0.64": [0, 0, 0]
					}
				},
				"stem": {
					"rotation": {
						"0.0": [0, 0, 0],
						"0.32": [0, 0, 40],
						"0.64": [0, 0, 0]
					},
					"position": [-1, 0, 0]
				},
				"stem1": {
					"rotation": [0, 0, -5]
				},
				"stem2": {
					"rotation": {
						"0.0": [0, 0, 0],
						"0.64": [0, 0, 0]
					}
				},
				"stem3": {
					"rotation": {
						"0.0": [0, 0, 0],
						"0.32": [0, 0, 45],
						"0.64": [0, 0, 0]
					}
				},
				"stem4": {
					"rotation": {
						"0.0": [0, 0, 0],
						"0.32": [0, 0, -80],
						"0.64": [0, 0, 0]
					}
				},
				"stem5": {
					"rotation": [0, 0, 15]
				},
				"lower": {
					"rotation": {
						"0.0": [0, 0, 0],
						"0.32": [0, 0, -20],
						"0.56": [0, 0, -15],
						"0.76": [0, 0, -7.5],
						"0.92": [0, 0, -27.5],
						"1.08": [0, 0, -17.5],
						"1.2": [0, 0, -25],
						"1.32": [0, 0, -17.5],
						"1.44": [0, 0, -25],
						"1.52": [0, 0, -15],
						"1.6": [0, 0, -22.5],
						"1.64": [0, 0, -15],
						"1.72": [0, 0, -27.5],
						"1.84": [0, 0, -15],
						"1.96": [0, 0, -25],
						"2.08": [0, 0, -17.5],
						"2.2": [0, 0, -27.5],
						"2.32": [0, 0, -2.5],
						"2.4": [0, 0, -25],
						"2.48": [0, 0, -15]
					}
				},
				"tongue": {
					"rotation": {
						"0.0": [0, 0, 0],
						"0.64": [0, 0, 0]
					}
				},
				"upperleaves": {
					"rotation": {
						"0.0": [0, 0, 0],
						"0.64": [0, 0, 0]
					}
				},
				"leaf2": {
					"rotation": {
						"0.0": [0, 0, 0],
						"0.64": [0, 0, 0]
					}
				},
				"upper": {
					"rotation": {
						"0.76": [0, 0, -7.5],
						"0.92": [0, 0, -2.5],
						"1.08": [0, 0, -12.5],
						"1.2": [0, 0, -5],
						"1.32": [0, 0, -7.5],
						"1.44": [0, 0, -2.5],
						"1.52": [0, 0, -10],
						"1.6": [0, 0, 0],
						"1.64": [0, 0, -10],
						"1.72": [0, 0, -2.5],
						"1.84": [0, 0, -10],
						"1.96": [0, 0, -2.5],
						"2.08": [0, 0, -10],
						"2.2": [0, 0, 0],
						"2.32": [0, 0, -10],
						"2.4": [0, 0, 0],
						"2.48": [0, 0, -10]
					}
				}
			}
		}
	}
}