{
	"format_version": "1.8.0",
	"animations": {
		"animation.gatling_peashooter.idle": {
			"loop": true,
			"animation_length": 2,
			"bones": {
				"leaves": {
					"rotation": {
						"0.0": [0, 0, 0],
						"0.4": [0, 0, 10],
						"0.8": [0, 0, -5],
						"1.2": [0, 0, 10],
						"1.6": [0, 0, -5],
						"2.0": [0, 0, 0]
					},
					"position": [0, 0, 0],
					"scale": 1
				},
				"stem": {
					"rotation": {
						"0.0": [0, 0, 0],
						"0.4": [10, 0, 0],
						"0.8": [-15, 0, 0],
						"1.2": [5, 0, 0],
						"1.6": [-15, 0, 0],
						"2.0": [2.5, 0, 0]
					}
				},
				"head": {
					"rotation": {
						"0.0": [0, 0, 0],
						"0.4": [5, 0, 0],
						"0.8": [-10, 0, 0],
						"1.2": [0, 0, 0],
						"1.6": [-5, 0, 0],
						"2.0": [0, 0, 0]
					},
					"position": {
						"0.0": [0, 0, 0],
						"0.4": [0, 0, -1],
						"0.8": [0, 0, 1],
						"1.2": [0, 0, -1],
						"1.6": [0, 0, 2],
						"2.0": [0, 0, 0]
					}
				}
			}
		},
		"animation.gatling_peashooter.attack": {
			"animation_length": 1.8,
			"bones": {
				"leaves": {
					"rotation": {
						"0.0": [0, 0, 0],
						"0.6": [-5, 0, 0],
						"1.1167": [10, 0, 0],
						"1.8": [5, 0, 0]
					},
					"position": [0, 0, 0],
					"scale": {
						"0.0": [1, 1, 1],
						"0.6": [1, 1, 0.9]
					}
				},
				"stem": {
					"rotation": {
						"0.0": [0, 0, 0],
						"0.6": [-5, 0, 0],
						"1.1167": [20, 0, 0],
						"1.8": [0, 0, 0]
					},
					"position": [0, 0, 0],
					"scale": {
						"0.0": [1, 1, 1],
						"1.1167": [1, 1.1, 1],
						"1.8": [1, 1, 1]
					}
				},
				"head": {
					"rotation": {
						"0.0": [0, 0, 0],
						"0.6": [-10, 0, 0],
						"1.1167": [-10, 0, 0],
						"1.8": [0, 0, 0]
					},
					"position": {
						"0.0": [0, 0, 0],
						"0.6": [0, 0, 1],
						"1.1167": [0, 0, -2],
						"1.8": [0, 0, 0]
					},
					"scale": 1
				},
				"snout": {
					"rotation": [0, 0, 0],
					"position": [0, 0, 0],
					"scale": {
						"0.0": [1, 1, 1],
						"0.6": [1, 1, 0.8],
						"1.1167": [1, 1, 1.4],
						"1.8": [1, 1, 1.3]
					}
				}
			}
		}
	}
}