{
	"format_version": "1.10.0",
	"minecraft:client_entity": {
		"description": {
			"identifier": "pvz:bonk_choy",
			"materials": {
				"default": "villager_v2"
			},
			"textures": {
				"default": "textures/entity/bonk_choy"
			},
			"geometry": {
				"default": "geometry.bonk_choy"
			},
			"render_controllers": [
				"controller.render.default"
			],
			"spawn_egg": {
        "texture": "bonk_choy",
        "texture_index": 24
			},
			"scripts": {
				"animate": [
					"general"
				]
			},
			"animations": {
				"general": "controller.animation.bonk_choy.general",
				"idle": "animation.bonk_choy.idle",
				"attack": "animation.bonk_choy.attack"
			}
		}
	}
}