{
	"format_version": "1.10.0",
	"minecraft:client_entity": {
		"description": {
			"identifier": "pvz:cattail",
			"materials": {
				"default": "villager_v2"
			},
			"textures": {
				"default": "textures/entity/cattail"
			},
			"geometry": {
				"default": "geometry.cattail"
			},
			"render_controllers": [
				"controller.render.default"
			],
			"spawn_egg": {
        "texture": "cattail",
        "texture_index": 6
			},
			"scripts": {
				"animate": [
					"general"
				]
			},
			"animations": {
				"general": "controller.animation.cattail.general",
				"idle": "animation.cattail.idle",
				"attack": "animation.cattail.attack"
			}
		}
	}
}