{
	"format_version": "1.10.0",
	"minecraft:client_entity": {
		"description": {
			"identifier": "pvz:chomper",
			"materials": {
				"default": "villager_v2"
			},
			"textures": {
				"default": "textures/entity/chomper"
			},
			"geometry": {
				"default": "geometry.chomper"
			},
			"render_controllers": [
				"controller.render.default"
			],
			"spawn_egg": {
        "texture": "chomper",
        "texture_index": 33
			},
			"scripts": {
				"animate": [
					"general"
				]
			},
			"animations": {
				"general": "controller.animation.chomper.general",
				"idle": "animation.chomper.idle",
				"attack": "animation.chomper.attack"
			}
		}
	}
}