{
	"format_version": "1.10.0",
	"minecraft:client_entity": {
		"description": {
			"identifier": "pvz:fumeshroom",
			"materials": {
				"default": "villager_v2"
			},
			"textures": {
				"default": "textures/entity/fumeshroom"
			},
			"geometry": {
				"default": "geometry.fumeshroom"
			},
			"render_controllers": [
				"controller.render.default"
			],
			"spawn_egg": {
        "texture": "fumeshroom",
        "texture_index": 22
			},
			"scripts": {
				"animate": [
					"general"
				]
			},
			"animations": {
				"general": "controller.animation.fumeshroom.general",
				"idle": "animation.fumeshroom.idle",
          "attack": "animation.fumeshroom.attack"
			}
		}
	}
}