{
	"format_version": "1.10.0",
	"minecraft:client_entity": {
		"description": {
			"identifier": "pvz:pumpkin",
			"materials": {
				"default": "villager_v2"
			},
			"textures": {
				"default": "textures/entity/pumpkin"
			},
			"geometry": {
				"default": "geometry.pumpkin"
			},
			"render_controllers": [
				"controller.render.default"
			],
			"spawn_egg": {
        "texture": "pumpkin",
        "texture_index": 36
			},
			"scripts": {
				"animate": [
					"general"
				]
			},
			"animations": {
				"general": "controller.animation.pumpkin.general",
				"idle": "animation.pumpkin.idle",
				"attack": "animation.pumpkin.idle"
			}
		}
	}
}