{
	"format_version": "1.10.0",
	"minecraft:client_entity": {
		"description": {
			"identifier": "pvz:squash",
			"materials": {
				"default": "villager_v2"
			},
			"textures": {
				"default": "textures/entity/squash"
			},
			"geometry": {
				"default": "geometry.squash"
			},
			"render_controllers": [
				"controller.render.default"
			],
			"spawn_egg": {
        "texture": "squash",
        "texture_index": 9
			},
			"scripts": {
				"animate": [
					"general"
				]
			},
			"animations": {
				"general": "controller.animation.squash.general",
				"idle": "animation.squash.idle",
				"attack": "animation.squash.attack"
			}
		}
	}
}