{
	"format_version": "1.10.0",
	"animation_controllers": {
		"controller.animation.threepeater.general": {
			"states": {
				"default": {
					"animations": [
						"idle"
					],
					"transitions": [
						{
							"attacking": "variable.attack_time > 0.0"
						}
					],
					"blend_transition": 0.1
				},
				"attacking": {
					"animations": [
						"attack"
					],
					"transitions": [
						{
							"default": "variable.attack_time <= 0.0"
						}
					],
					"blend_transition": 0.1
				}
			}
		}
	}
}