{
	"format_version": "1.10.0",
	"minecraft:client_entity": {
		"description": {
			"identifier": "pvz:cabbage_pult",
			"materials": {
				"default": "villager_v2"
			},
			"textures": {
				"default": "textures/entity/cabbage_pult"
			},
			"geometry": {
				"default": "geometry.cabbage_pult"
			},
			"render_controllers": [
				"controller.render.default"
			],
			"spawn_egg": {
        "texture": "cabbage_pult",
        "texture_index": 28
			},
			"scripts": {
				"animate": [
					"general"
				]
			},
			"animations": {
				"general": "controller.animation.cabbage_pult.general",
				"idle": "animation.cabbage_pult.idle",
				"attack": "animation.cabbage_pult.attack"
			}
		}
	}
}