{
	"format_version": "1.10.0",
	"minecraft:client_entity": {
		"description": {
			"identifier": "pvz:cold_snapdragon",
			"materials": {
				"default": "villager_v2"
			},
			"textures": {
				"default": "textures/entity/cold_snapdragon"
			},
			"geometry": {
				"default": "geometry.cold_snapdragon"
			},
			"render_controllers": [
				"controller.render.default"
			],
			"spawn_egg": {
        "texture": "cold_snapdragon",
        "texture_index": 48
			},
			"scripts": {
				"animate": [
					"general"
				]
			},
			"animations": {
				"general": "controller.animation.cold_snapdragon.general",
				"idle": "animation.cold_snapdragon.idle",
				"attack": "animation.cold_snapdragon.attack"
			}
		}
	}
}