{
	"format_version": "1.10.0",
	"minecraft:client_entity": {
		"description": {
			"identifier": "pvz:doomshroom",
			"materials": {
				"default": "creeper"
			},
			"textures": {
				"default": "textures/entity/doomshroom"
			},
			"geometry": {
				"default": "geometry.doomshroom"
			},
			"render_controllers": [
				"controller.render.default"
			],
			"spawn_egg": {
        "texture": "doomshroom",
        "texture_index": 52
			},
			"scripts": {
				"animate": [
					"general"
				]
			},
			"animations": {
				"general": "controller.animation.cherrybomb.general",
				"idle": "animation.cherrybomb.idle",
				"attack": "animation.cherrybomb.attack"
			}
		}
	}
}