{
	"format_version": "1.10.0",
	"minecraft:client_entity": {
		"description": {
			"identifier": "pvz:nightshade",
			"materials": {
				"default": "villager_v2"
			},
			"textures": {
				"default": "textures/entity/nightshade"
			},
			"geometry": {
				"default": "geometry.nightshade"
			},
			"render_controllers": [
				"controller.render.default"
			],
			"spawn_egg": {
        "texture": "nightshade",
        "texture_index": 23
			},
			"scripts": {
				"animate": [
					"general"
				]
			},
			"animations": {
				"general": "controller.animation.nightshade.general",
				"idle": "animation.nightshade.idle",
				"attack": "animation.nightshade.attack"
			}
		}
	}
}