{
	"format_version": "1.10.0",
	"minecraft:client_entity": {
		"description": {
			"identifier": "pvz:pumpkin_pult",
			"materials": {
				"default": "villager_v2"
			},
			"textures": {
				"default": "textures/entity/pumpkin_pult"
			},
			"geometry": {
				"default": "geometry.pumpkin_pult"
			},
			"render_controllers": [
				"controller.render.default"
			],
			"spawn_egg": {
        "texture": "pumpkin_pult",
        "texture_index": 49
			},
			"scripts": {
				"animate": [
					"general"
				]
			},
			"animations": {
				"general": "controller.animation.pumpkin_pult.general",
				"idle": "animation.pumpkin_pult.idle",
				"attack": "animation.pumpkin_pult.attack"
			}
		}
	}
}