{
	"format_version": "1.10.0",
	"minecraft:client_entity": {
		"description": {
			"identifier": "pvz:threepeater",
			"materials": {
				"default": "villager_v2"
			},
			"textures": {
				"default": "textures/entity/threepeater"
			},
			"geometry": {
				"default": "geometry.threepeater"
			},
			"render_controllers": [
				"controller.render.default"
			],
			"spawn_egg": {
        "texture": "threepeater",
        "texture_index": 13
			},
			"scripts": {
				"animate": [
					"general"
				]
			},
			"animations": {
				"general": "controller.animation.threepeater.general",
				"idle": "animation.threepeater.idle",
				"attack": "animation.threepeater.attack"
			}
		}
	}
}