{
  "format_version": "1.12",
  "minecraft:recipe_shaped": {
    "description": {
      "identifier": "sword_ba21a3eb"
    },
    "tags": [
      "crafting_table"
    ],
    "pattern": [
      "ABB",
      "ABB",
      "CAA"
    ],
    "key": {
      "A": {
        "item": "minecraft:ancient_debris",
        "data": 0
      },
      "B": {
        "item": "minecraft:diamond",
        "data": 0
      },
      "C": {
        "item": "minecraft:netherite_sword",
        "data": 0
      }
    },
    "result": {
      "item": "craft:sword",
      "count": 1
    }
  }
}