{
    "format_version": "1.10.0",
    "minecraft:entity": {
        "description": {
            "scripts": {
                "animate": [
                    "weapon",
                    "rider"
                ]
            },
            "animations": {
                "weapon": "controller.animation.cactus",
                "rider": "controller.animation.rider"
            },
            "identifier": "gw:cactus",
            "is_spawnable": true,
            "is_summonable": true,
            "is_experimental": false
        },
        "component_groups": {
      "main:shoot": {
        "minecraft:spawn_entity": {
          "entities": {
            "min_wait_time": 0.1,
            "max_wait_time": 0.4,
            "spawn_entity": "gw:spike",
            "single_use": true
          }
        },
        "minecraft:timer": {
          "looping": false,
          "time": 0.04,
          "time_down_event": {
            "event": "main:stop_shoot",
            "target": "self"
          }
        }
      },
            "gw:plant_ready": {
                "minecraft:interact": [
                    {
                        "on_interact": {
                            "filters": {
                                "all_of": [
                                    {
                                        "test": "is_family",
                                        "subject": "other",
                                        "value": "player"
                                    },
                                    {
                                        "test": "has_equipment",
                                        "subject": "other",
                                        "domain": "hand",
                                        "value": "gw:tallnut_battlement"
                                    }
                                ]
                            },
                            "target": "self",
                            "event": "gw:plant_cooldown"
                        },
                        "play_sounds": "shoot1",
                        "use_item": false,
                        "interact_text": "Use Tallnut Battlement",
                        "spawn_entities": "gw:tallnut_battlement"
                    },
                    {
                        "on_interact": {
                            "filters": {
                                "all_of": [
                                    {
                                        "test": "is_family",
                                        "subject": "other",
                                        "value": "player"
                                    },
                                    {
                                        "test": "has_equipment",
                                        "subject": "other",
                                        "domain": "hand",
                                        "value": "gw:attack"
                                    }
                                ]
                            },
                            "target": "self"
                        },
                        "play_sounds": "shoot1",
                        "use_item": false,
                        "interact_text": "Shoot Main Weapon",
                        "spawn_entities": "gw:spike"
                    },
                    {
                        "on_interact": {
                            "filters": {
                                "all_of": [
                                    {
                                        "test": "is_family",
                                        "subject": "other",
                                        "value": "player"
                                    },
                                    {
                                        "test": "has_equipment",
                                        "subject": "other",
                                        "domain": "hand",
                                        "value": "test_ability"
                                    }
                                ]
                            },
                            "target": "self",
                            "event": "gw:plant_cooldown2"
                        },
                        "play_sounds": "ignite",
                        "use_item": true,
                        "interact_text": "Coming Soon",
                        "spawn_entities": "coming_soon"
                    }
                ]
            },
            "gw:plant_cooldowners": {
                "minecraft:ageable": {
                    "duration": 15,
                    "grow_up": {
                        "event": "gw:plant_ready",
                        "target": "self"
                    }
                }
            },
            "gw:plant_cooldowners2": {
                "minecraft:ageable": {
                    "duration": 15,
                    "grow_up": {
                        "event": "gw:plant_ready",
                        "target": "self"
                    }
                }
            },
            "minecraft:is_dead": {
                "minecraft:transformation": {
                    "into": "rw:dead_snow"
                }
            },
            "minecraft:repair": {
                "minecraft:transformation": {
                    "into": "mwbt:m1abrams3"
                }
            }
        },
        "components": {
            "minecraft:type_family": {
                "family": [
                    "villager"
                ]
            },
            "minecraft:collision_box": {
                "width": 1,
                "height": 2.5
            },
            "minecraft:scale": {
                "value": 0.80
            },
            "minecraft:fall_damage": {
                "value": 0
            },
            "minecraft:is_stackable": {},
            "minecraft:push_through": {
                "value": 1
            },
            "minecraft:health": {
                "value": {
                    "range_min": 100,
                    "range_max": 100
                }
            },
            "minecraft:navigation.walk": {
                "can_float": false
            },
            "minecraft:movement.basic": {},
			"minecraft:jump.static": {},
			"minecraft:nameable": {},
			"minecraft:horse.jump_strength": {
				"value": 1
            },
            "minecraft:movement": {
                "value": 0.25
            },
            "minecraft:damage_sensor": [
                {
                    "on_damage": {
                        "filters": {
                            "test": "is_riding",
                            "subject": "player"
                        }
                    },
                    "deals_damage": false
                },
                {
                    "on_damage": {
                        "filters": {
                            "test": "is_family",
                            "subject": "other",
                            "value": "villager"
                        }
                    },
                    "deals_damage": false
                }
            ],
            "minecraft:fire_immune": true,
            "minecraft:rideable": {
                "seat_count": 1,
                "rider_can_interact": true,
                "crouching_skip_interact": true,
                "family_types": [
                    "player"
                ],
                "interact_text": "Transform",
                "seats": {
                    "position": [
                        0,
                        2,
                        -2.3
                    ]
                }
            },
            "minecraft:knockback_resistance": {
                "value": 1
            },
            "minecraft:physics": {
                "has_gravity": true
            },
            "minecraft:is_saddled": {},
				"minecraft:input_ground_controlled": {},
				"minecraft:can_power_jump": {}
        },
        "events": {
            "main:shoot": {
                "add": {
                    "component_groups": [
                        "main:shoot"
                    ]
                }
            },
            "main:stop_shoot": {
                "remove": {
                    "component_groups": [
                        "main:shoot"
                    ]
                }
            },
            "minecraft:entity_spawned": {
                "add": {
                    "component_groups": [
                        "gw:plant_ready"
                    ]
                }
            },
            "minecraft:entity_transformed": {
                "add": {
                    "component_groups": [
                        "gw:plant_ready"
                    ]
                }
            },
            "rw:robot_normal": {
                "remove": {
                    "component_groups": [
                        "gw:plant_ready"
                    ]
                }
            },
            "gw:plant_cooldown": {
                "add": {
                    "component_groups": [
                        "gw:plant_cooldowners"
                    ]
                },
                "remove": {
                    "component_groups": [
                        "gw:plant_ready"
                    ]
                }
            },
            "gw:plant_cooldown2": {
                "add": {
                    "component_groups": [
                        "gw:plant_cooldowners2"
                    ]
                },
                "remove": {
                    "component_groups": [
                        "gw:plant_ready"
                    ]
                }
            },
            "gw:plant_ready": {
                "add": {
                    "component_groups": [
                        "gw:plant_ready"
                    ]
                },
                "remove": {
                    "component_groups": [
                        "gw:plant_cooldowners"
                    ]
                }
            },
            "minecraft:repair": {
                "add": {
                    "component_groups": [
                        "minecraft:repair"
                    ]
                }
            },
            "minecraft:upgrade": {
                "add": {
                    "component_groups": [
                        "minecraft:upgrade"
                    ]
                }
            },
            "minecraft:event_spawn_dead": {
                "add": {
                    "component_groups": [
                        "minecraft:is_dead"
                    ]
                }
            }
        }
    }
}