{
	"format_version": "1.8.0",
	"animations": {
		"animation.iceberg_lettuce.move": {
			"loop": true,
			"animation_length": 1.12,
			"bones": {
				"icelettuce": {
					"rotation": {
						"0.0": [2.5, 0, 0],
						"1.12": [2.5, 0, 0]
					},
					"position": {
						"0.0": [0, 0, 0],
						"0.24": [0, -1.22, 0],
						"0.44": [0, -0.2, 0],
						"0.68": [0, -1.47, 0],
						"0.92": [0, 0.67, 0],
						"1.12": [0, -1, 0]
					}
				},
				"lower": {
					"rotation": {
						"0.0": [0, 0, 0],
						"1.12": [0, 717.5, 0]
					}
				},
				"leaves_body": {
					"scale": {
						"0.0": [1, 1, 1],
						"0.52": [1, 1, 1.1],
						"1.08": [1, 1, 1]
					}
				}
			}
		}
	}
}