{
	"format_version": "1.8.0",
	"animations": {
		"animation.kernel_corn.walk": {
			"loop": true,
			"animation_length": 0.96,
			"bones": {
				"kernel_corn": {
					"rotation": {
						"0.0": [2.5, -5, 0],
						"0.24": [0, 0, 0],
						"0.48": [2.5, 5, 0],
						"0.72": [0, 0, 0],
						"0.96": [2.5, -5, 0]
					},
					"position": {
						"0.0": [0, -1, 0],
						"0.24": [0, 0, 0],
						"0.48": [0, -1, 0],
						"0.72": [0, 0, 0],
						"0.96": [0, -1, 0]
					}
				},
				"body": {
					"rotation": {
						"0.0": [0, 0, 0],
						"0.24": [0, 0, 0],
						"0.48": [0, 0, 0],
						"0.72": [0, 0, 0],
						"0.96": [0, 0, 0]
					}
				},
				"leftArm": {
					"rotation": {
						"0.0": [0, 37.5, 0],
						"0.24": [0, 0, 0],
						"0.48": [0, -37.5, 0],
						"0.72": [0, -2.5, 0],
						"0.96": [0, 37.5, 0]
					}
				},
				"rightArm": {
					"rotation": {
						"0.0": [0, 37.5, 0],
						"0.24": [0, 12.5, 0],
						"0.48": [0, -20, 0],
						"0.72": [0, 5, 0],
						"0.96": [0, 35, 0]
					}
				}
			}
		},
		"animation.kernel_corn.idle": {
			"loop": true,
			"animation_length": 1.6,
			"bones": {
				"kernel_corn": {
					"rotation": {
						"0.0": [0, 0, 0],
						"0.84": [2.5, 0, 0],
						"1.6": [0, 0, 0]
					}
				},
				"leftArm": {
					"rotation": {
						"0.0": [0, 0, 0],
						"0.84": [0, 10, 0],
						"1.6": [0, 0, 0]
					}
				},
				"rightArm": {
					"rotation": {
						"0.0": [0, 0, 0],
						"0.84": [0, 12.5, 0],
						"1.6": [0, 0, 0]
					}
				}
			}
		}
	}
}