{
	"format_version": "1.8.0",
	"animations": {
		"animation.peashooter.idle": {
			"loop": true,
			"animation_length": 1.56,
			"bones": {
				"1": {
					"rotation": {
						"0.0": [0, 0, 0],
						"0.52": [-5, 0, 2.5],
						"1.04": [5, 0, -2.5],
						"1.56": [0, 0, 0]
					}
				},
				"2": {
					"rotation": {
						"0.0": [0, 0, 0],
						"0.52": [0, 0, 5],
						"1.04": [0, 0, 0],
						"1.56": [0, 0, 0]
					}
				},
				"3": {
					"rotation": {
						"1.04": [0, 0, -2.5],
						"1.56": [0, 0, -2.5]
					},
					"position": {
						"0.0": [0, -1, 0],
						"0.52": [0, 0, 0],
						"1.56": [0, -1, 0]
					}
				},
				"leaf": {
					"rotation": {
						"0.0": [12.5, 0, 0],
						"0.52": [30, 0, 0],
						"1.04": [-6.25, 0, 0],
						"1.56": [12.5, 0, 0]
					}
				},
				"stem": {
					"rotation": {
						"0.0": [0, 0, 0],
						"0.52": [0, 0, 2.5],
						"0.56": [0, 0, 2.5],
						"1.04": [0, 0, -2.5],
						"1.08": [0, 0, -2.5],
						"1.56": [0, 0, 0]
					}
				}
			}
		},
		"animation.peashooter.move": {
			"loop": true,
			"animation_length": 0.72,
			"bones": {
				"1": {
					"rotation": {
						"0.0": [0, 0, 0],
						"0.36": [5, 0, 0],
						"0.72": [0, 0, 0]
					}
				},
				"2": {
					"rotation": [5, 0, 0]
				},
				"3": {
					"position": {
						"0.0": [0, 0, 0],
						"0.36": [0, -1, 0],
						"0.72": [0, 0, 0]
					}
				},
				"leaf": {
					"rotation": {
						"0.0": [0, 0, 0],
						"0.36": [21.84, 0, 0],
						"0.72": [0, 0, 0]
					}
				},
				"leg1": {
					"rotation": {
						"0.0": [0, 0, 0],
						"0.36": [0, 0, -9.45],
						"0.72": [0, 0, 0]
					}
				},
				"leg2": {
					"rotation": {
						"0.0": [0, 0, 0],
						"0.36": [17.5, 0, 0],
						"0.72": [0, 0, 0]
					}
				},
				"leg3": {
					"rotation": {
						"0.0": [0, 0, 0],
						"0.36": [0, 0, 10],
						"0.72": [0, 0, 0]
					}
				},
				"leg4": {
					"rotation": {
						"0.0": [0, 0, 0],
						"0.36": [17.5, 0, 0],
						"0.72": [0, 0, 0]
					}
				}
			}
		}
	}
}