{
    "format_version": "1.10.0",
    "animation_controllers": {
      "controller.animation.kill_jalapeno": {
        "states": {
          "default": {
            "transitions": [
              {
                "walking": "query.is_saddled"
              }
            ]
          },
          "walking": {
            "transitions": [
              {
                "default": "(0.0)"
              }
            ],
            "on_entry": [
              "/kill @s", "/function fire"
            ]
          }
        }
      }
    }
  }