{
  "format_version": "1.10.0",
  "animation_controllers": {
    "controller.animation.pvz_vase": {
      "initial_state": "default",
      "states": {
        "default": {
          "transitions": [
            {
              "shoot": "query.mark_variant == 1 && query.get_equipped_item_name=='shovel' && query.item_remaining_use_duration > 0"
            }
          ]
        },
        "shoot": {
          "transitions": [
            {
              "default": "query.mark_variant == 1 && query.get_equipped_item_name=='shovel' && query.item_remaining_use_duration > 0"
            }
          ],
          "on_entry": [
            "@s pvz:vase_fire",
            "/clear @s ab:blues_slingshot 0 1",
            "/playsound pa_dynamite_shot"
          ]
        }
      }
    }
  }
}