{
    "format_version": "1.8.0",
    "minecraft:entity": {
        "description": {
            "identifier": "pvz:coconut",
            "is_spawnable": false,
            "is_summonable": true,
            "is_experimental": false
        },
        "component_groups": {
            "minecraft:exploding": {
                "minecraft:explode": {
                    "fuseLength": 0.5,
                    "fuseLit": true,
                    "power": 5,
                    "causesFire": false,
                    "fireAffectedByGriefing": false,
                    "destroyAffectedByGriefing": false,
                    "breaks_blocks": false
                }
            }
        },
        "components": {
            "minecraft:variant": {
                "value": 0
            },
            "minecraft:type_family": {
                "family": [
                    "villager"
                ]
            },
            "minecraft:collision_box": {
                "width": 0.15,
                "height": 0.15
            },
            "minecraft:projectile": {
                "onHit": {
                    "definition_event": {
                        "affectProjectile": true,
                        "eventTrigger": {
                            "event": "minecraft:explode",
                            "target": "self"
                        }
                    }
                },
                "liquid_inertia": 0.99,
                "hitSound": "@",
                "hitGroundSound": "@",
                "power": 1,
                "gravity": 0.0,
                "uncertaintyBase": 2,
                "uncertaintyMultiplier": 0,
                "stopOnHurt": false,
                "anchor": 1,
                "shouldbounce": true,
                "multipletargets": true,
                "offset": [
                    0,
                    0.99,
                    0
                ]
            },
            "minecraft:damage_sensor": [
                {
                    "on_damage": {
                        "filters": {
                            "test": "is_family",
                            "subject": "other",
                            "value": "villager"
                        }
                    },
                    "deals_damage": false
                }
            ],
            "minecraft:physics": {}
        },
        "events": {
            "minecraft:explode": {
                "add": {
                    "component_groups": [
                        "minecraft:exploding"
                    ]
                }
            }
        }
    }
}