{
	"format_version": "1.16.0",
	"minecraft:entity": {
		"description": {
			"identifier": "pvz:pea",
			"is_spawnable": false,
			"is_summonable": true,
			"is_experimental": false,
			"runtime_identifier": "minecraft:snowball"
		},
		"component_groups": {
			"despawn": {
				"minecraft:despawn": {}
			},
			"threepeater": {
				"minecraft:variant": {
					"value": 0
				},
				"minecraft:projectile": {
					"onHit": {
						"impact_damage": {
							"filter": "monster",
							"damage": 7,
							"knockback": false,
							"semirandomdiffdamage": false,
							"destroyonhit": true
						}
					},
					"power": 2,
					"destroyOnHurt": true,
					"critParticleOnHurt": true,
					"gravity": 0,
					"anchor": 1,
					"offset": [
						0,
						0,
						0
					],
					"angle_offset": 0
				},
				"minecraft:spawn_entity": [{
					"min_wait_time": 0,
					"max_wait_time": 0,
					"single_use": true,
					"spawn_entity": "unused:entity",
					"spawn_sound": "ffgg",
					"num_to_spawn": 1
				}]
			}
		},
		"components": {
			"minecraft:variant": {
				"value": 0
			},
			"minecraft:type_family": {
				"family": [
					"plant"
				]
			},
			"minecraft:collision_box": {
				"width": 0.2,
				"height": 0.2
			},
			"minecraft:projectile": {
				"onHit": {
					"impact_damage": {
						"filter": "monster",
						"damage": 6,
						"knockback": false,
						"semirandomdiffdamage": false,
						"destroyonhit": true
					},
					"remove_on_hit": {}
				},
				"power": 2,
				"gravity": 0.0,
				"anchor": 1,
				"offset": [
					0,
					0,
					0
				],
				"angle_offset": 0
			},
			"minecraft:damage_sensor": [{
				"on_damage": {
					"filters": {
						"test": "is_family",
						"subject": "other",
						"value": "player"
					}
				},
				"deals_damage": false
			}],
			"minecraft:physics": {},
			"minecraft:timer": {
				"looping": false,
				"time": 1,
				"time_down_event": {
					"event": "minecraft:despawn_event"
				}
			}
		},
		"events": {
			"minecraft:threepeater": {
				"add": {
					"component_groups": [
						"threepeater"
					]
				}
			},
			"minecraft:despawn_event": {
				"add": {
					"component_groups": [
						"despawn"
					]
				}
			},
			"minecraft:test": {
				"add": {
					"component_groups": [
						"threepeater"
					]
				}
			}
		},
		"filters": {
			"test": "is_family",
			"subject": "other",
			"value": "threepeater"
		},
		"add": {
			"component_groups": [
				"threepeater2"
			]
		}
	}
}