{
  "format_version": "1.10.0",
  "minecraft:client_entity": {
    "description": {
      "identifier": "gw:chomper_bot",
      "materials": { 
	    "default": "villager_V2"
	  },
      "textures": {
        "default": "textures/entities/chomper"
      },
      "geometry": {
        "default": "geometry.chomper"
      },
      "animations": {
        "move": "animation.chomper.move",
        "cooldown": "animation.chomper.attack",
        "idle": "animation.chomper.idle",
        "attack": "animation.chomper.attack"
      },
      "scripts": {
        "animate": [
          {"idle": "query.variant == 0"},
          {"cooldown": "query.variant == 1"},
          {"attack": "variable.attack==0"}
        ]
      },
      "render_controllers": [ "controller.render.default" ],
      "spawn_egg": {
        "texture": "chomper",
        "texture_index": 1
      }
    }
  }
}