{"format_version":"1.8.0","minecraft:entity":{"description":{"identifier":"ded:domcld","is_spawnable":false,"is_summonable":true,"is_experimental":false,"animations":{"walk":"controller.animation.pig_ghost"},"scripts":{"animate":["walk"]}},"component_groups":{"minecraft:timing":{"minecraft:ageable":{"duration":1.2,"grow_up":{"event":"minecraft:event_despawning","target":"self"}}},"minecraft:despawning":{"minecraft:type_family":{"family":["despawning"]},"minecraft:despawn":{"filters":{"all_of":[{"test":"is_family","subject":"self","value":"despawning"}]}}}},"components":{"minecraft:type_family":{"family":["ghost"]},"minecraft:health":{"value":700,"max":700},"minecraft:collision_box":{"width":0.6,"height":0.8},"minecraft:fire_immune":true,"minecraft:behavior.look_at_player":{"priority":9,"look_distance":1,"probability":0.02},"minecraft:physics":{"has_gravity":true,"has_collusion":false},"minecraft:rideable":{"seat_count":1,"family_types":["equip"],"pull_in_entities":true,"seats":[{"position":[0,0.2,0.9],"min_rider_count":1,"max_rider_count":1,"lock_rider_rotation":0}]},"minecraft:knockback_resistance":{"value":100,"max":100},"minecraft:damage_sensor":{"on_damage":{"filters":{"test":"is_family","subject":"other","value":"player"}},"deals_damage":false},"minecraft:ageable":{"duration":1.2,"grow_up":{"event":"minecraft:event_despawning","target":"self"}}},"events":{"minecraft:entity_transformed":{"add":{"component_groups":["minecraft:timing"]}},"minecraft:entity_spawned":{"add":{"component_groups":["minecraft:timing"]}},"minecraft:event_despawning":{"add":{"component_groups":["minecraft:despawning"]}}}}}