{
  "format_version": "1.8.0",
  "minecraft:entity": {
    "description": {
      "identifier": "ed:cc",
      "is_spawnable": true,
      "is_summonable": true,
      "is_experimental": false
    },
    "components": {
      "minecraft:nameable": {
        "alwaysShow": false,
        "allowNameTagRenaming": false
      },
      "minecraft:health": {
        "value": 20,
        "max": 20
      },"minecraft:damage_sensor": [
        {
          "on_damage": {
            "filters": {
              "test": "is_family",
              "subject": "other",
              "value": "villager"
            }
          },
          "deals_damage": false
        },
        {
          "on_damage": {
            "filters": {
              "test": "is_family",
              "subject": "other",
              "value": "creeper"
            }
          },
          "deals_damage": false
        },
        {
          "on_damage": {
            "filters": {
              "test": "is_family",
              "subject": "other",
              "value": "pig"
            }
          },
          "deals_damage": false
        }
      ],"minecraft:pushable": {"is_pushable": false,"is_pushable_by_piston": false},
      "minecraft:collision_box": {
        "width": 0.72,
        "height": 2.01
      },
      "minecraft:loot": {
        "table": "loot_tables/entities/wither_skeleton.json"
      },
      "minecraft:equipment": {
        "table": "loot_tables/entities/wither_skeleton_gear.json"
      },
      "minecraft:movement": {
        "value": 0
      },
      "minecraft:knockback_resistance": {
        "value": 1.0
      },
      "minecraft:navigation.walk": {
        "is_amphibious": true,
        "avoid_sun": true,
        "avoid_water": true
      },
      "minecraft:movement.basic": {},
      "minecraft:jump.static": {},
      "minecraft:scale": {
        "value": 1.2
      },
      "minecraft:behavior.hurt_by_target": {
        "priority": 3
      },
      "minecraft:behavior.nearest_attackable_target": {
        "priority": 3,
        "within_radius": 3,
        "must_reach": false,
        "entity_types": [
          {
            "filters": {
              "any_of": [
                {
                  "test": "is_family",
                  "subject": "other",
                  "value": "zombie"
                },
                {
                  "test": "is_family",
                  "subject": "other",
                  "value": "zombie_villager"
                }
              ]
            },
            "max_dist": 2,
            "must_see": false
          }
        ],
        "must_see": false,
        "speed_multiplier": 1.0
      },
      "minecraft:behavior.random_stroll": {
        "priority": 5,
        "speed_multiplier": 1
      },
      "minecraft:behavior.look_at_player": {
        "priority": 6,
        "look_distance": 8
      },
      "minecraft:behavior.random_look_around": {
        "priority": 6
      },
      "minecraft:type_family": {
        "family": [
          "villager"
        ]
      },
      "minecraft:physics": {},
      "minecraft:experience_reward": {
        "on_death": "query.last_hit_by_player ? 10 : 0"
      },
      "minecraft:behavior.ranged_attack": {
        "attack_interval_min": 0.15,
        "attack_interval_max": 0.15,
        "attack_radius": 2,
        "burst_shots": 1,
        "burst_interval": 1
      },
      "minecraft:shooter": {
        "type": "fed:cc",
        "def": "fed:cc"
      },
      "minecraft:behavior.owner_hurt_by_target": {
        "priority": 1
      },
      "minecraft:behavior.owner_hurt_target": {
        "priority": 2
      },
      "minecraft:equip_item": {}
    },
    "events": {
      "minecraft:entity_spawned": {}
    },
    "component_groups": null
  }
}