{"format_version":"1.8.0","minecraft:entity":{"description":{"identifier":"ed:ghostp","is_spawnable":true,"is_summonable":true,"is_experimental":false},"component_groups":{"minecraft:exploding":{"minecraft:explode":{"fuseLength":1.5,"fuseLit":true,"power":3,"causesFire":false,"destroyAffectedByGriefing":true}},"minecraft:charged_creeper":{"minecraft:is_charged":{}},"minecraft:charged_exploding":{"minecraft:explode":{"fuseLength":1.5,"fuseLit":true,"power":6,"causesFire":false,"destroyAffectedByGriefing":true}},"minecraft:forced_exploding":{"minecraft:target_nearby_sensor":{},"minecraft:explode":{"fuseLength":1.5,"fuseLit":true,"power":3,"causesFire":false,"destroyAffectedByGriefing":true},"minecraft:on_target_escape":{}},"minecraft:forced_charged_exploding":{"minecraft:target_nearby_sensor":{},"minecraft:explode":{"fuseLength":1.5,"fuseLit":true,"power":6,"causesFire":false,"destroyAffectedByGriefing":true},"minecraft:on_target_escape":{}}},"components":{"minecraft:type_family":{"family":["creeper","monster"]},"minecraft:collision_box":{"width":0.01,"height":0.0},"minecraft:movement":{"value":0},"minecraft:knockback_resistance": {
        "value": 1.0
      },"minecraft:navigation.walk":{"can_path_over_water":true},"minecraft:movement.basic":{},"minecraft:jump.static":{},"minecraft:loot":{"table":"loot_tables/entities/ed:ghostp.json"},"minecraft:health":{"value":20,"max":20},"minecraft:pushable": {"is_pushable": false,"is_pushable_by_piston": false},"minecraft:damage_sensor":[{"on_damage":{"filters":{"test":"is_family","subject":"other","value":"lightning"},"event":"minecraft:become_charged"},"deals_damage":false}],"minecraft:target_nearby_sensor":{"inside_range":2.5,"outside_range":6.0,"on_inside_range":{"event":"minecraft:start_exploding","target":"self"},"on_outside_range":{"event":"minecraft:stop_exploding","target":"self"}},"minecraft:interact":{"on_interact":{"filters":{"all_of":[{"test":"is_family","subject":"other","value":"player"},{"test":"has_equipment","domain":"hand","subject":"other","value":"flint_and_steel"},{"test":"has_component","operator":"!=","value":"minecraft:explode"}]},"event":"minecraft:start_exploding_forced","target":"self"},"hurt_item":1,"swing":true,"play_sounds":"ignite","interact_text":"action.interact.creeper"},"minecraft:behavior.swell":{"start_distance":2.5,"stop_distance":6.0,"priority":2},"minecraft:behavior.random_stroll":{"priority":5,"speed_multiplier":1},"minecraft:behavior.look_at_player":{"priority":6,"look_distance":8},"minecraft:behavior.random_look_around":{"priority":6},"minecraft:behavior.nearest_attackable_target":{"priority":1,"within_radius":25,"must_reach":false,"entity_types":[{"filters":{"other_with_families":["zombie"]},"max_dist":125,"must_see":false,"walk_speed_multiplier":1.0,"sprint_speed_multiplier":1.0,"within_default":1}],"must_see":false,"speed_multiplier":1.0},"minecraft:behavior.hurt_by_target":{"priority":2},"minecraft:physics":{},"minecraft:on_target_escape":{"event":"minecraft:stop_exploding","target":"self"},"minecraft:experience_reward":{"on_death":"query.last_hit_by_player ? 0 : 0"},"minecraft:scale":{"value":1,"max":1},"minecraft:behavior.ranged_attack":{"attack_interval_min":1,"attack_interval_max":1,"attack_radius":5,"burst_shots":1,"burst_interval":1},"minecraft:shooter":{"type":"don't use","def":"fed:ghast"}},"events":{"minecraft:start_exploding_forced":{"sequence":[{"filters":{"test":"has_component","operator":"!=","value":"minecraft:is_charged"},"add":{"component_groups":["minecraft:forced_exploding"]}},{"filters":{"test":"has_component","value":"minecraft:is_charged"},"add":{"component_groups":["minecraft:forced_charged_exploding"]}}]},"minecraft:start_exploding":{"sequence":[{"filters":{"test":"has_component","operator":"!=","value":"minecraft:is_charged"},"add":{"component_groups":["minecraft:exploding"]}},{"filters":{"test":"has_component","value":"minecraft:is_charged"},"add":{"component_groups":["minecraft:charged_exploding"]}}]},"minecraft:stop_exploding":{"remove":{"component_groups":["minecraft:exploding"]}},"minecraft:become_charged":{"remove":{"component_groups":["minecraft:exploding"]},"add":{"component_groups":["minecraft:charged_creeper"]}}}}}