{
"format_version": "1.8.0",
"minecraft:entity": {
"description": {
"identifier": "ed:holonut_ready",
"is_spawnable": false,
"is_summonable": true,
"is_experimental": false
},
    "component_groups": {
      "minecraft:getready": {
        "minecraft:transformation": {
          "into": "ed:holonut",
          "delay": 0.5
        }
      }
    },
"components": {
"minecraft:breathable": {
"totalSupply": 1,
"suffocateTime": 0
},
      "minecraft:damage_sensor": [
        {
          "on_damage": {
            "filters": {
              "test": "is_family",
              "subject": "other",
              "value": "villager"
            }
          },
          "deals_damage": false
        },
        {
          "on_damage": {
            "filters": {
              "test": "is_family",
              "subject": "other",
              "value": "creeper"
            }
          },
          "deals_damage": false
        },
        {
          "on_damage": {
            "filters": {
              "test": "is_family",
              "subject": "other",
              "value": "pig"
            }
          },
          "deals_damage": false
        }
      ],
        "minecraft:timer": {
          "time": 15,
          "time_down_event": {
          "event": "ready",
          "target": "self"
          }
        },
"minecraft:health": {
"value": 20,
"max": 20
},
"minecraft:pushable": {"is_pushable": false,"is_pushable_by_piston": false},"minecraft:collision_box": {
"width": 0.0,
"height": 0.0
},
"minecraft:movement": {
"value": 0.0,
"max": 0.0
},
"minecraft:underwater_movement": {
"value": 0.0,
"max": 0.0
},

"minecraft:scale": {
"value": 1.0
},
      "minecraft:knockback_resistance": {
        "value": 1.0
      },
"minecraft:navigation.generic": {
"can_walk": false,
"can_swim": false
},

"minecraft:behavior.float": {
"priority": 0
},
"minecraft:type_family": {
"family": [ "ed"]
},

"minecraft:physics": {
}
},
"events": {
      "ready": {
        "remove": {
        },
        "add": {
          "component_groups": [
            "minecraft:getready"
          ]
        }
      }
}


}
}
