{"format_version":"1.8.0","minecraft:entity":{"description":{"identifier":"ed:holonut","is_spawnable":true,"is_summonable":true,"is_experimental":false},"component_groups":{"minecraft:ghost":{"minecraft:transformation":{"into":"ed:holonut_ready","delay":0},"minecraft:projectile":{"onHit":{"grant_xp":{"minXP":0,"maxXP":0},"remove_on_hit":{}}}}},"components":{"minecraft:nameable":{},"minecraft:breathable":{"total_supply":15,"suffocate_time":0,"breathes_water":true},"minecraft:health":{"value":50,"max":50},"minecraft:collision_box":{"width":0.72,"height":0.0},"minecraft:attack":{"damage":0,"effect_name":"","effect_duration":10},"minecraft:loot":{"table":"loot_tables/entities/wither_skeleton.json"},"minecraft:equipment":{"table":"loot_tables/entities/wither_skeleton_gear.json"},"minecraft:movement":{"value":0.0},"minecraft:knockback_resistance": {
        "value": 1.0
      },"minecraft:navigation.walk":{"is_amphibious":true,"avoid_sun":true,"avoid_water":true},"minecraft:movement.basic":{},"minecraft:knockback_resistance": {
        "value": 1.0
      },"minecraft:jump.static":{},"minecraft:can_climb":{},"minecraft:scale":{"value":1.0},"minecraft:fire_immune":true,"minecraft:behavior.hurt_by_target":{"priority":1},"minecraft:behavior.nearest_attackable_target":{"priority":2,"reselect_targets":true,"entity_types":[{"filters":{"test":"is_family","subject":"other","value":"no"},"max_dist":126},{"filters":{"test":"is_family","subject":"other","value":"no"},"max_dist":126},{"filters":{"all_of":[{"test":"is_family","subject":"other","value":"no"},{"test":"in_water","subject":"other","operator":"!=","value":true}]},"max_dist":126}],"must_see":true},"minecraft:behavior.melee_attack":{"priority":4,"target_dist":1.2,"speed_multiplier":1.25,"track_target":true},"minecraft:behavior.random_stroll":{"priority":5,"speed_multiplier":1},"minecraft:behavior.look_at_player":{"priority":6,"look_distance":8},"minecraft:behavior.random_look_around":{"priority":6},"minecraft:type_family":{"family":["villager"]},"minecraft:physics":{},"minecraft:pushable":{"is_pushable":false,"is_pushable_by_piston":false},"minecraft:damage_sensor":[{"on_damage":{"filters":{"with_damage_fatal":true},"event":"minecraft:event_ghost"}}],"minecraft:type_family":{"family":["villager"]},"minecraft:physics":{},"minecraft:experience_reward":{"on_death":"query.last_hit_by_player ? 100 : 0"},"minecraft:behavior.ranged_attack":{"attack_interval_min":3,"attack_interval_max":6,"attack_radius":256,"burst_shots":2,"burst_interval":1},"minecraft:shooter":{"type":"Nothing","def":"nothing"},"minecraft:fall_damage":{"value":0.1,"max":0.1},"minecraft:boss":{"should_darken_sky":false,"hud_range":1,"name":"HP"}},"events":{"minecraft:entity_spawned":{},"minecraft:event_ghost":{"add":{"component_groups":["minecraft:ghost"]}}}}}