{
  "format_version": "1.8.0",
  "minecraft:entity": {
    "description": {
      "identifier": "ed:zmech",
      "is_spawnable": false,
      "is_summonable": true,
      "is_experimental": false
    },
    "components": {
      "minecraft:nameable": {
        "alwaysShow": false,
        "allowNameTagRenaming": false
      },
      "minecraft:health": {
        "value": 400,
        "max": 400
      },
      "minecraft:damage_sensor": [
        {
          "on_damage": {
            "filters": {
              "test": "is_family",
              "subject": "other",
              "value": "zombie"
            }
          },
          "deals_damage": false
        },
        {
          "on_damage": {
            "filters": {
              "test": "is_family",
              "subject": "other",
              "value": "ed:bz"
            }
          },
          "deals_damage": false
        },
        {
          "on_damage": {
            "filters": {
              "test": "is_family",
              "subject": "other",
              "value": "ed:egyptboss"
            }
          },
          "deals_damage": false
        }
      ],
      "minecraft:collision_box": {
        "width": 0.72,
        "height": 2.01
      },
      "minecraft:loot": {
        "table": "loot_tables/entities/wither_skeleton.json"
      },
      "minecraft:equipment": {
        "table": "loot_tables/entities/wither_skeleton_gear.json"
      },
      "minecraft:movement": {
        "value": 0.2
      },
      "minecraft:navigation.walk": {
        "is_amphibious": true,
        "avoid_sun": true,
        "avoid_water": true
      },
      "minecraft:movement.basic": {},
      "minecraft:jump.static": {},
      "minecraft:can_climb": {},
      "minecraft:scale": {
        "value": 1.5
      },
      "minecraft:behavior.hurt_by_target": {
        "priority": 3
      },
      "minecraft:behavior.nearest_attackable_target": {
        "priority": 3,
        "within_radius": 125,
        "must_reach": false,
        "entity_types": [
          {
            "filters": {
              "any_of": [
                {
                  "test": "is_family",
                  "subject": "other",
                  "value": "villager"
                }
              ]
            },
            "max_dist": 400,
            "must_see": false
          }
        ],
        "must_see": false,
        "speed_multiplier": 1.0
      },
      "minecraft:behavior.random_stroll": {
        "priority": 5,
        "speed_multiplier": 1
      },
      "minecraft:behavior.look_at_player": {
        "priority": 6,
        "look_distance": 8
      },
      "minecraft:behavior.random_look_around": {
        "priority": 6
      },
      "minecraft:type_family": {
        "family": [
          "zombie"
        ]
      },
      "minecraft:physics": {},
      "minecraft:experience_reward": {
        "on_death": "query.last_hit_by_player ? 10 : 0"
      },
      "minecraft:behavior.ranged_attack": {
        "attack_interval_min": 4,
        "attack_interval_max": 4,
        "attack_radius": 125,
        "burst_shots": 3,
        "burst_interval": 0.5
      },
      "minecraft:shooter": {
        "type": "fed_z_arrow",
        "def": "fed:z_arrow"
      },
      "minecraft:behavior.owner_hurt_by_target": {
        "priority": 1
      },
      "minecraft:behavior.owner_hurt_target": {
        "priority": 2
      },
      "minecraft:fall_damage": {
        "value": 0.1,
        "max": 0.1
      },
      "minecraft:boss": {
        "should_darken_sky": true,
        "hud_range": 125,
        "name": "§4Z_mech"
      },
      "minecraft:spawn_entity": {
        "min_wait_time": 5,
        "max_wait_time": 5,
        "spawn_entity": "ed:imp",
        "spawn_event": "minecraft:entity_spawned",
        "single_use": true,
        "num_to_spawn": 2,
        "should_leash": true
      },
      "minecraft:equip_item": {}
    },
    "events": {
      "minecraft:entity_spawned": {}
    },
    "component_groups": null
  }
}