{
  "format_version": "1.10.0",
  "minecraft:entity": {
    "description": {
      "identifier": "fed:catt",
      "is_spawnable": false,
      "is_summonable": true,
      "is_experimental": false,
      "runtime_identifier": "minecraft:snowball"
    },
    "component_groups": {
      "exploding": {
        "minecraft:explode": {
          "fuseLength": 0.1,
          "power": 0.1,
          "fuseLit": true,
          "causesFire": false
        }
      }
    },
    "components": {
           "minecraft:timer": {
          "time": 3,
          "time_down_event": {
          "event": "gone",
          "target": "self"
          }
        },
        "minecraft:collision_box": {
        "width": 0.25,
        "height": 0.25
      },
      "minecraft:projectile": {
        "onHit": {
          "impact_damage": {
            "damage": 9,
            "knockback": false,
            "semi_random_diff_damage": false,
            "destroy_on_hit": true
          },
          "stick_in_ground": {
            "shake_time": 0.35
          },
          "arrow_effect": {}
        },
        "power": 1.0,
        "gravity": 0.0,
        "angleoffset": 1.0
      },
      "minecraft:physics": {}
    }
  }
}