{
  "format_version": "1.10.0",
  "minecraft:entity": {
    "description": {
      "identifier": "fed:reed",
      "is_spawnable": false,
      "is_summonable": true,
      "is_experimental": false,
      "runtime_identifier": "minecraft:snowball"
    },
    "component_groups": {
      "exploding": {
        "minecraft:explode": {
          "fuseLength": 1.5,
          "power": 4,
          "fuseLit": true,
          "causesFire": false
        }
      }
    },
    "components": {
     "minecraft:timer": {
          "time": 3,
          "time_down_event": {
          "event": "gone",
          "target": "self"
          }
        },
      "minecraft:collision_box": {
        "width": 0.0,
        "height": 0.0
      },
      "minecraft:projectile": {
        "onHit": {
          "impact_damage": {
            "damage": 2,
            "knockback": false,
            "semi_random_diff_damage": false,
            "destroy_on_hit": false
          },
          "arrow_effect": {}
        },
        "power": 1.5,
        "gravity": 0.03,
        "angleoffset": 2.0
      },
      "minecraft:physics": {}
    }
  }
}