{
  "format_version": "1.10.0",
  "minecraft:entity": {
    "description": {
      "identifier": "fed:pokra_arrow",
      "is_spawnable": false,
      "is_summonable": true,
      "is_experimental": false,
      "runtime_identifier": "minecraft:snowball"
    },
    "component_groups": {
      "exploding": {
        "minecraft:explode": {
          "fuseLength": 2,
          "power": 4,
          "fuseLit": true,
          "causesFire": false
        }
      }
    },
    "components": {
     "minecraft:timer": {
          "time": 3,
          "time_down_event": {
          "event": "gone",
          "target": "self"
          }
        },
      "minecraft:collision_box": {
        "width": 0.25,
        "height": 0.25
      },
      "minecraft:projectile": {
        "onHit": {
          "impact_damage": {
            "damage": 17,
            "knockback": false,
            "semi_random_diff_damage": false,
            "destroy_on_hit": true
          },
          "arrow_effect": {}
        },
        "power": 1.5,
        "gravity": 0.7,
        "angleoffset": 2.0
      },
      "minecraft:physics": {}
    }
  }
}