{
  "format_version": "1.10.0",
  "minecraft:entity": {
    "description": {
      "identifier": "fed:wtml_cc",
      "is_spawnable": false,
      "is_summonable": true,
      "is_experimental": false,
      "runtime_identifier": "minecraft:snowball"
    },
    "component_groups": {
      "exploding": {
        "minecraft:explode": {
          "fuseLength": 0.5,
          "power": 0.1,
          "fuseLit": true,
          "causesFire": true
        }
      }
    },
  "components": {
        "minecraft:timer": {
          "time": 2,
          "time_down_event": {
          "event": "gone",
          "target": "self"
          }
        },
      "minecraft:collision_box": {
        "width": 0.25,
        "height": 0.25
      },
      "minecraft:projectile": {
        "onHit": {
          "impact_damage": {
            "damage": 8,
            "knockback": false,
            "semi_random_diff_damage": false,
            "destroy_on_hit": true
          },
          "stick_in_ground": {
            "shake_time": 0.35
          },
          "arrow_effect": {}
        },
        "power": 1.5,
        "gravity": 0.02,
        "angleoffset": 4.5
      },
      "minecraft:physics": {},
      "minecraft:explode": {
        "fuseLength": 0.5,
        "power": 0.06,
        "fuseLit": true,
        "causesFire": true
      }
    }
  }
}