{
  "format_version": "1.10",
  "minecraft:entity": {
    "description": {
      "identifier": "fed:cc",
      "is_spawnable": false,
      "is_summonable": true,
      "is_experimental": false,
			"runtime_identifier": "minecraft:snowball"
    },
    "component_groups": {
      "minecraft:exploding": {
        "minecraft:explode": {
          "fuseLength": 0,
          "fuseLit": true,
          "power": 0,
          "causesFire": false,
          "destroyAffectedByGriefing": false
        }
      }
    },
  "components": {
        "minecraft:timer": {
          "time": 2,
          "time_down_event": {
          "event": "gone",
          "target": "self"
          }
        },
   "minecraft:collision_box": {
    "width": 1.0,
    "height": 1.0
   },
"minecraft:type_family": {
"family": [ "ender","cc"]
},
   "minecraft:projectile": {
    
    "onHit": {
     "impact_damage": {
      "damage": 7,
      "knockback": false,
      "semirandomdiffdamage": false,
      "shouldbounce": true,
      "destroyonhit": true
     },
     "spawn_chance": {
     },
          "remove_on_hit": { },
      "mob_effect": {
        "effect": "",
        "durationeasy": 275,
        "durationnormal": 275,
        "durationhard": 275,
        "amplifier": 0
      }
    },
    "power": 1.6,
    "gravity": 0,
    "uncertaintyBase": 16,
    "uncertaintyMultiplier": 4,
    "anchor": 1,
    "angle_offset": 0.0
   }
  },
"events": {

      "gone": {
        "remove": {
        },
        "add": {
          "component_groups": [
            "minecraft:exploding"
          ]
        }
      }
}
  }
}