{
    "format_version": "1.10.0",
    "animation_controllers": {
"controller.animation.pvz_doom.explosion": {
        "states": {
          "default": {
            "transitions": [
              {
                "walking": "query.is_roaring"
              }
            ]
          },
          "walking": {
            "transitions": [
              {
                "default": "(0.0)"
              }
            ],
            "on_entry": [
              "/particle pvz:doom_explode ~~~",  "/kill @e[type=zombie,r=4]", "/kill @e[type=skeleton,r=4]", "/kill @e[type=spider,r=4]", "/kill @e[type=husk,r=4]", "/kill @e[type=drowned,r=4]", "/kill @e[type=pillager,r=4]", "/kill @e[type=evoker,r=4]", "/kill @e[type=vindicator,r=4]", "/kill @e[r=0]", "/playsound random.explode @a[r=10]", "/kill @e[type=minecrab:dancing_zombie,r=4]", "/kill @e[type=minecrab:peasant_zombie,r=4]", "/kill @e[type=minecraft:zombie_villager,r=4]", "/kill @e[type=minecraft:zombie_villager_v2,r=4]"
            ]
          }
        }
      },
      "controller.animation.potato_mine.explosion": {
        "states": {
          "default": {
            "transitions": [
              {
                "walking": "query.is_roaring"
              }
            ]
          },
          "walking": {
            "transitions": [
              {
                "default": "(0.0)"
              }
            ],
            "on_entry": [
              "/kill @e[type=zombie,r=3]", "/kill @e[type=skeleton,r=3]", "/kill @e[type=spider,r=3]", "/kill @e[type=husk,r=3]", "/kill @e[type=drowned,r=3]", "/kill @e[type=pillager,r=3]", "/kill @e[type=evoker,r=3]", "/kill @e[type=vindicator,r=3]", "/kill @e[r=0]", "/playsound random.explode @a[r=7]", "/kill @e[type=minecrab:dancing_zombie,r=3]", "/kill @e[type=minecrab:peasant_zombie,r=4]", "/kill @s", "/kill @e[type=minecraft:zombie_villager,r=4]", "/kill @e[type=minecraft:zombie_villager_v2,r=4]"
            ]
          }
        }
      },
      "controller.animation.primal_potato_mine.explosion": {
        "states": {
          "default": {
            "transitions": [
              {
                "walking": "query.is_saddled"
              }
            ]
          },
          "walking": {
            "transitions": [
              {
                "default": "(0.0)"
              }
            ],
            "on_entry": [
              "/kill @e[type=zombie,r=5]", "/kill @e[type=skeleton,r=5]", "/kill @e[type=spider,r=5]", "/kill @e[type=husk,r=5]", "/kill @e[type=drowned,r=5]", "/kill @e[type=ravager,r=5]", "/kill @e[type=pillager,r=5]", "/kill @e[type=evoker,r=5]", "/kill @e[type=vindicator,r=5]", "/kill @e[r=0]", "/playsound random.explode @a[r=7]", "/kill @e[type=minecrab:dancing_zombie,r=5]", "/kill @e[type=minecrab:peasant_zombie,r=5]", "/kill @s", "/kill @e[type=minecraft:zombie_villager,r=4]", "/kill @e[type=minecraft:zombie_villager_v2,r=4]"
            ]
          }
        }
      }
    }
  }