{
	"format_version": "1.10.0",
	"minecraft:client_entity": {
		"description": {
			"identifier": "pvz:fireball",
			"materials": {
				"default": "villager_v2"
			},
			"textures": {
				"default": "textures/entity/fireball"
			},
			"geometry": {
				"default": "geometry.fireball"
			},
			"render_controllers": [
				"controller.render.default"
			],
			"spawn_egg": {
				"base_color": "#1acee9",
				"overlay_color": "#b4d6db"
			},
			"scripts": {
				"animate": [
					"general"
				]
			},
			"animations": {
				"general": "controller.animation.chomper.general",
				"idle": "animation.chomper.idle",
				"attack": "animation.chomper.attack"
			}
		}
	}
}