{
	"format_version": "1.8.0",
	"animations": {
		"animation.chomper.eat": {
			"loop": true,
			"animation_length": 0.56,
			"bones": {
				"stem2": {
					"rotation": {
						"0.0": [0, 0, 0],
						"0.24": [0, 0, 5],
						"0.52": [0, 0, 0]
					}
				},
				"stem3": {
					"rotation": {
						"0.0": [0, 0, 0],
						"0.24": [0, 0, 12.5],
						"0.56": [0, 0, 0]
					}
				},
				"stem4": {
					"rotation": {
						"0.0": [0, 0, 0],
						"0.24": [0, 0, 10],
						"0.52": [0, 0, 0]
					}
				},
				"stem5": {
					"rotation": [0, 0, 15]
				},
				"upper": {
					"rotation": {
						"0.0": [0, 0, 5],
						"0.28": [0, 0, 1.31],
						"0.56": [0, 0, 2.5]
					}
				},
				"lower": {
					"rotation": {
						"0.0": [0, 0, -20],
						"0.24": [0, 0, -26.92],
						"0.28": [0, 0, -19.09],
						"0.52": [0, 0, -24.58]
					}
				}
			}
		}
	}
}