{
	"format_version": "1.8.0",
	"animations": {
		"animation.repeater.idle": {
			"loop": true,
			"animation_length": 2,
			"bones": {
				"leaves": {
					"rotation": {
						"0.0": [0, 0, 0],
						"0.4": [0, 0, 10],
						"0.8": [0, 0, -5],
						"1.2": [0, 0, 10],
						"1.6": [0, 0, -5],
						"2.0": [0, 0, 0]
					},
					"position": [0, 0, 0],
					"scale": 1
				},
				"stem": {
					"rotation": {
						"0.0": [0, 0, 0],
						"0.4": [10, 0, 0],
						"0.8": [0, 0, 0],
						"1.2": [10, 0, 0],
						"1.6": [-10, 0, 0],
						"2.0": [5, 0, 0]
					}
				},
				"head": {
					"rotation": {
						"0.0": [0, 0, 0],
						"0.4": [5, 0, 0],
						"0.8": [-10, 0, 0],
						"1.2": [0, 0, 0],
						"1.6": [-5, 0, 0],
						"2.0": [0, 0, 0]
					},
					"position": {
						"0.0": [0, 0, 0],
						"0.4": [0, 0, -1],
						"0.8": [0, 0, 1],
						"1.2": [0, 0, -1],
						"1.6": [0, 0, 2],
						"2.0": [0, 0, 0]
					}
				},
				"upleaf": {
					"rotation": {
						"0.0": [0, 0, 0],
						"0.5667": [-25, 0, 0],
						"1.0": [5, 0, 0],
						"1.4": [5, 0, 0],
						"1.8": [5, 0, 0]
					},
					"position": {
						"0.0": [0, 0, 0],
						"0.5667": [-3, 1, -5],
						"1.0": [0, 0, 1],
						"1.4": [0, 0, 0],
						"1.8": [0, 0, 1]
					}
				},
				"upleaf2": {
					"rotation": {
						"0.0": [0, 0, 0],
						"0.6": [-22.5, -5, 10],
						"1.2": [-35, 0, 10],
						"1.8": [-30, 0, 10]
					},
					"position": {
						"0.0": [0, 0, 0],
						"0.6": [2, 2, -4],
						"1.2": [3, 3, -6],
						"1.8": [2, 2, -5]
					}
				},
				"upleaf3": {
					"rotation": {
						"0.0": [0, 0, 0],
						"0.6": [-5, 0, 0],
						"1.2": [5, -2.5, 0],
						"1.8": [-20, -2.5, 0]
					},
					"position": {
						"0.0": [0, 0, 0],
						"0.6": [0, 0, 0],
						"1.2": [0, 0, 2],
						"1.8": [0, 2, -3]
					}
				},
				"upleaf4": {
					"rotation": {
						"0.0": [0, 0, 0],
						"0.6": [-15, 0, 0],
						"1.2": [2.5, 0, 0],
						"1.8": [-7.5, 0, 0]
					},
					"position": {
						"0.0": [0, 0, 0],
						"0.6": [0, 2, -3],
						"1.2": [0, 0, 1],
						"1.8": [0, 0, -1]
					}
				}
			}
		},
		"animation.repeater.attack": {
			"animation_length": 1.8,
			"bones": {
				"leaves": {
					"rotation": {
						"0.0": [0, 0, 0],
						"0.6": [-5, 0, 0],
						"1.1167": [10, 0, 0],
						"1.8": [5, 0, 0]
					},
					"position": [0, 0, 0],
					"scale": {
						"0.0": [1, 1, 1],
						"0.6": [1, 1, 0.9]
					}
				},
				"stem": {
					"rotation": {
						"0.0": [0, 0, 0],
						"0.6": [-5, 0, 0],
						"1.1167": [20, 0, 0],
						"1.8": [0, 0, 0]
					},
					"position": [0, 0, 0],
					"scale": {
						"0.0": [1, 1, 1],
						"1.1167": [1, 1.1, 1],
						"1.8": [1, 1, 1]
					}
				},
				"head": {
					"rotation": {
						"0.0": [0, 0, 0],
						"0.6": [-10, 0, 0],
						"1.1167": [-10, 0, 0],
						"1.8": [0, 0, 0]
					},
					"position": {
						"0.0": [0, 0, 0],
						"0.6": [0, 0, 1],
						"1.1167": [0, 0, -2],
						"1.8": [0, 0, 0]
					},
					"scale": 1
				},
				"snout": {
					"rotation": [0, 0, 0],
					"position": [0, 0, 0],
					"scale": {
						"0.0": [1, 1, 1],
						"0.6": [1, 1, 0.8],
						"1.1167": [1, 1, 1.4],
						"1.8": [1, 1, 1.3]
					}
				}
			}
		}
	}
}