{
	"format_version": "1.8.0",
	"animations": {
		"animation.shadowshroom.idle": {
       "loop": true,
			"animation_length": 2.2,
			"bones": {
				"upper": {
					"rotation": {
						"0.0": [0, 0, 0],
						"0.6": [10, 22.5, 0],
						"1.2": [5, -10, -7.5],
						"1.8": [5, 0, 0],
						"2.2": [5, 0, 0]
					},
					"position": {
						"0.0": [0, 0, 0],
						"0.6": [0, 0, 0],
						"1.2": [2, 0, 0],
						"1.8": [0, 0, 0],
						"2.2": [0, 0, 0]
					}
				},
				"lower": {
					"rotation": {
						"0.0": [0, 0, 0],
						"0.6": [7.5, 0, 0],
						"1.2": [2.5, 0, -5],
						"1.8": [2.5, 0, 0],
						"2.2": [2.5, 0, 0]
					},
					"position": {
						"0.0": [0, 0, 0],
						"0.6": [0, 1, 0],
						"1.2": [0, 0, 0],
						"1.8": [0, 0, 0],
						"2.2": [0, 0, 0]
					}
				},
				"puddle": {
					"rotation": {
						"0.6": [0, -2.5, 0],
						"2.2": [0, -2.5, 0]
					},
					"position": [0, 0, 0]
				},
				"tongue": {
					"rotation": {
						"0.0": [0, 0, 0],
						"0.6": [0, 0, 0],
						"1.2": [0, 0, 0],
						"1.8": [0, 0, 0],
						"2.2": [0, 0, 0]
					},
					"position": {
						"0.0": [0, 0, 0],
						"0.6": [0, 0, 0],
						"1.2": [0, 0, 7],
						"1.8": [0, 0, 0],
						"2.2": [0, 0, 0]
					}
				},
				"droplet": {
					"rotation": {
						"0.0": [0, 0, 0],
						"0.6": [2.5, 20, 0],
						"1.2": [2.5, -12.5, -7.5],
						"1.8": [2.5, 7.5, -2.5],
						"2.2": [2.5, 7.5, -2.5]
					},
					"position": {
						"0.0": [0, 0, 0],
						"0.6": [0, 0, 0],
						"1.2": [2, 0, 0],
						"1.8": [0, 0, 0],
						"2.2": [0, 0, 0]
					}
				}
			}
		}
	}
}