{
  "format_version": "1.8.0",
  "minecraft:entity": {
    "description": {
      "identifier": "pvz:giga_gargantuar",
      "is_spawnable": true,
      "is_summonable": true,
      "is_experimental": false,
      "runtime_identifier": "minecraft:zombie"
    },
    "components": {
      "minecraft:on_target_acquired": {},
      "minecraft:behavior.summon_entity": {
        "priority": 0,
        "probability": 100,
        "summon_choices": [
          {
            "weight": 1,
            "cooldown_time": 1000.0,
            "cast_duration": 1,
            "start_sound_event": "plop",
            "sequence": [
              {
                "shape": "circle",
                "target": "self",
                "base_delay": 10,
                "delay_per_summon": 0.0,
                "num_entities_spawned": 1,
                "entity_type": "pvz:imp",
                "entity_lifespan": 1000.0,
                "size": 0.90,
                "sound_event": "prepare.summon"
              }
            ]
          }
        ]
      },
      "minecraft:nameable": {
      },
      "minecraft:breathable": {
        "totalSupply": 15,
        "suffocateTime": 0,
        "breathesWater": true
      },
      "minecraft:health": {
        "value": 210,
        "max": 210
      },
      "minecraft:collision_box": {
        "width": 0.6,
        "height": 2.0
      },
      "minecraft:attack": {
        "damage": 60
                },
               "minecraft:loot": {
                    "table": "loot_tables/zombie/football.json"
      },
      "minecraft:equipment": {
        "table": "loot_tables/entities/empty.json"
      },
      "minecraft:movement": {
        "value": 0.16
      },
      "minecraft:navigation.walk": {
        "is_amphibious": true,
        "avoid_sun": false,
        "avoid_water": true
      },
      "minecraft:movement.basic": {
      },
      "minecraft:jump.static": {
      },
      "minecraft:can_climb": {
      },
      "minecraft:scale": {
        "value": 1.1
      },
      "minecraft:behavior.hurt_by_target": {
        "priority": 1
      },
    "minecraft:knockback_resistance": {
        "value": 100
      },   "minecraft:behavior.nearest_attackable_target": {
        "priority": 4,
        "within_radius": 500,
        "reselect_targets": true,
        "entity_types": [
          {
            "filters": { 
                "any_of": [
                  { "test" : "is_family", "subject" : "other", "value" : "player"},
                  { "test" : "is_family", "subject" : "other", "value" : "villager"},
                  { "test" : "is_family", "subject" : "other", "value" : "wandering_trader"},
				  { "test" : "is_family", "subject" : "other", "value" : "irongolem"}
                ]
            },
            "max_dist": 500
          }
        ],
        "must_see": true,
        "must_see_forget_duration": 17.0
      },
      "minecraft:behavior.melee_attack": {
        "priority": 4,
        "track_target": false
      },
      "minecraft:behavior.random_stroll": {
        "priority": 5,
        "speed_multiplier": 1
      },
          "minecraft:behavior.take_flower":{
          "priority": 4
        },
      "minecraft:behavior.look_at_player": {
        "priority": 6,
        "look_distance": 8
      },
      "minecraft:behavior.random_look_around": {
        "priority": 6
      },
      "minecraft:type_family": {
        "family": [ "monster", "undead" ]
      },
      "minecraft:physics": {
      }
    },
    "events": {
      "minecraft:entity_spawned": {
      }
    }
  }
}