{
    "format_version": "1.8.0",
    "minecraft:entity": {
        "description": {
            "identifier": "pvz:newspaper_zombie",
            "is_spawnable": true,
            "is_summonable": true,
            "is_experimental": false
        },
        "component_groups": {
            "minecraft:zombie_adult": {
                "minecraft:movement": {
                    "value": 0.16
                }
            },
            "minecraft:ghost": {
                "minecraft:transformation": {
                    "into": "pvz:newspaper_zombie_angry",
                    "delay": 0.1
                },
                "minecraft:projectile": {
                    "onHit": {
                        "grant_xp": {
                            "minXP": null,
                            "maxXP": null
                        },
                        "remove_on_hit": {}
                    }
                }
            },
            "wd:hurt": {
                "minecraft:timer": {
                    "time": 0,
                    "time_down_event": {
                        "event": "wd:hurt_off"
                    }
                },
                "minecraft:spawn_entity": [
                    {
                        "min_wait_time": 0,
                        "max_wait_time": 0,
                        "single_use": true,
                        "spawn_entity": "()",
                        "num_to_spawn": 1
                    }
                ]
            },
            "wd:hurt_inside": {
                "minecraft:damage_sensor": [
                    {
                        "on_damage": {
                            "filters": {
                                "with_damage_fatal": true
                            },
                            "event": "minecraft:event_ghost"
                        }
                    },
                    {
                        "on_damage": {
                            "event": "wd:hurt",
                            "filters": {
                                "all_of": [
                                    {
                                        "test": "is_family",
                                        "subject": "other",
                                        "value": "player"
                                    }
                                ]
                            },
                            "target": "other"
                        }
                    }
                ]
            }
        },
        "components": {
            "minecraft:nameable": {},
            "minecraft:type_family": {
                "family": [
                    "zombie",
                    "undead",
                    "monster"
                ]
            },
            "minecraft:collision_box": {
                "width": 0.6,
                "height": 1.9
            },
            "minecraft:movement.basic": {},
            "minecraft:navigation.walk": {
                "is_amphibious": true,
                "can_pass_doors": false,
                "can_walk": true,
                "can_break_doors": true
            },
            "minecraft:knockback_resistance": {
                "value": 0
            },
            "minecraft:annotation.break_door": {},
            "minecraft:jump.static": {},
            "minecraft:can_climb": {},
            "minecraft:health": {
                "value": 20,
                "max": 20
            },
            "minecraft:hurt_on_condition": {
                "damage_conditions": [
                    {
                        "filters": {
                            "test": "in_lava",
                            "subject": "self",
                            "operator": "==",
                            "value": true
                        },
                        "cause": "lava",
                        "damage_per_tick": 4
                    }
                ]
            },
            "minecraft:breathable": {
                "total_supply": 15,
                "suffocate_time": 0,
                "breathes_air": true,
                "breathes_water": true
            },
            "minecraft:attack": {
                "damage": 3
            },
            "minecraft:loot": {
                "table": "loot_tables/zombie/normal.json"
            },
            "minecraft:behavior.melee_attack": {
                "priority": 3,
                "speed_multiplier": 1,
                "track_target": false
            },
            "minecraft:behavior.stomp_turtle_egg": {
                "priority": 4,
                "speed_multiplier": 1,
                "search_range": 10,
                "search_height": 3,
                "goal_radius": 1.14,
                "search_count": 4,
                "interval": 20
            },
            "minecraft:behavior.move_towards_restriction": {
                "priority": 5,
                "speed_multiplier": 1
            },
            "minecraft:behavior.random_stroll": {
                "priority": 6,
                "speed_multiplier": 1
            },
            "minecraft:behavior.look_at_player": {
                "priority": 7,
                "look_distance": 6,
                "probability": 0.02
            },
            "minecraft:behavior.random_look_around": {
                "priority": 7
            },
            "minecraft:behavior.hurt_by_target": {
                "priority": 1
            },
            "minecraft:behavior.nearest_attackable_target": {
                "priority": 2,
                "within_radius": 500,
                "reselect_targets": true,
                "entity_types": [
                    {
                        "filters": {
                            "any_of": [
                                {
                                    "test": "is_family",
                                    "subject": "other",
                                    "value": "player"
                                },
                                {
                                    "test": "is_family",
                                    "subject": "other",
                                    "value": "villager"
                                },
                                {
                                    "test": "is_family",
                                    "subject": "other",
                                    "value": "plant"
                                }
                            ]
                        },
                        "max_dist": 500
                    },
                    {
                        "filters": {
                            "any_of": [
                                {
                                    "test": "is_family",
                                    "subject": "other",
                                    "value": "villager"
                                },
                                {
                                    "test": "is_family",
                                    "subject": "other",
                                    "value": "iron_golem"
                                }
                            ]
                        },
                        "max_dist": 500,
                        "must_see": false
                    },
                    {
                        "filters": {
                            "all_of": [
                                {
                                    "test": "is_family",
                                    "subject": "other",
                                    "value": "baby_turtle"
                                },
                                {
                                    "test": "in_water",
                                    "subject": "other",
                                    "operator": "!=",
                                    "value": true
                                }
                            ]
                        },
                        "max_dist": 500
                    }
                ],
                "must_see": true,
                "must_see_forget_duration": 17
            },
            "minecraft:physics": {},
            "minecraft:pushable": {
                "is_pushable": true,
                "is_pushable_by_piston": true
            },
            "minecraft:damage_sensor": [
                {
                    "on_damage": {
                        "filters": {
                            "with_damage_fatal": true
                        },
                        "event": "minecraft:event_ghost"
                    }
                },
                {
                    "on_damage": {
                        "event": "wd:hurt",
                        "filters": {
                            "all_of": [
                                {
                                    "test": "is_family",
                                    "subject": "other",
                                    "value": "player"
                                }
                            ]
                        },
                        "target": "self"
                    }
                }
            ],
            "minecraft:target_nearby_sensor": {
                "inside_range": 2.5,
                "outside_range": 2.6,
                "must_see": true,
                "on_inside_range": {
                    "event": "wd:hurt_sensor_inside",
                    "target": "self"
                },
                "on_outside_range": {
                    "event": "wd:hurt_sensor_outside",
                    "target": "self"
                },
                "on_vision_lost_inside_range": {
                    "event": "wd:hurt_sensor_outside",
                    "target": "self"
                }
            },
            "minecraft:behavior.mount_pathing": {
                "target_dist": 10,
                "track_target": true,
                "priority": 1,
                "speed_multiplier": 1
            }
        },
        "events": {
            "minecraft:entity_spawned": {
                "add": {
                    "component_groups": [
                        "minecraft:zombie_adult",
                        "wd:hurt_inside"
                    ]
                }
            },
            "minecraft:event_ghost": {
                "remove": {
                    "component_groups": [
                        "wd:hurt",
                        "wd:hurt_inside"
                    ]
                },
                "add": {
                    "component_groups": [
                        "minecraft:ghost"
                    ]
                }
            },
            "wd:hurt_off": {
                "remove": {
                    "component_groups": [
                        "wd:hurt"
                    ]
                }
            },
            "wd:hurt": {
                "add": {
                    "component_groups": [
                        "wd:hurt"
                    ]
                }
            },
            "wd:hurt_sensor_outside": {
                "remove": {
                    "component_groups": [
                        "wd:hurt_inside"
                    ]
                }
            },
            "wd:hurt_sensor_inside": {
                "add": {
                    "component_groups": [
                        "wd:hurt_inside"
                    ]
                }
            }
        }
    }
}