{
    "format_version": "1.8.0",
    "minecraft:entity": {
        "description": {
            "identifier": "pvz:zomboss_dead",
            "is_spawnable": te,
            "is_summonable": true,
            "is_experimental": false,
            "runtime_identifier": "minecraft:zombie"
        },
        "component_groups": {
            "minecraft:is_dead": {
                "minecraft:transformation": {
                    "into": "pvz:zomboss_dead"
                }
            },
            "components": {
                "minecraft:on_target_acquired": {},
                "minecraft:behavior.summon_entity": {
                    "priority": 2,
                    "probability": 100,
                    "summon_choices": [
                        {
                            "min_activation_range": 0,
                            "max_activation_range": 30,
                            "cooldown_time": 9,
                            "weight": 1,
                            "cast_duration": 1,
                            "particle_color": "#FF664D59",
                            "start_sound_event": "cast.spell",
                            "sequence": [
                                {
                                    "shape": "line",
                                    "target": "self",
                                    "base_delay": 1,
                                    "delay_per_summon": 0,
                                    "num_entities_spawned": 5,
                                    "entity_type": "pvz:regular_zombie",
                                    "size": 1.5,
                                    "entity_lifespan": 99999,
                                    "sound_event": "prepare.attack"
                                },
                                {
                                    "shape": "line",
                                    "target": "self",
                                    "base_delay": 0.15,
                                    "delay_per_summon": 0,
                                    "num_entities_spawned": 4,
                                    "entity_type": "pvz:conehead_zombie",
                                    "size": 2.5,
                                    "entity_lifespan": 999999
                                }
                            ]
                        },
                        {
                            "min_activation_range": 0,
                            "weight": 1,
                            "cooldown_time": 5,
                            "cast_duration": 2,
                            "particle_color": "#FF664D59",
                            "start_sound_event": "cast.spell",
                            "sequence": [
                                {
                                    "shape": "line",
                                    "target": "self",
                                    "base_delay": 3,
                                    "delay_per_summon": 0.05,
                                    "num_entities_spawned": 2,
                                    "entity_type": "pvz:buckehead_zombie",
                                    "size": 20,
                                    "entity_lifespan": 99999
                                }
                            ]
                        },
                        {
                            "weight": 1,
                            "cooldown_time": 17,
                            "cast_duration": 5,
                            "particle_color": "#FFB3B3CC",
                            "sequence": [
                                {
                                    "shape": "circle",
                                    "target": "self",
                                    "base_delay": 2,
                                    "num_entities_spawned": 1,
                                    "entity_type": "pvz:football_zombie",
                                    "summon_cap": 8,
                                    "summon_cap_radius": 16,
                                    "size": 1,
                                    "sound_event": "prepare.summon"
                                }
                            ]
                        }
                    ]
                },
                "minecraft:behavior.send_event": {
                    "priority": 3,
                    "event_choices": [
                        {
                            "min_activation_range": 0,
                            "max_activation_range": 30,
                            "cooldown_time": 5,
                            "cast_duration": 3,
                            "particle_color": "#FFB38033",
                            "weight": 1,
                            "filters": {
                                "all_of": [
                                    {
                                        "test": "is_family",
                                        "subject": "other",
                                        "value": "sheep"
                                    },
                                    {
                                        "test": "is_color",
                                        "subject": "other",
                                        "value": "blue"
                                    }
                                ]
                            },
                            "start_sound_event": "cast.spell",
                            "sequence": [
                                {
                                    "base_delay": 2,
                                    "event": "wololo",
                                    "sound_event": "prepare.wololo"
                                }
                            ]
                        }
                    ]
                },
                "minecraft:nameable": {},
                "minecraft:breathable": {
                    "totalSupply": 15,
                    "suffocateTime": 0,
                    "breathesWater": true
                },
                "minecraft:health": {
                    "value": 500,
                    "max": 500
                },
                "minecraft:collision_box": {
                    "width": 3,
                    "height": 4
                },
                "minecraft:attack": {
                    "damage": 4
                },
                "minecraft:loot": {
                    "table": "loot_tables\/zombie\/zomboss.json"
                },
                "minecraft:equipment": {
                    "table": "loot_tables\/entities\/empty.json"
                },
                "minecraft:movement": {
                    "value": 0.1
                },
                "minecraft:navigation.walk": {
                    "is_amphibious": true,
                    "avoid_sun": false,
                    "avoid_water": true
                },
                "minecraft:movement.basic": {},
                "minecraft:jump.static": {},
                "minecraft:can_climb": {},
                "minecraft:scale": {
                    "value": 2.0625
                },
                "minecraft:behavior.hurt_by_target": {
                    "priority": 1
                },
                "minecraft:knockback_resistance": {
                    "value": 100
                },
                "minecraft:damage_sensor": [
                    {
                        "on_damage": {
                            "filters": {
                                "all_of": [
                                    {
                                        "test": "has_damage",
                                        "value": "fatal"
                                    }
                                ]
                            },
                            "event": "minecraft:event_spawn_dead"
                        }
                    }
                ]
            },
            "minecraft:behavior.nearest_attackable_target": {
                "priority": 4,
                "within_radius": 80,
                "reselect_targets": true,
                "entity_types": [
                    {
                        "filters": {
                            "any_of": [
                                {
                                    "test": "is_family",
                                    "subject": "other",
                                    "value": "player"
                                },
                                {
                                    "test": "is_family",
                                    "subject": "other",
                                    "value": "villager"
                                },
                                {
                                    "test": "is_family",
                                    "subject": "other",
                                    "value": "wandering_trader"
                                },
                                {
                                    "test": "is_family",
                                    "subject": "other",
                                    "value": "irongolem"
                                }
                            ]
                        },
                        "max_dist": 80
                    }
                ],
                "must_see": true,
                "must_see_forget_duration": 17
            },
            "minecraft:behavior.melee_attack": {
                "priority": 4,
                "track_target": true
            },
            "minecraft:behavior.random_stroll": {
                "priority": 5,
                "speed_multiplier": 1
            },
            "minecraft:behavior.take_flower": {
                "priority": 4
            },
            "minecraft:behavior.look_at_player": {
                "priority": 6,
                "look_distance": 8
            },
            "minecraft:behavior.random_look_around": {
                "priority": 6
            },
            "minecraft:type_family": {
                "family": [
                    "monster",
                    "undead"
                ]
            },
            "minecraft:physics": {}
        },
        "events": {
            "minecraft:event_spawn_dead": {
                "add": {
                    "component_groups": [
                        "minecraft:is_dead"
                    ]
                }
            }
        }
    }
}