{
  "format_version": "1.8.0",
  "minecraft:entity": {
    "description": {
      "identifier": "pvz:zomboss",
      "is_spawnable": true,
      "is_summonable": true,
      "is_experimental": false,
      "runtime_identifier": "minecraft:zombie"
    },
    "components": {
      "minecraft:on_target_acquired": {},
       "minecraft:behavior.summon_entity": {
        "priority": 3,
        "probability": 100.0,
        "summon_choices": [
          {
            "min_activation_range": 0.0,
            "max_activation_range": 50,
            "cooldown_time": 2.6,
            "weight": 1,
            "cast_duration": 2.0,
            "particle_color": "#FF664D59",
            "start_sound_event": "cast.spell",
            "sequence": [
              {
                "shape": "line",
                "target": "self",
                "base_delay": 0.1,
                "delay_per_summon": 0.3,
                "num_entities_spawned": 5,
                "entity_type": "pvz:regular_zombie",
                "size": 1,
                "entity_lifespan": 999999,
                "sound_event": "prepare.attack"
              },
              {
                "shape": "line",
                "target": "self",
                "base_delay": 3,
                "delay_per_summon": 0.3,
                "num_entities_spawned": 3,
                "entity_type": "pvz:conehead_zombie",
                "size": 1,
                "entity_lifespan": 99999
              },
              {
                "shape": "line",
                "target": "self",
                "base_delay": 2,
                "delay_per_summon": 0.3,
                "num_entities_spawned": 3,
                "entity_type": "pvz:",
                "size": 1,
                "entity_lifespan": 99999
              }
            ]
          },
          {
            "min_activation_range": 3.0,
            "weight": 1,
            "cooldown_time": 5.0,
            "cast_duration": 2.0,
            "particle_color": "#FF664D59",
            "start_sound_event": "cast.spell",
            "sequence": [
              {
                "shape": "line",
                "target": "self",
                "base_delay": 1,
                "delay_per_summon": 0.3,
                "num_entities_spawned": 2,
                "entity_type": "pvz:buckethead_zombie",
                "size": 1,
                "entity_lifespan": 99999
              }
            ]
          }
        ]
      },
      "minecraft:nameable": {
      },
      "minecraft:breathable": {
        "totalSupply": 15,
        "suffocateTime": 0,
        "breathesWater": true
      },
      "minecraft:health": {
        "value": 550,
        "max": 550
      },
      "minecraft:collision_box": {
        "width": 2,
        "height": 4
      },
      "minecraft:attack": {
        "damage": 10
            },
            "minecraft:loot": {
                "table": "loot_tables/zombie/zomboss.json"
      },
      "minecraft:equipment": {
        "table": "loot_tables/entities/empty.json"
      },
      "minecraft:movement": {
        "value": 0.0
      },
      "minecraft:navigation.walk": {
        "is_amphibious": true,
        "avoid_sun": false,
        "avoid_water": true
      },
      "minecraft:movement.basic": {
      },
      "minecraft:jump.static": {
      },
      "minecraft:can_climb": {
      },
      "minecraft:scale": {
        "value": 2
		},
      "minecraft:pushable": {
        "is_pushable": false,
        "is_pushable_by_piston": false
      },
      "minecraft:behavior.hurt_by_target": {
        "priority": 1
      },
        "minecraft:boss": {
        "name":"§eZomboss",
        "should_darken_sky": false,
        "hud_range": 20
      },
    "minecraft:knockback_resistance": {
        "value": 100
      },     "minecraft:behavior.nearest_attackable_target": {
        "priority": 4,
        "within_radius": 80,
        "reselect_targets": true,
        "entity_types": [
          {
            "filters": { 
                "any_of": [
                  { "test" : "is_family", "subject" : "other", "value" : "player"},
                  { "test" : "is_family", "subject" : "other", "value" : "villager"},
                  { "test" : "is_family", "subject" : "other", "value" : "wandering_trader"},
				  { "test" : "is_family", "subject" : "other", "value" : "irongolem"}
                ]
            },
            "max_dist": 80
          }
        ],
        "must_see": false,
        "must_see_forget_duration": 17.0
      },
      "minecraft:behavior.melee_attack": {
        "priority": 4,
        "track_target": false
      },
      "minecraft:behavior.random_stroll": {
        "priority": 5,
        "speed_multiplier": 1
      },
          "minecraft:behavior.take_flower":{
          "priority": 4
        },
      "minecraft:behavior.look_at_player": {
        "priority": 6,
        "look_distance": 8
      },
      "minecraft:behavior.random_look_around": {
        "priority": 6
      },
      "minecraft:type_family": {
        "family": [ "monster", "undead" ]
      },
      "minecraft:physics": {
      }
    },

    "events": {
      "minecraft:entity_spawned": {

      }
    }
  }
}
