{
    "format_version": "1.16.0",
    "minecraft:block": {
        "description": {
            "identifier": "pvz:pot",
            "register_to_creative_menu": true
        },
        "components": {
            "minecraft:geometry": "geometry.pot",
            "minecraft:destroy_time": 1,
            "minecraft:map_color": "#c26700",
            "minecraft:material_instances": {
                "*": {
                    "texture": "pot",
                    "render_method": "blend"
                }
            },
            "minecraft:entity_collision": {
                "origin": [
                    -7,
                    0,
                    -7
                ],
                "size": [
                    14,
                    3,
                    14
                ]
            },
            "minecraft:flammable": {
                "flame_odds": 0,
                "burn_odds": 0
            },
            "minecraft:block_light_emission": 0,
            "minecraft:pick_collision": {
                "origin": [
                    -7,
                    0,
                    -7
                ],
                "size": [
                    14,
                    3,
                    14
                ]
            },
            "minecraft:block_light_absorption": 0
        }
    }
}