{
	"format_version": "1.8.0",
	"animations": {
		"animation.boss_eg.attack": {
			"loop": true,
			"animation_length": 12,
			"bones": {
				"leftarm": {
					"rotation": ["-90 - ((math.sin(variable.attack_time * 180.0) * 57.3) * 1.2 - (math.sin((1.0 - (1.0 - variable.attack_time) * (1.0 - variable.attack_time)) * 180.0) * 57.3) * 0.4) - (math.sin(query.life_time * 76.776372) * 2.865) - this", "5.73 - ((math.sin(variable.attack_time * 180.0) * 57.3) * 0.6) - this", "math.cos(query.life_time * 103.13244) * -2.865 - 2.865 - this"]
				},
				"rightarm": {
					"rotation": ["-90 - ((math.sin(variable.attack_time * 180.0) * 57.3) * 1.2 - (math.sin((1.0 - (1.0 - variable.attack_time) * (1.0 - variable.attack_time)) * 180.0) * 57.3) * 0.4) + (math.sin(query.life_time * 76.776372) * 2.865) - this", "(math.sin(variable.attack_time * 180.0) * 57.3) * 0.6 - 5.73 - this", "math.cos(query.life_time * 103.13244) * 2.865 + 2.865 - this"]
				},
				"bone": {
					"rotation": {
						"0.0": [0, -370, 0],
						"3.16": [0, -180, 0],
						"3.72": [0, -360, 0],
						"4.6": [15, -360, 0],
						"6.12": [-0.73, -187.5, 0],
						"7.48": [-15, -387.5, 0],
						"9.4": [5, -350, 0],
						"12.0": [0, -370, 0]
					},
					"position": {
						"0.0": [0, 0, 0],
						"0.2": [0, 4, 0],
						"0.8": [0, 4, -10],
						"1.72": [0, -2, -14],
						"3.72": [0, -2, -4],
						"5.36": [0, -2, -4],
						"5.6": [0, 71, -4],
						"6.88": [0, 94, -48],
						"7.24": [0, 94, -94],
						"7.48": [0, -4, -15],
						"9.4": [0, 1, -8],
						"10.28": [0, 1, 17],
						"10.64": [0, 1, -298],
						"11.08": [0, 1, -3],
						"12.0": [0, 0, 0]
					}
				},
				"bone8": {
					"rotation": {
						"0.0": [0, 0, 0],
						"12.0": [0, 0, 0]
					}
				},
				"bone9": {
					"rotation": {
						"0.0": [0, -37.5, 0],
						"2.0": [0, -397.5, 0],
						"6.04": [0, -207.5, 0],
						"6.12": [0, -122.29, 0],
						"9.76": [0, -235, 0],
						"10.6": [0, 565, 0],
						"11.4": [0, 295, 0],
						"12.0": [0, -37.5, 0]
					}
				},
				"bone2": {
					"rotation": {
						"0.0": [0, 0, 0],
						"2.44": [7.5, 0, 0],
						"4.0": [0, 0, 0],
						"12.0": [0, 0, 0]
					},
					"position": {
						"0.0": [0, 0, 0],
						"12.0": [0, 0, 0]
					}
				},
				"bone15": {
					"rotation": {
						"0.0": [0, 0, 0],
						"2.64": [-17.5, 0, 0]
					},
					"scale": 1
				},
				"bone3": {
					"rotation": {
						"0.0": [0, 0, 0],
						"12.0": [0, 0, 0]
					},
					"position": {
						"0.0": [0, 0, 0],
						"12.0": [0, 0, 0]
					}
				},
				"bone6": {
					"scale": 1
				},
				"bone5": {
					"rotation": {
						"0.0": [0, 0, 0],
						"2.44": [22.5, 0, 0],
						"4.0": [10, 0, 0],
						"12.0": [0, 0, 0]
					},
					"position": {
						"0.0": [0, 0, 0],
						"12.0": [0, 0, 0]
					}
				},
				"bone10": {
					"rotation": {
						"2.44": [10, 0, 0],
						"4.0": [2.5, 0, 0]
					}
				},
				"bone13": {
					"rotation": {
						"0.0": [0, 0, 0],
						"2.64": [10, 0, 0],
						"4.0": [5, 0, 0],
						"12.0": [0, 0, 0]
					},
					"position": {
						"0.0": [0, 0, 0],
						"12.0": [0, 0, 0]
					}
				},
				"bone14": {
					"rotation": {
						"0.0": [0, 0, 0],
						"2.64": [-20, 0, 0],
						"4.0": [-5, 0, 0]
					}
				}
			}
		},
		"animation.humanoid.attack.rotations": {
			"loop": true,
			"bones": {
				"body": {
					"rotation": [0, "math.sin(math.sqrt(variable.attack_time) * 360) * 11.46 - this", 0]
				},
				"leftarm": {
					"rotation": ["math.sin(math.sqrt(variable.attack_time) * 360) * 11.46", 0, 0]
				},
				"rightarm": {
					"rotation": ["math.sin(1.0 - math.pow(1.0 - variable.attack_time, 3.0) * 180.0) * (variable.is_brandishing_spear ? -1.0 : 1.0 )", "variable.is_brandishing_spear ? 0.0 : (math.sin(math.sqrt(variable.attack_time) * 360) * 11.46) * 2.0", 0]
				}
			}
		},
		"animation.humanoid.base_pose": {
			"loop": true,
			"bones": {
				"waist": {
					"rotation": [0, 0, 0]
				}
			}
		},
		"animation.boss.bob": {
			"loop": true,
			"animation_length": 2.2,
			"bones": {
				"leftarm": {
					"rotation": [0, 0, "((math.cos(query.life_time * 103.2) * 2.865) + 2.865) *-1.0"]
				},
				"rightarm": {
					"rotation": [0, 0, "(math.cos(query.life_time * 103.2) * 2.865) + 2.865"]
				},
				"bone": {
					"position": {
						"0.0": [0, 0, 0],
						"1.12": [0, -1.25, 0],
						"2.2": [0, 0, 0]
					},
					"scale": 1
				},
				"bone8": {
					"scale": {
						"0.0": [1, 1, 1],
						"1.12": [1, 0.8, 1],
						"2.2": [1, 1, 1]
					}
				},
				"bone2": {
					"rotation": {
						"0.0": [0, 0, 0],
						"1.08": [5, 0, 0],
						"2.2": [0, 0, 0]
					}
				},
				"bone3": {
					"rotation": {
						"0.0": [0, 0, 0],
						"1.12": [10, 0, 0],
						"2.2": [0, 0, 0]
					},
					"position": {
						"0.0": [0, 1, 0],
						"1.12": [0, 0, 0],
						"2.2": [0, 1, 0]
					}
				},
				"bone6": {
					"rotation": {
						"0.0": [0, 0, 0],
						"1.12": [10, 0, 0],
						"2.2": [0, 0, 0]
					}
				},
				"bone10": {
					"rotation": {
						"0.0": [5, 0, 0],
						"1.12": [10, 0, 0],
						"2.2": [5, 0, 0]
					}
				}
			}
		},
		"animation.humanoid.look_at_target.default": {
			"loop": true,
			"bones": {
				"head": {
					"rotation": ["query.target_x_rotation", "query.target_y_rotation", 0]
				}
			}
		},
		"animation.humanoid.move": {
			"loop": true,
			"bones": {
				"leftarm": {
					"rotation": ["variable.tcos0", 0, 0]
				},
				"leftleg": {
					"rotation": ["variable.tcos0 * -1.4", 0, 0]
				},
				"rightarm": {
					"rotation": ["-variable.tcos0", 0, 0]
				},
				"rightleg": {
					"rotation": ["variable.tcos0 * 1.4", 0, 0]
				}
			}
		},
		"animation.humanoid.riding.arms": {
			"loop": true,
			"bones": {
				"leftarm": {
					"rotation": [-36, 0, 0]
				},
				"rightarm": {
					"rotation": [-36, 0, 0]
				}
			}
		},
		"animation.humanoid.riding.legs": {
			"loop": true,
			"bones": {
				"leftleg": {
					"rotation": ["-72.0 - this", "-18.0 - this", "-this"]
				},
				"rightleg": {
					"rotation": ["-72.0 - this", "18.0 - this", "-this"]
				}
			}
		},
		"animation.humanoid.sneaking": {
			"loop": true,
			"bones": {
				"body": {
					"rotation": ["0.5 - this", 0, 0]
				},
				"head": {
					"position": [0, 1, 0]
				},
				"leftarm": {
					"rotation": [72, 0, 0]
				},
				"leftleg": {
					"position": [0, -3, 4]
				},
				"rightarm": {
					"rotation": [72, 0, 0]
				},
				"rightleg": {
					"position": [0, -3, 4]
				}
			}
		},
		"animation.humanoid.swimming": {
			"loop": true,
			"animation_length": 1.3,
			"bones": {
				"leftarm": {
					"rotation": {
						"0.7": {
							"pre": ["math.lerp(this, 0.0, variable.leftarmswim_amount)", "math.lerp(this, 180.0, variable.leftarmswim_amount)", "math.lerp(this, 180.0 - 0.01877 * (-65.0 * math.mod(query.modified_distance_moved, 26.0) + math.mod(query.modified_distance_moved, 26.0) * math.mod(query.modified_distance_moved, 26.0)), variable.leftarmswim_amount)"],
							"post": ["math.lerp(this, 11.25 * math.mod(query.modified_distance_moved, 26.0), variable.leftarmswim_amount)", "math.lerp(this, 180.0, variable.leftarmswim_amount)", "math.lerp(this, 72.77 + 13.4 * math.mod(query.modified_distance_moved, 26.0), variable.leftarmswim_amount)"]
						},
						"1.1": ["math.lerp(this, 11.25 * math.mod(query.modified_distance_moved, 26.0), variable.leftarmswim_amount)", "math.lerp(this, 180.0, variable.leftarmswim_amount)", "math.lerp(this, 72.77 + 13.4 * math.mod(query.modified_distance_moved, 26.0), variable.leftarmswim_amount)"],
						"1.3": {
							"pre": ["math.lerp(this, 11.25 * math.mod(query.modified_distance_moved, 26.0), variable.leftarmswim_amount)", "math.lerp(this, 180.0, variable.leftarmswim_amount)", "math.lerp(this, 72.77 + 13.4 * math.mod(query.modified_distance_moved, 26.0), variable.leftarmswim_amount)"],
							"post": ["math.lerp(this, 90.0 - (22.5 * math.mod(query.modified_distance_moved, 26.0)), variable.leftarmswim_amount)", "math.lerp(this, 180.0, variable.leftarmswim_amount)", "math.lerp(this, 180.0, variable.leftarmswim_amount)"]
						}
					}
				},
				"leftleg": {
					"rotation": ["math.lerp(this, math.cos(query.modified_distance_moved * 19.5 + 180.0) * 17.2, variable.leftarmswim_amount) - this", 0, 0]
				},
				"rightarm": {
					"rotation": {
						"0.7": {
							"pre": ["math.lerp(this, 0.0, variable.rightarmswim_amount)", "math.lerp(this, 180.0, variable.rightarmswim_amount)", "math.lerp(this, -0.1019 * (-65.0 * math.mod(query.modified_distance_moved, 26.0) + math.mod(query.modified_distance_moved, 26.0) * math.mod(query.modified_distance_moved, 26.0)), variable.rightarmswim_amount)"],
							"post": ["math.lerp(this, 11.25 * math.mod(query.modified_distance_moved, 26.0), variable.rightarmswim_amount)", "math.lerp(this, 180.0, variable.rightarmswim_amount)", "math.lerp(this, 72.77 + 13.4 * math.mod(query.modified_distance_moved, 26.0), variable.rightarmswim_amount)"]
						},
						"1.1": ["math.lerp(this, 11.25 * math.mod(query.modified_distance_moved, 26.0), variable.rightarmswim_amount)", "math.lerp(this, 180.0, variable.rightarmswim_amount)", "math.lerp(this, 72.77 + 13.4 * math.mod(query.modified_distance_moved, 26.0), variable.rightarmswim_amount)"],
						"1.3": {
							"pre": ["math.lerp(this, 11.25 * math.mod(query.modified_distance_moved, 26.0), variable.rightarmswim_amount)", "math.lerp(this, 180.0, variable.rightarmswim_amount)", "math.lerp(this, 72.77 + 13.4 * math.mod(query.modified_distance_moved, 26.0), variable.rightarmswim_amount)"],
							"post": ["math.lerp(this, 90.0 - (22.5 * math.mod(query.modified_distance_moved, 26.0)), variable.rightarmswim_amount)", "math.lerp(this, 180.0, variable.rightarmswim_amount)", "math.lerp(this, 180.0, variable.rightarmswim_amount)"]
						}
					}
				},
				"rightleg": {
					"rotation": ["math.lerp(this, math.cos(query.modified_distance_moved * 19.5) * 17.2, variable.leftarmswim_amount) - this", 0, 0]
				}
			}
		},
		"animation.humanoid.use_item_progress": {
			"loop": true,
			"bones": {
				"rightarm": {
					"rotation": ["variable.use_item_startup_progress * -60.0 + variable.use_item_interval_progress * 11.25", "variable.use_item_startup_progress * -22.5 + variable.use_item_interval_progress * 11.25", "variable.use_item_startup_progress * -5.625 + variable.use_item_interval_progress * 11.25"]
				}
			}
		}
	}
}