{
	"format_version": "1.8.0",
	"animations": {
		"animation.breed.attack.rotations": {
			"loop": true,
			"animation_length": 1.8,
			"bones": {
				"body": {
					"rotation": [0, "math.sin(math.sqrt(variable.attack_time) * 360) * 11.46 - this", 0]
				},
				"leftarm": {
					"rotation": ["math.sin(math.sqrt(variable.attack_time) * 360) * 11.46", 0, 0]
				},
				"rightarm": {
					"rotation": ["math.sin(1.0 - math.pow(1.0 - variable.attack_time, 3.0) * 180.0) * (variable.is_brandishing_spear ? -1.0 : 1.0 )", "variable.is_brandishing_spear ? 0.0 : (math.sin(math.sqrt(variable.attack_time) * 360) * 11.46) * 2.0", 0]
				},
				"naodai": {
					"scale": [1.1, 1, 1]
				},
				"body_ed": {
					"rotation": {
						"0.0": [10, 0, 0],
						"0.6": [0, 0, 0],
						"1.76": [10, 0, 0]
					}
				},
				"body_ed2": {
					"rotation": [0, 75, 0]
				},
				"ed_lightning": {
					"rotation": {
						"0.0": [0, 0, 0],
						"0.44": [0, 0, 74.17],
						"0.72": [0, 0, 60],
						"0.96": [-7.5, -0.58, 142.12],
						"1.24": [-32.5, -2.5, 145],
						"1.32": [-32.5, -2.5, 195],
						"1.44": [-32.5, -2.5, 285],
						"1.76": [-32.5, -2.5, 340]
					},
					"position": {
						"0.0": [0, 0, 0],
						"0.44": [7, 8, -5],
						"0.96": [13, -4, -10],
						"1.32": [10, -20, -10],
						"1.44": [3, -20, -10],
						"1.76": [0, 0, 0]
					},
					"scale": {
						"0.0": [0, 1, 0],
						"0.44": [1.68, 1, 0.61],
						"0.72": [1.6, 1, 1],
						"0.96": [-0.04, 1, 0.54],
						"1.24": [0, 1, 0],
						"1.32": [1, 1, 1.7],
						"1.44": [1, 1, 0.9],
						"1.76": [0.5, 0, 0]
					}
				},
				"ed_lightning2": {
					"rotation": {
						"0.0": [0, 0, 0],
						"0.48": [32.5, -77.5, 62.5],
						"1.12": [32.5, -165, 62.5],
						"1.32": [32.5, -237.5, 62.5],
						"1.48": [32.5, -287.5, 62.5],
						"1.76": [32.5, -357.86, 62.5]
					},
					"position": {
						"0.0": [6, 0, -2],
						"0.48": [-2, 0, -14],
						"1.12": [-15, 0, -8],
						"1.32": [-14, 0, 1],
						"1.48": [-3, 0, 6],
						"1.76": [6, 0, -2]
					},
					"scale": {
						"0.0": [0.1, 0, 0],
						"0.04": [1.1, 1, 1],
						"0.24": [2, 1, 1],
						"0.44": [0.7, 1, 1],
						"0.48": [0, 0, 0.1],
						"0.92": [0.1, 1, 1],
						"0.96": [1.1, 1, 1],
						"1.12": [2, 1, 1],
						"1.32": [1.1, 1, 1],
						"1.36": [0.1, 1, 0],
						"1.52": [1.1, 1, 1],
						"1.76": [0, 1, 0]
					}
				},
				"ed_lightning3": {
					"rotation": {
						"0.0": [0, 0, -35],
						"0.44": [-12.5, 37.5, -55],
						"0.84": [45, 127.5, -55],
						"1.28": [45, 200, -55],
						"1.6": [45, 272.5, -55],
						"1.8": [17.5, 322.5, -55]
					},
					"position": {
						"0.0": [0, 0, 0],
						"0.44": [5, 6, -12],
						"0.84": [14, 15, -5],
						"1.28": [9, 9, 12],
						"1.6": [4, 0, 12],
						"1.76": [0, 0, 0]
					},
					"scale": {
						"0.0": [0, 1, 0],
						"0.44": [1.7, 1, 1.1],
						"0.64": [0, 1, 0],
						"0.84": [2, 1, 1.3],
						"1.2": [0, 1, 0],
						"1.56": [-1.4, 1, -2],
						"1.8": [0, 1, -0.5]
					}
				}
			}
		},
		"animation.breed.attack": {
			"loop": true,
			"animation_length": 1,
			"bones": {
				"leftarm": {
					"rotation": ["-90 - ((math.sin(variable.attack_time * 180.0) * 57.3) * 1.2 - (math.sin((1.0 - (1.0 - variable.attack_time) * (1.0 - variable.attack_time)) * 180.0) * 57.3) * 0.4) - (math.sin(query.life_time * 76.776372) * 2.865) - this", "5.73 - ((math.sin(variable.attack_time * 180.0) * 57.3) * 0.6) - this", "math.cos(query.life_time * 103.13244) * -2.865 - 2.865 - this"]
				},
				"rightarm": {
					"rotation": ["-90 - ((math.sin(variable.attack_time * 180.0) * 57.3) * 1.2 - (math.sin((1.0 - (1.0 - variable.attack_time) * (1.0 - variable.attack_time)) * 180.0) * 57.3) * 0.4) + (math.sin(query.life_time * 76.776372) * 2.865) - this", "(math.sin(variable.attack_time * 180.0) * 57.3) * 0.6 - 5.73 - this", "math.cos(query.life_time * 103.13244) * 2.865 + 2.865 - this"]
				},
				"body_ed": {
					"rotation": {
						"0.0": [0, 0, 0],
						"0.16": [20, 0, 0]
					}
				},
				"body_ed2": {
					"rotation": [17.5, 0, 0]
				},
				"naodai": {
					"rotation": {
						"0.0": [-27.5, 0, 0],
						"0.16": [-2.5, 0, 0]
					}
				},
				"ed_lightning": {
					"rotation": {
						"0.0": [57.5, -10, 0],
						"0.16": [57.5, -72.5, 5],
						"0.28": [57.5, -75, 5],
						"0.32": [57.5, -85, 5],
						"0.36": [52.5, -85, 5],
						"0.4": [52.5, -85, 12.5],
						"0.44": [45, -85, 12.5],
						"0.48": [45, -100, 12.5],
						"0.52": [45, -85, 12.5],
						"0.56": [45, -85, 20],
						"0.6": [37.5, -85, 20],
						"0.64": [37.5, -77.5, 20],
						"0.68": [20, -77.5, 20],
						"0.72": [20, -67.5, 20],
						"0.76": [5, -67.5, 20],
						"0.8": [5, -55, 20],
						"0.84": [-2.5, -55, 20],
						"0.88": [-2.5, -52.5, 20],
						"0.92": [-2.5, -72.5, 20],
						"0.96": [-2.5, -92.5, 72.5],
						"1.0": [-2.5, -92.5, 85]
					},
					"position": {
						"0.0": [6, 3, -15],
						"0.16": [6, 3, 7]
					}
				},
				"ed_lightning2": {
					"rotation": {
						"0.0": [102.5, -130, -47.5],
						"0.16": [102.5, -205, -92.5],
						"0.28": [115, -215, -92.5],
						"0.32": [115.43, -206.17, -92.5],
						"0.36": [115.86, -207.33, -92.5],
						"0.4": [116.29, -216, -92.5],
						"0.44": [116.72, -213, -92.5],
						"0.48": [101.53, -215, -92.5],
						"0.52": [105.36, -221.52, -90.5],
						"0.56": [109.18, -228.04, -98.5],
						"0.6": [101.76, -234.56, -101.5],
						"0.64": [101.83, -224.42, -104.5],
						"0.68": [101.9, -211.15, -107.5],
						"0.72": [101.98, -207.88, -83.13],
						"0.76": [102.05, -204.61, -88.75],
						"0.8": [102.13, -198.42, -82.7],
						"0.84": [102.2, -192.24, -96.66],
						"0.88": [102.28, -204.8, -100.62],
						"0.92": [102.36, -204.86, -109.16],
						"0.96": [102.43, -204.93, -82.71],
						"1.0": [102.5, -205, -92.5]
					},
					"position": {
						"0.0": [-8, 12, -18],
						"0.16": [-8, 12, 6]
					},
					"scale": [1.2, 1, 1]
				},
				"ed_lightning3": {
					"rotation": {
						"0.0": [-52.5, -10, -50],
						"0.28": [-52.5, -12.5, -50],
						"0.32": [-52.5, -17.5, -50],
						"0.36": [-42.5, -17.5, -50],
						"0.4": [-42.5, -17.5, -40],
						"0.44": [-50, -17.5, -40],
						"0.48": [-50, -2.5, -40],
						"0.52": [-37.5, -2.5, -32.5],
						"0.56": [-37.5, -37.5, -32.5],
						"0.6": [-37.5, -42.5, -32.5],
						"0.64": [-27.5, -42.5, -32.5],
						"0.68": [-27.5, -57.5, -20],
						"0.72": [-20, -60, -20],
						"0.76": [-20, -72.5, -20],
						"0.8": [-27.5, -72.5, -20],
						"0.84": [-27.5, -72.5, -10],
						"0.88": [-30, -72.5, -10],
						"0.92": [-30, -72.5, -2.5],
						"0.96": [-37.5, -72.5, -2.5],
						"1.0": [-37.5, -72.5, 10]
					},
					"position": {
						"0.0": [6, 11, -14],
						"0.16": [5, 11, 10]
					}
				}
			}
		}
	}
}