{
	"format_version": "1.8.0",
	"animations": {
		"animation.cc.attack.rotations": {
			"loop": true,
			"animation_length": 0.52,
			"bones": {
				"body": {
					"rotation": [0, "math.sin(math.sqrt(variable.attack_time) * 360) * 11.46 - this", 0]
				},
				"leftarm": {
					"rotation": ["math.sin(math.sqrt(variable.attack_time) * 360) * 11.46", 0, 0]
				},
				"rightarm": {
					"rotation": ["math.sin(1.0 - math.pow(1.0 - variable.attack_time, 3.0) * 180.0) * (variable.is_brandishing_spear ? -1.0 : 1.0 )", "variable.is_brandishing_spear ? 0.0 : (math.sin(math.sqrt(variable.attack_time) * 360) * 11.46) * 2.0", 0]
				},
				"bone": {
					"rotation": {
						"0.0": [0, -10, 0],
						"0.24": [0, 17.5, 0],
						"0.52": [0, -10, 0]
					},
					"scale": 1
				},
				"rarm": {
					"rotation": {
						"0.0": [5, -15, 0],
						"0.2": [5, 0, 0],
						"0.52": [5, -15, 0]
					},
					"scale": {
						"0.0": [1.2, 1, 1],
						"0.24": [1, 0.9, 1],
						"0.52": [1.2, 1, 1]
					}
				},
				"larm": {
					"rotation": {
						"0.0": [0, 7.5, 0],
						"0.24": [0, 20, 0],
						"0.52": [0, 7.5, 0]
					},
					"scale": {
						"0.0": [0.9, 0.8, 1],
						"0.24": [1.1, 1, 1],
						"0.52": [0.9, 0.8, 1]
					}
				}
			}
		},
		"animation.cc.attack": {
			"loop": true,
			"animation_length": 0.52,
			"bones": {
				"leftarm": {
					"rotation": ["-90 - ((math.sin(variable.attack_time * 180.0) * 57.3) * 1.2 - (math.sin((1.0 - (1.0 - variable.attack_time) * (1.0 - variable.attack_time)) * 180.0) * 57.3) * 0.4) - (math.sin(query.life_time * 76.776372) * 2.865) - this", "5.73 - ((math.sin(variable.attack_time * 180.0) * 57.3) * 0.6) - this", "math.cos(query.life_time * 103.13244) * -2.865 - 2.865 - this"]
				},
				"rightarm": {
					"rotation": ["-90 - ((math.sin(variable.attack_time * 180.0) * 57.3) * 1.2 - (math.sin((1.0 - (1.0 - variable.attack_time) * (1.0 - variable.attack_time)) * 180.0) * 57.3) * 0.4) + (math.sin(query.life_time * 76.776372) * 2.865) - this", "(math.sin(variable.attack_time * 180.0) * 57.3) * 0.6 - 5.73 - this", "math.cos(query.life_time * 103.13244) * 2.865 + 2.865 - this"]
				},
				"face": {
					"rotation": {
						"0.0": [0, -5, 0],
						"0.44": [0, -32.5, 0],
						"0.52": [0, -5, 0]
					}
				},
				"rarm": {
					"rotation": {
						"0.0": [55, 0, 0],
						"0.44": [55, -30, 0],
						"0.52": [55, 0, 0]
					},
					"scale": {
						"0.0": [1, 0.9, 1],
						"0.44": [3.1, 2.5, 6],
						"0.52": [1, 0.9, 1]
					}
				},
				"larm": {
					"rotation": {
						"0.0": [-5, 85, 0],
						"0.24": [-12.5, -2.5, 0],
						"0.44": [-7.14, -5, 0],
						"0.52": [-5, 85, 0]
					},
					"scale": [1, 1, 1.6]
				}
			}
		}
	}
}