{
	"format_version": "1.8.0",
	"animations": {
		"animation.dc.attack.rotations": {
			"loop": true,
			"animation_length": 2.2,
			"bones": {
				"body": {
					"rotation": [0, "math.sin(math.sqrt(variable.attack_time) * 360) * 11.46 - this", 0]
				},
				"leftarm": {
					"rotation": ["math.sin(math.sqrt(variable.attack_time) * 360) * 11.46", 0, 0]
				},
				"rightarm": {
					"rotation": ["math.sin(1.0 - math.pow(1.0 - variable.attack_time, 3.0) * 180.0) * (variable.is_brandishing_spear ? -1.0 : 1.0 )", "variable.is_brandishing_spear ? 0.0 : (math.sin(math.sqrt(variable.attack_time) * 360) * 11.46) * 2.0", 0]
				},
				"bone2": {
					"scale": {
						"0.0": [1, 1, 1],
						"0.96": [1.1, 0.6, 1.1],
						"2.2": [1, 1, 1]
					}
				},
				"bone4": {
					"position": {
						"0.0": [0, 0, 0],
						"0.96": [0, -1, 0],
						"2.2": [0, 0, 0]
					},
					"scale": {
						"0.0": [1, 1, 1],
						"0.96": [1.1, 1, 1.2],
						"2.2": [1, 1, 1]
					}
				}
			}
		}
	}
}