{
	"format_version": "1.8.0",
	"animations": {
		"animation.ggt.attack_bare_hand": {
			"loop": true,
			"bones": {
				"leftArm": {
					"rotation": ["-5- ((math.sin(variable.attack_time * 180.0) * 57.3) * 1.2 - (math.sin((1.0 - (1.0 - variable.attack_time) * (1.0 - variable.attack_time)) * 180.0) * 57.3) * 0.4) - (math.sin(query.life_time * 76.776372) * 2.865) - this", "5.73 - ((math.sin(variable.attack_time * 180.0) * 57.3) * 0.6) - this", "math.cos(query.life_time * 103.13244) * -2.865 - 2.865 - this"]
				},
				"rightArm": {
					"rotation": ["102.5+90 * (variable.is_brandishing_spear - 1.0) - ((math.sin(variable.attack_time * 180.0) * 57.3) * 1.2 - (math.sin((1.0 - (1.0 - variable.attack_time) * (1.0 - variable.attack_time)) * 180.0) * 57.3) * 0.4) + (math.sin(query.life_time * 76.776372) * 2.865) - this", "(math.sin(variable.attack_time * 180.0) * 57.3) * 0.6 - 5.73 - this", "math.cos(query.life_time * 103.13244) * 2.865 + 2.865 - this"]
				},
				"rightarm2": {
					"rotation": [-32.5, 0, 0]
				}
			}
		},
		"animation.zombie.swimming": {
			"loop": true,
			"bones": {
				"leftArm": {
					"rotation": ["math.lerprotate(this, -180.0, variable.swim_amount) - (variable.swim_amount * ((math.sin(variable.attack_time * 180.0) * 57.3) * 1.2 - (math.sin((1.0 - (1.0 - variable.attack_time) * (1.0 - variable.attack_time)) * 180.0) * 57.3) * 0.4)) - (variable.swim_amount * (math.sin(query.life_time * 76.776372) * 2.865)) - this", "math.lerprotate(this, 14.325, variable.swim_amount) - this", "math.lerprotate(this, 14.325, variable.swim_amount) - (variable.swim_amount * (math.cos(query.life_time * 103.13244) * 2.865 + 2.865)) - this"]
				},
				"rightArm": {
					"rotation": ["math.lerprotate(this, -180.0, variable.swim_amount) - (variable.swim_amount * ((math.sin(variable.attack_time * 180.0) * 57.3) * 1.2 - (math.sin((1.0 - (1.0 - variable.attack_time) * (1.0 - variable.attack_time)) * 180.0) * 57.3) * 0.4)) + (variable.swim_amount * (math.sin(query.life_time * 76.776372) * 2.865)) - this", "math.lerprotate(this, 14.325, variable.swim_amount) - this", "math.lerprotate(this, -14.325, variable.swim_amount) + (variable.swim_amount * (math.cos(query.life_time * 103.13244) * 2.865 + 2.865)) - this"]
				}
			}
		},
		"animation.ggt.attack.rotations": {
			"loop": true,
			"bones": {
				"body": {
					"rotation": [0, "math.sin(math.sqrt(variable.attack_time) * 360) * 11.46 - this", 0]
				},
				"leftArm": {
					"rotation": ["-65+math.sin(math.sqrt(variable.attack_time) * 360) * 11.46", 0, 0]
				},
				"rightArm": {
					"rotation": ["-50+math.sin(1.0 - math.pow(1.0 - variable.attack_time, 3.0) * 180.0) * (variable.is_brandishing_spear ? -1.0 : 1.0 )", "variable.is_brandishing_spear ? 0.0 : (math.sin(math.sqrt(variable.attack_time) * 360) * 11.46) * 2.0", 0]
				},
				"rightarm2": {
					"rotation": [-10, 0, 0]
				}
			}
		},
		"animation.humanoid.base_pose": {
			"loop": true,
			"bones": {
				"waist": {
					"rotation": [0, 0, 0]
				}
			}
		},
		"animation.humanoid.bob": {
			"loop": true,
			"bones": {
				"leftArm": {
					"rotation": [0, 0, "((math.cos(query.life_time * 103.2) * 2.865) + 2.865) *-1.0"]
				},
				"rightArm": {
					"rotation": [0, 0, "(math.cos(query.life_time * 103.2) * 2.865) + 2.865"]
				}
			}
		},
		"animation.humanoid.look_at_target.default": {
			"loop": true,
			"bones": {
				"head": {
					"rotation": ["query.target_x_rotation", "query.target_y_rotation", 0]
				}
			}
		},
		"animation.humanoid.move": {
			"loop": true,
			"bones": {
				"leftArm": {
					"rotation": ["variable.tcos0", 0, 0]
				},
				"leftleg": {
					"rotation": ["variable.tcos0 * -1.4", 0, 0]
				},
				"rightArm": {
					"rotation": ["-variable.tcos0", 0, 0]
				},
				"rightleg": {
					"rotation": ["variable.tcos0 * 1.4", 0, 0]
				}
			}
		},
		"animation.humanoid.riding.arms": {
			"loop": true,
			"bones": {
				"leftArm": {
					"rotation": [-36, 0, 0]
				},
				"rightArm": {
					"rotation": [-36, 0, 0]
				}
			}
		},
		"animation.humanoid.riding.legs": {
			"loop": true,
			"bones": {
				"leftleg": {
					"rotation": ["-72.0 - this", "-18.0 - this", "-this"]
				},
				"rightleg": {
					"rotation": ["-72.0 - this", "18.0 - this", "-this"]
				}
			}
		},
		"animation.humanoid.sneaking": {
			"loop": true,
			"bones": {
				"body": {
					"rotation": ["0.5 - this", 0, 0]
				},
				"head": {
					"position": [0, 1, 0]
				},
				"leftArm": {
					"rotation": [72, 0, 0]
				},
				"leftleg": {
					"position": [0, -3, 4]
				},
				"rightArm": {
					"rotation": [72, 0, 0]
				},
				"rightleg": {
					"position": [0, -3, 4]
				}
			}
		},
		"animation.humanoid.swimming": {
			"loop": true,
			"animation_length": 1.3,
			"bones": {
				"leftArm": {
					"rotation": {
						"0.7": {
							"pre": ["math.lerp(this, 0.0, variable.leftarmswim_amount)", "math.lerp(this, 180.0, variable.leftarmswim_amount)", "math.lerp(this, 180.0 - 0.01877 * (-65.0 * math.mod(query.modified_distance_moved, 26.0) + math.mod(query.modified_distance_moved, 26.0) * math.mod(query.modified_distance_moved, 26.0)), variable.leftarmswim_amount)"],
							"post": ["math.lerp(this, 11.25 * math.mod(query.modified_distance_moved, 26.0), variable.leftarmswim_amount)", "math.lerp(this, 180.0, variable.leftarmswim_amount)", "math.lerp(this, 72.77 + 13.4 * math.mod(query.modified_distance_moved, 26.0), variable.leftarmswim_amount)"]
						},
						"1.1": ["math.lerp(this, 11.25 * math.mod(query.modified_distance_moved, 26.0), variable.leftarmswim_amount)", "math.lerp(this, 180.0, variable.leftarmswim_amount)", "math.lerp(this, 72.77 + 13.4 * math.mod(query.modified_distance_moved, 26.0), variable.leftarmswim_amount)"],
						"1.3": {
							"pre": ["math.lerp(this, 11.25 * math.mod(query.modified_distance_moved, 26.0), variable.leftarmswim_amount)", "math.lerp(this, 180.0, variable.leftarmswim_amount)", "math.lerp(this, 72.77 + 13.4 * math.mod(query.modified_distance_moved, 26.0), variable.leftarmswim_amount)"],
							"post": ["math.lerp(this, 90.0 - (22.5 * math.mod(query.modified_distance_moved, 26.0)), variable.leftarmswim_amount)", "math.lerp(this, 180.0, variable.leftarmswim_amount)", "math.lerp(this, 180.0, variable.leftarmswim_amount)"]
						}
					}
				},
				"leftleg": {
					"rotation": ["math.lerp(this, math.cos(query.modified_distance_moved * 19.5 + 180.0) * 17.2, variable.leftarmswim_amount) - this", 0, 0]
				},
				"rightArm": {
					"rotation": {
						"0.7": {
							"pre": ["math.lerp(this, 0.0, variable.rightarmswim_amount)", "math.lerp(this, 180.0, variable.rightarmswim_amount)", "math.lerp(this, -0.1019 * (-65.0 * math.mod(query.modified_distance_moved, 26.0) + math.mod(query.modified_distance_moved, 26.0) * math.mod(query.modified_distance_moved, 26.0)), variable.rightarmswim_amount)"],
							"post": ["math.lerp(this, 11.25 * math.mod(query.modified_distance_moved, 26.0), variable.rightarmswim_amount)", "math.lerp(this, 180.0, variable.rightarmswim_amount)", "math.lerp(this, 72.77 + 13.4 * math.mod(query.modified_distance_moved, 26.0), variable.rightarmswim_amount)"]
						},
						"1.1": ["math.lerp(this, 11.25 * math.mod(query.modified_distance_moved, 26.0), variable.rightarmswim_amount)", "math.lerp(this, 180.0, variable.rightarmswim_amount)", "math.lerp(this, 72.77 + 13.4 * math.mod(query.modified_distance_moved, 26.0), variable.rightarmswim_amount)"],
						"1.3": {
							"pre": ["math.lerp(this, 11.25 * math.mod(query.modified_distance_moved, 26.0), variable.rightarmswim_amount)", "math.lerp(this, 180.0, variable.rightarmswim_amount)", "math.lerp(this, 72.77 + 13.4 * math.mod(query.modified_distance_moved, 26.0), variable.rightarmswim_amount)"],
							"post": ["math.lerp(this, 90.0 - (22.5 * math.mod(query.modified_distance_moved, 26.0)), variable.rightarmswim_amount)", "math.lerp(this, 180.0, variable.rightarmswim_amount)", "math.lerp(this, 180.0, variable.rightarmswim_amount)"]
						}
					}
				},
				"rightleg": {
					"rotation": ["math.lerp(this, math.cos(query.modified_distance_moved * 19.5) * 17.2, variable.leftarmswim_amount) - this", 0, 0]
				}
			}
		},
		"animation.humanoid.use_item_progress": {
			"loop": true,
			"bones": {
				"rightArm": {
					"rotation": ["variable.use_item_startup_progress * -60.0 + variable.use_item_interval_progress * 11.25", "variable.use_item_startup_progress * -22.5 + variable.use_item_interval_progress * 11.25", "variable.use_item_startup_progress * -5.625 + variable.use_item_interval_progress * 11.25"]
				}
			}
		}
	}
}