{
	"format_version": "1.8.0",
	"animations": {
		"animation.fl.attack.rotations": {
			"loop": "hold_on_last_frame",
			"animation_length": 1,
			"bones": {
				"body": {
					"rotation": [0, "math.sin(math.sqrt(variable.attack_time) * 360) * 11.46 - this", 0]
				},
				"leftarm": {
					"rotation": ["math.sin(math.sqrt(variable.attack_time) * 360) * 11.46", 0, 0]
				},
				"rightarm": {
					"rotation": ["math.sin(1.0 - math.pow(1.0 - variable.attack_time, 3.0) * 180.0) * (variable.is_brandishing_spear ? -1.0 : 1.0 )", "variable.is_brandishing_spear ? 0.0 : (math.sin(math.sqrt(variable.attack_time) * 360) * 11.46) * 2.0", 0]
				},
				"bone": {
					"rotation": {
						"0.0": [0, 0, 0],
						"0.2": [-27.5, 0, 0],
						"1.0": [-67.5, 0, 0]
					},
					"position": {
						"0.0": [0, 0, 0],
						"0.2": [0, 0, 0],
						"0.48": [0, 9.12, 0],
						"0.52": [0, 7, 0],
						"0.96": [0, 7, 0],
						"1.0": [0, -48, 65]
					},
					"scale": {
						"0.0": [1, 1, 1],
						"0.24": [1, 1, 1],
						"0.52": [1, 0.4, 1]
					}
				},
				"head": {
					"rotation": {
						"0.0": [0, 0, 0],
						"0.44": [-30, 0, 0]
					}
				}
			}
		},
		"animation.humanoid.base_pose": {
			"loop": true,
			"bones": {
				"waist": {
					"rotation": [0, 0, 0]
				}
			}
		},
		"animation.humanoid.bob": {
			"loop": true,
			"bones": {
				"leftarm": {
					"rotation": [0, 0, "((math.cos(query.life_time * 103.2) * 2.865) + 2.865) *-1.0"]
				},
				"rightarm": {
					"rotation": [0, 0, "(math.cos(query.life_time * 103.2) * 2.865) + 2.865"]
				}
			}
		},
		"animation.humanoid.look_at_target.default": {
			"loop": true,
			"bones": {
				"head": {
					"rotation": ["query.target_x_rotation", "query.target_y_rotation", 0]
				}
			}
		},
		"animation.humanoid.move": {
			"loop": true,
			"bones": {
				"leftarm": {
					"rotation": ["variable.tcos0", 0, 0]
				},
				"leftLeg": {
					"rotation": ["variable.tcos0 * -1.4", 0, 0]
				},
				"rightarm": {
					"rotation": ["-variable.tcos0", 0, 0]
				},
				"rightLeg": {
					"rotation": ["variable.tcos0 * 1.4", 0, 0]
				}
			}
		},
		"animation.humanoid.riding.arms": {
			"loop": true,
			"bones": {
				"leftarm": {
					"rotation": [-36, 0, 0]
				},
				"rightarm": {
					"rotation": [-36, 0, 0]
				}
			}
		},
		"animation.humanoid.riding.legs": {
			"loop": true,
			"bones": {
				"leftLeg": {
					"rotation": ["-72.0 - this", "-18.0 - this", "-this"]
				},
				"rightLeg": {
					"rotation": ["-72.0 - this", "18.0 - this", "-this"]
				}
			}
		},
		"animation.humanoid.sneaking": {
			"loop": true,
			"bones": {
				"body": {
					"rotation": ["0.5 - this", 0, 0]
				},
				"head": {
					"position": [0, 1, 0]
				},
				"leftarm": {
					"rotation": [72, 0, 0]
				},
				"leftLeg": {
					"position": [0, -3, 4]
				},
				"rightarm": {
					"rotation": [72, 0, 0]
				},
				"rightLeg": {
					"position": [0, -3, 4]
				}
			}
		},
		"animation.humanoid.swimming": {
			"loop": true,
			"animation_length": 1.3,
			"bones": {
				"leftarm": {
					"rotation": {
						"0.7": {
							"pre": ["math.lerp(this, 0.0, variable.leftarmswim_amount)", "math.lerp(this, 180.0, variable.leftarmswim_amount)", "math.lerp(this, 180.0 - 0.01877 * (-65.0 * math.mod(query.modified_distance_moved, 26.0) + math.mod(query.modified_distance_moved, 26.0) * math.mod(query.modified_distance_moved, 26.0)), variable.leftarmswim_amount)"],
							"post": ["math.lerp(this, 11.25 * math.mod(query.modified_distance_moved, 26.0), variable.leftarmswim_amount)", "math.lerp(this, 180.0, variable.leftarmswim_amount)", "math.lerp(this, 72.77 + 13.4 * math.mod(query.modified_distance_moved, 26.0), variable.leftarmswim_amount)"]
						},
						"1.1": ["math.lerp(this, 11.25 * math.mod(query.modified_distance_moved, 26.0), variable.leftarmswim_amount)", "math.lerp(this, 180.0, variable.leftarmswim_amount)", "math.lerp(this, 72.77 + 13.4 * math.mod(query.modified_distance_moved, 26.0), variable.leftarmswim_amount)"],
						"1.3": {
							"pre": ["math.lerp(this, 11.25 * math.mod(query.modified_distance_moved, 26.0), variable.leftarmswim_amount)", "math.lerp(this, 180.0, variable.leftarmswim_amount)", "math.lerp(this, 72.77 + 13.4 * math.mod(query.modified_distance_moved, 26.0), variable.leftarmswim_amount)"],
							"post": ["math.lerp(this, 90.0 - (22.5 * math.mod(query.modified_distance_moved, 26.0)), variable.leftarmswim_amount)", "math.lerp(this, 180.0, variable.leftarmswim_amount)", "math.lerp(this, 180.0, variable.leftarmswim_amount)"]
						}
					}
				},
				"leftLeg": {
					"rotation": ["math.lerp(this, math.cos(query.modified_distance_moved * 19.5 + 180.0) * 17.2, variable.leftarmswim_amount) - this", 0, 0]
				},
				"rightarm": {
					"rotation": {
						"0.7": {
							"pre": ["math.lerp(this, 0.0, variable.rightarmswim_amount)", "math.lerp(this, 180.0, variable.rightarmswim_amount)", "math.lerp(this, -0.1019 * (-65.0 * math.mod(query.modified_distance_moved, 26.0) + math.mod(query.modified_distance_moved, 26.0) * math.mod(query.modified_distance_moved, 26.0)), variable.rightarmswim_amount)"],
							"post": ["math.lerp(this, 11.25 * math.mod(query.modified_distance_moved, 26.0), variable.rightarmswim_amount)", "math.lerp(this, 180.0, variable.rightarmswim_amount)", "math.lerp(this, 72.77 + 13.4 * math.mod(query.modified_distance_moved, 26.0), variable.rightarmswim_amount)"]
						},
						"1.1": ["math.lerp(this, 11.25 * math.mod(query.modified_distance_moved, 26.0), variable.rightarmswim_amount)", "math.lerp(this, 180.0, variable.rightarmswim_amount)", "math.lerp(this, 72.77 + 13.4 * math.mod(query.modified_distance_moved, 26.0), variable.rightarmswim_amount)"],
						"1.3": {
							"pre": ["math.lerp(this, 11.25 * math.mod(query.modified_distance_moved, 26.0), variable.rightarmswim_amount)", "math.lerp(this, 180.0, variable.rightarmswim_amount)", "math.lerp(this, 72.77 + 13.4 * math.mod(query.modified_distance_moved, 26.0), variable.rightarmswim_amount)"],
							"post": ["math.lerp(this, 90.0 - (22.5 * math.mod(query.modified_distance_moved, 26.0)), variable.rightarmswim_amount)", "math.lerp(this, 180.0, variable.rightarmswim_amount)", "math.lerp(this, 180.0, variable.rightarmswim_amount)"]
						}
					}
				},
				"rightLeg": {
					"rotation": ["math.lerp(this, math.cos(query.modified_distance_moved * 19.5) * 17.2, variable.leftarmswim_amount) - this", 0, 0]
				}
			}
		},
		"animation.humanoid.use_item_progress": {
			"loop": true,
			"bones": {
				"rightarm": {
					"rotation": ["variable.use_item_startup_progress * -60.0 + variable.use_item_interval_progress * 11.25", "variable.use_item_startup_progress * -22.5 + variable.use_item_interval_progress * 11.25", "variable.use_item_startup_progress * -5.625 + variable.use_item_interval_progress * 11.25"]
				}
			}
		}
	}
}