{
	"format_version": "1.8.0",
	"animations": {
		"animation.ggt.attack.rotations": {
			"loop": true,
			"animation_length": 0.88,
			"bones": {
				"body": {
					"rotation": [0, "math.sin(math.sqrt(variable.attack_time) * 360) * 11.46 - this", 0]
				},
				"leftArm": {
					"rotation": {
						"0.0": ["math.sin(math.sqrt(variable.attack_time) * 360) * 11.46", 17.5, 0],
						"0.2": [-25.96, 10.77, 7.5],
						"0.52": ["-67.5+math.sin(math.sqrt(variable.attack_time) * 360) * 11.46", 0, 0],
						"0.56": [-72, 30, 20],
						"0.72": [-72, 30, 20]
					}
				},
				"rightArm": {
					"rotation": {
						"0.0": ["math.sin(1.0 - math.pow(1.0 - variable.attack_time, 3.0) * 180.0) * (variable.is_brandishing_spear ? -1.0 : 1.0 )", "variable.is_brandishing_spear ? 0.0 : (math.sin(math.sqrt(variable.attack_time) * 360) * 11.46) * 2.0", 0],
						"0.2": [-5.37, "variable.is_brandishing_spear ? 0.0 : (math.sin(math.sqrt(variable.attack_time) * 360) * 11.46) * 2.0", -10],
						"0.56": ["-27.5+math.sin(1.0 - math.pow(1.0 - variable.attack_time, 3.0) * 180.0) * (variable.is_brandishing_spear ? -1.0 : 1.0 )", "-90+variable.is_brandishing_spear ? 0.0 : (math.sin(math.sqrt(variable.attack_time) * 360) * 11.46) * 2.0", -50]
					}
				},
				"topbody": {
					"rotation": {
						"0.0": [0, 0, 0],
						"0.56": [-17.5, 0, 0],
						"0.72": [47.5, 0, 0]
					}
				},
				"leftarm2": {
					"rotation": [7.5, 0, 0]
				},
				"bone2": {
					"rotation": {
						"0.56": [0, -10, -35],
						"0.72": [-37.5, 0, -30],
						"0.76": [-35, 0, -30],
						"0.8": [-37.5, 0, -30],
						"0.84": [-35, 0, -30],
						"0.88": [-37.5, 0, -30]
					},
					"position": {
						"0.56": [0, 0, 0],
						"0.72": [3, -8, -1]
					}
				},
				"rightarm2": {
					"rotation": [-40, 0, 0]
				}
			}
		}
	}
}