{
	"format_version": "1.8.0",
	"animations": {
		"animation.gpea.attack.rotations": {
			"loop": true,
			"animation_length": 1.04,
			"override_previous_animation": true,
			"bones": {
				"body": {
					"rotation": {
						"0.0": [-5, "math.sin(math.sqrt(variable.attack_time) * 360) * 11.46 - this", 0],
						"0.32": [35, "math.sin(math.sqrt(variable.attack_time) * 360) * 11.46 - this", 0],
						"0.6": [-15, "math.sin(math.sqrt(variable.attack_time) * 360) * 11.46 - this", 0],
						"0.96": [-5, "math.sin(math.sqrt(variable.attack_time) * 360) * 11.46 - this", 0]
					},
					"scale": {
						"0.0": [1, 1, 1],
						"0.32": [1, 1.3, 1],
						"0.6": [1, 1.3, 0.4],
						"0.96": [1, 1, 1]
					}
				},
				"leftarm": {
					"rotation": ["math.sin(math.sqrt(variable.attack_time) * 360) * 11.46", 0, 0]
				},
				"rightarm": {
					"rotation": ["math.sin(1.0 - math.pow(1.0 - variable.attack_time, 3.0) * 180.0) * (variable.is_brandishing_spear ? -1.0 : 1.0 )", "variable.is_brandishing_spear ? 0.0 : (math.sin(math.sqrt(variable.attack_time) * 360) * 11.46) * 2.0", 0]
				},
				"head": {
					"rotation": {
						"0.0": [-2.5, 0, 0],
						"0.6": [-12.5, 0, 0],
						"0.96": [-2.5, 0, 0]
					},
					"position": {
						"0.0": [0, 0, 1],
						"0.32": [0, 0, -5],
						"0.6": [0, 0, 3],
						"0.96": [0, 0, 1]
					},
					"scale": {
						"0.0": [1, 1, 1],
						"0.32": [1.2, 1, 1.7],
						"0.6": [0.7, 0.8, 0.8],
						"0.96": [1, 1, 1]
					}
				}
			}
		}
	}
}