{
	"format_version": "1.8.0",
	"animations": {
		"animation.gs.attack": {
			"loop": true,
			"animation_length": 0.64,
			"bones": {
				"leftarm": {
					"rotation": ["-90 - ((math.sin(variable.attack_time * 180.0) * 57.3) * 1.2 - (math.sin((1.0 - (1.0 - variable.attack_time) * (1.0 - variable.attack_time)) * 180.0) * 57.3) * 0.4) - (math.sin(query.life_time * 76.776372) * 2.865) - this", "5.73 - ((math.sin(variable.attack_time * 180.0) * 57.3) * 0.6) - this", "math.cos(query.life_time * 103.13244) * -2.865 - 2.865 - this"]
				},
				"rightarm": {
					"rotation": ["-90 - ((math.sin(variable.attack_time * 180.0) * 57.3) * 1.2 - (math.sin((1.0 - (1.0 - variable.attack_time) * (1.0 - variable.attack_time)) * 180.0) * 57.3) * 0.4) + (math.sin(query.life_time * 76.776372) * 2.865) - this", "(math.sin(variable.attack_time * 180.0) * 57.3) * 0.6 - 5.73 - this", "math.cos(query.life_time * 103.13244) * 2.865 + 2.865 - this"]
				},
				"body": {
					"scale": {
						"0.0": [1, 1, 1],
						"0.16": [0.9, 1.1, 0.9],
						"0.36": [0.9, 1.1, 0.9],
						"0.52": [1.2, 0.9, 1.1]
					}
				}
			}
		},
		"animation.gs.attack.rotations": {
			"loop": true,
			"animation_length": 2.64,
			"bones": {
				"body": {
					"rotation": [0, "math.sin(math.sqrt(variable.attack_time) * 360) * 11.46 - this", 0],
					"scale": {
						"0.0": [1, 1, 1],
						"0.44": [1.1, 0.9, 1.1],
						"0.96": [1, 1, 1],
						"1.48": [1.1, 0.9, 1.1],
						"1.92": [1, 1, 1],
						"2.32": [1.1, 0.9, 1.1],
						"2.64": [1, 1, 1]
					}
				},
				"leftarm": {
					"rotation": ["math.sin(math.sqrt(variable.attack_time) * 360) * 11.46", 0, 0]
				},
				"rightarm": {
					"rotation": ["math.sin(1.0 - math.pow(1.0 - variable.attack_time, 3.0) * 180.0) * (variable.is_brandishing_spear ? -1.0 : 1.0 )", "variable.is_brandishing_spear ? 0.0 : (math.sin(math.sqrt(variable.attack_time) * 360) * 11.46) * 2.0", 0]
				}
			}
		}
	}
}