{
	"format_version": "1.8.0",
	"animations": {
		"animation.gateling.attack.rotations": {
			"loop": true,
			"animation_length": 1.72,
			"bones": {
				"body": {
					"rotation": {
						"0.0": [15, "math.sin(math.sqrt(variable.attack_time) * 360) * 11.46 - this", 0],
						"0.88": [-5, "math.sin(math.sqrt(variable.attack_time) * 360) * 11.46 - this", 0],
						"1.72": [15, "math.sin(math.sqrt(variable.attack_time) * 360) * 11.46 - this", 0]
					}
				},
				"leftarm": {
					"rotation": ["math.sin(math.sqrt(variable.attack_time) * 360) * 11.46", 0, 0]
				},
				"rightarm": {
					"rotation": ["math.sin(1.0 - math.pow(1.0 - variable.attack_time, 3.0) * 180.0) * (variable.is_brandishing_spear ? -1.0 : 1.0 )", "variable.is_brandishing_spear ? 0.0 : (math.sin(math.sqrt(variable.attack_time) * 360) * 11.46) * 2.0", 0]
				},
				"hed_ed": {
					"rotation": {
						"0.0": [0, 0, 0],
						"0.8": [7.5, 0, 0],
						"1.72": [0, 0, 0]
					},
					"position": {
						"0.0": [0, 0, -2],
						"0.84": [0, 0, 1],
						"1.72": [0, 0, -2]
					}
				},
				"bone6": {
					"rotation": {
						"0.0": [0, 0, 127.5],
						"1.72": [0, 0, 297.5]
					}
				}
			}
		},
		"animation.gateling.attack": {
			"loop": true,
			"animation_length": 1.28,
			"bones": {
				"leftarm": {
					"rotation": ["-90 - ((math.sin(variable.attack_time * 180.0) * 57.3) * 1.2 - (math.sin((1.0 - (1.0 - variable.attack_time) * (1.0 - variable.attack_time)) * 180.0) * 57.3) * 0.4) - (math.sin(query.life_time * 76.776372) * 2.865) - this", "5.73 - ((math.sin(variable.attack_time * 180.0) * 57.3) * 0.6) - this", "math.cos(query.life_time * 103.13244) * -2.865 - 2.865 - this"]
				},
				"rightarm": {
					"rotation": ["-90 - ((math.sin(variable.attack_time * 180.0) * 57.3) * 1.2 - (math.sin((1.0 - (1.0 - variable.attack_time) * (1.0 - variable.attack_time)) * 180.0) * 57.3) * 0.4) + (math.sin(query.life_time * 76.776372) * 2.865) - this", "(math.sin(variable.attack_time * 180.0) * 57.3) * 0.6 - 5.73 - this", "math.cos(query.life_time * 103.13244) * 2.865 + 2.865 - this"]
				},
				"body": {
					"rotation": {
						"0.0": [-5, 0, 0],
						"0.64": [12.5, 0, 0],
						"1.28": [-5, 0, 0]
					}
				},
				"hed_ed": {
					"rotation": {
						"0.04": [-10, 0, 0],
						"0.64": [12.5, 0, 0],
						"1.28": [-10, 0, 0]
					}
				},
				"hed": {
					"rotation": {
						"0.0": [5, 0, 0],
						"0.64": [-12.5, 0, 0],
						"1.28": [5, 0, 0]
					}
				},
				"bone3": {
					"rotation": {
						"0.0": [5, 0, 0],
						"0.64": [-10, 0, 0],
						"1.28": [5, 0, 0]
					},
					"position": {
						"0.0": [0, 0, -1],
						"0.64": [0, 0, 1],
						"1.28": [0, 0, -1]
					}
				},
				"bone6": {
					"rotation": {
						"0.0": [0, 0, 32.5],
						"1.28": [0, 0, 482.5]
					}
				}
			}
		}
	}
}