{
	"format_version": "1.8.0",
	"animations": {
		"animation.qxz.baby_transform": {
			"loop": true,
			"bones": {
				"head": {
					"position": [0, 4, 4],
					"scale": 2
				},
				"bone": {
					"position": [0, -2, 0],
					"scale": [0.5, 0.5, 1]
				}
			}
		},
		"animation.qxz.setup": {
			"loop": true,
			"bones": {
				"body": {
					"rotation": ["-this", 0, 0]
				}
			}
		},
		"animation.qxz.move": {
			"loop": true,
			"animation_length": 0.68,
			"bones": {
				"body": {
					"rotation": {
						"0.0": [0, 0, -7.5],
						"0.36": [0, -10, 12.5],
						"0.68": [0, 0, -7.5]
					}
				},
				"head": {
					"rotation": {
						"0.0": [7.5, 0, 0],
						"0.2": [-5, 17.5, 0],
						"0.36": [-5, -17.5, 0],
						"0.48": [20, 2.5, 0],
						"0.68": [7.5, 0, 0]
					}
				},
				"leg0": {
					"rotation": {
						"0.0": [32.5, 0, 0],
						"0.36": [-15, 0, 0],
						"0.68": [32.5, 0, 0]
					}
				},
				"leg1": {
					"rotation": {
						"0.0": [-27.5, 0, 0],
						"0.36": [45, 0, 0],
						"0.68": [-27.5, 0, 0]
					}
				},
				"leg2": {
					"rotation": {
						"0.0": [-32.5, 0, 0],
						"0.36": [35, 0, 0],
						"0.68": [-32.5, 0, 0]
					}
				},
				"leg3": {
					"rotation": {
						"0.0": [22.5, 0, 0],
						"0.36": [-27.5, 0, 0],
						"0.68": [22.5, 0, 0]
					}
				},
				"bone2": {
					"position": {
						"0.0": [0, -2, 0],
						"0.16": [0, 0, 0],
						"0.36": [0, -2, 0],
						"0.52": [0, 0, 0],
						"0.68": [0, -2, 0]
					}
				}
			}
		},
		"animation.qxz.attack": {
			"loop": true,
			"animation_length": 0.32,
			"bones": {
				"body": {
					"rotation": {
						"0.0": [-7.5, 0, 0],
						"0.12": [0, 0, 0],
						"0.24": [-7.5, 0, 0]
					}
				},
				"head": {
					"rotation": {
						"0.0": [17.5, 0, 0],
						"0.12": [-82.5, 0, 0],
						"0.24": [0, 0, 187.5],
						"0.32": [0, 0, 180]
					},
					"scale": {
						"0.0": [1, 1, 1],
						"0.04": [26.1, 21.1, 3.2],
						"0.08": [5.49, 3.75, 3.44],
						"0.12": [4.67, 3.8, 1.27],
						"0.16": [1, 1, 1],
						"0.2": [1, -0.6, 1],
						"0.32": [1, -1, 1]
					}
				},
				"leg0": {
					"rotation": {
						"0.0": [-22.5, 0, 0],
						"0.16": [-22.5, 48, 0],
						"0.2": [-22.5, 60, 0]
					},
					"scale": 1
				},
				"leg1": {
					"rotation": {
						"0.0": [-25, 0, 0],
						"0.12": [35, 7.5, 0],
						"0.24": [-25, 0, 0]
					}
				},
				"leg2": {
					"rotation": {
						"0.0": [-15, 0, 0],
						"0.24": [-15, 0, 0]
					}
				},
				"leg3": {
					"rotation": {
						"0.0": [-15, 0, 0],
						"0.12": [-72.5, -30, 0],
						"0.2": [-17.5, -30, 0],
						"0.24": [-15, 0, 0]
					},
					"position": [0, 0, 0],
					"scale": 1
				},
				"bone2": {
					"rotation": {
						"0.0": [0, 0, 0],
						"0.12": [65, 0, 0],
						"0.2": [10, 0, 0],
						"0.24": [0, 0, 0]
					},
					"position": {
						"0.0": [0, 0, 0],
						"0.08": [0, 7, -7],
						"0.16": [0, 7, -7],
						"0.2": [0, -2, -8],
						"0.24": [0, 0, 0]
					}
				}
			},
			"particle_effects": {
				"0.0": {
					"effect": ""
				}
			},
			"timeline": {
				"0.0": [""]
			}
		},
		"animation.qxz.setup.v1.0": {
			"loop": true,
			"bones": {
				"body": {
					"rotation": ["0- this", 0, 0]
				}
			}
		}
	}
}