{
	"format_version": "1.8.0",
	"animations": {
		"animation.zmech.attack.rotations": {
			"loop": true,
			"animation_length": 0.8,
			"bones": {
				"body": {
					"rotation": [0, "math.sin(math.sqrt(variable.attack_time) * 360) * 11.46 - this", 0]
				},
				"leftarm": {
					"rotation": ["math.sin(math.sqrt(variable.attack_time) * 360) * 11.46", 0, 0]
				},
				"rightarm": {
					"rotation": ["math.sin(1.0 - math.pow(1.0 - variable.attack_time, 3.0) * 180.0) * (variable.is_brandishing_spear ? -1.0 : 1.0 )", "variable.is_brandishing_spear ? 0.0 : (math.sin(math.sqrt(variable.attack_time) * 360) * 11.46) * 2.0", 0]
				},
				"zt": {
					"position": {
						"0.0": [0, -2, 0],
						"0.4": [0, 3, 0],
						"0.8": [0, -2, 0]
					}
				},
				"arm_r": {
					"rotation": {
						"0.0": [0, 0, 2.5],
						"0.4": [0, 0, -5],
						"0.8": [0, 0, 2.5]
					}
				},
				"arm_l": {
					"rotation": {
						"0.0": [0, 0, -5],
						"0.4": [0, 0, 2.5],
						"0.8": [0, 0, -5]
					}
				},
				"bone": {
					"rotation": {
						"0.0": [0, 0, 5],
						"0.4": [0, 0, -2.5],
						"0.8": [0, 0, 5]
					}
				},
				"on": {
					"rotation": {
						"0.0": [0, 0, 20],
						"0.4": [0, 0, -17.5],
						"0.8": [0, 0, 20]
					}
				},
				"un": {
					"rotation": {
						"0.0": [0, 0, -15],
						"0.4": [0, 0, 22.5],
						"0.8": [0, 0, -15]
					}
				},
				"on2": {
					"rotation": {
						"0.0": [0, 0, -20],
						"0.4": [0, 0, 42.5],
						"0.8": [0, 0, -20]
					}
				},
				"un2": {
					"rotation": {
						"0.0": [0, 0, 22.5],
						"0.4": [0, 0, -52.5],
						"0.8": [0, 0, 22.5]
					}
				}
			}
		},
		"animation.zmech.attack": {
			"loop": true,
			"animation_length": 3.28,
			"bones": {
				"1": {
					"rotation": {
						"1.72": [0, 0, 0],
						"2.0": [0, 0, 15]
					}
				},
				"2": {
					"rotation": {
						"0.2": [0, 0, 0],
						"0.32": [0, 0, 15],
						"0.88": [0, 0, 15],
						"1.04": [0, 0, 2.5],
						"1.72": [0, 0, 2.5],
						"2.0": [0, 0, 20],
						"3.28": [0, 0, 0]
					}
				},
				"3": {
					"rotation": {
						"1.72": [0, 0, 0],
						"2.0": [0, 0, 22.5]
					}
				},
				"4": {
					"rotation": {
						"1.72": [0, 0, 0],
						"2.0": [0, 0, 27.5]
					}
				},
				"5": {
					"rotation": {
						"1.72": [0, 0, 0],
						"2.0": [-50, -10, 0],
						"2.4": [0, 0, 0]
					}
				},
				"leftarm": {
					"rotation": ["-90 - ((math.sin(variable.attack_time * 180.0) * 57.3) * 1.2 - (math.sin((1.0 - (1.0 - variable.attack_time) * (1.0 - variable.attack_time)) * 180.0) * 57.3) * 0.4) - (math.sin(query.life_time * 76.776372) * 2.865) - this", "5.73 - ((math.sin(variable.attack_time * 180.0) * 57.3) * 0.6) - this", "math.cos(query.life_time * 103.13244) * -2.865 - 2.865 - this"]
				},
				"rightarm": {
					"rotation": ["-90 - ((math.sin(variable.attack_time * 180.0) * 57.3) * 1.2 - (math.sin((1.0 - (1.0 - variable.attack_time) * (1.0 - variable.attack_time)) * 180.0) * 57.3) * 0.4) + (math.sin(query.life_time * 76.776372) * 2.865) - this", "(math.sin(variable.attack_time * 180.0) * 57.3) * 0.6 - 5.73 - this", "math.cos(query.life_time * 103.13244) * 2.865 + 2.865 - this"]
				},
				"zt": {
					"rotation": {
						"2.04": [0, 0, 0],
						"2.6": [77.5, 0, 0],
						"3.28": [0, 0, 0]
					},
					"position": {
						"2.0": [0, 0, 0],
						"2.6": [0, 2, 0],
						"3.28": [0, 0, 0]
					}
				},
				"body": {
					"scale": 1
				},
				"dg": {
					"rotation": {
						"2.6": [0, 0, 0],
						"2.88": [-95, 0, 0],
						"2.96": [-89.16, 0, 0],
						"3.04": [-93.33, 0, 0],
						"3.12": [-85, 0, 0],
						"3.28": [0, 0, 0]
					},
					"position": {
						"2.6": [0, 0, 0],
						"2.88": [0, 0, 8],
						"3.28": [0, 0, 1]
					}
				},
				"arm_r": {
					"rotation": {
						"0.0": [0, 0, 0],
						"0.16": [-127.5, 0, 0],
						"1.0": [-127.5, 27.5, 0],
						"1.28": [-127.5, 42.5, 0],
						"1.72": [-127.5, -32.5, 0],
						"2.0": [-127.5, -32.5, 0]
					}
				},
				"h_": {
					"rotation": {
						"0.16": [0, 0, -12.5],
						"1.32": [0, 0, -12.5],
						"1.64": [0, 0, 7.5]
					},
					"position": {
						"1.32": [0, 0, 0],
						"1.64": [5, 0, 0]
					}
				},
				"hand": {
					"rotation": {
						"0.0": [0, 0, 0],
						"0.12": [-80, -7.5, 0],
						"0.24": [-90, -32.5, 0],
						"0.88": [-90, -32.5, 0],
						"1.0": [97.5, -32.5, 0],
						"1.52": [97.5, -32.5, 0],
						"1.72": [97.5, -57.5, 2.5],
						"3.28": [0, 0, 0]
					},
					"position": {
						"0.0": [0, 0, 0],
						"0.16": [-3, 0, 5],
						"0.88": [-3, 0, 5],
						"1.0": [5, 0, 3],
						"3.28": [0, 0, 0]
					}
				},
				"arm_l": {
					"rotation": {
						"0.56": [0, 0, 0],
						"0.96": [95, 0, 0],
						"2.0": [95, 0, 0]
					}
				},
				"hand2": {
					"rotation": {
						"0.6": [7.5, -7.5, 5],
						"0.96": [87.5, -7.5, 5]
					},
					"position": {
						"0.6": [1, 0, -1],
						"0.96": [-3, 0, -1]
					}
				},
				"bone": {
					"rotation": {
						"0.64": [0, 0, 0],
						"0.96": [5, 0, -20],
						"3.28": [0, 0, 0]
					}
				},
				"on": {
					"rotation": {
						"2.0": [0, 0, 0],
						"2.6": [-75, 0, 0],
						"3.28": [0, 0, 0]
					}
				},
				"on2": {
					"rotation": {
						"2.0": [0, 0, 0],
						"2.6": [-77.5, 0, 0],
						"3.28": [0, 0, 0]
					},
					"position": [0, 0, 0]
				},
				"bone2": {
					"rotation": {
						"0.2": [0, 0, 0],
						"0.32": [0, 0, 72.5],
						"0.88": [0, 0, 72.5],
						"1.04": [0, 0, 0]
					}
				},
				"bone3": {
					"rotation": {
						"0.2": [0, 0, 0],
						"0.32": [0, 0, 72.5],
						"0.88": [0, 0, 72.5],
						"1.04": [0, 0, -2.5],
						"3.28": [0, 0, 0]
					}
				}
			}
		}
	}
}