{
	"format_version": "1.12.0",
	"minecraft:geometry": [
		{
			"description": {
				"identifier": "geometry.buckethead_zombie",
				"texture_width": 64,
				"texture_height": 64,
				"visible_bounds_width": 0,
				"visible_bounds_height": 0,
				"visible_bounds_offset": [0, 0, 0]
			},
			"bones": [
				{
					"name": "waist",
					"pivot": [0, 12, 0]
				},
				{
					"name": "body",
					"parent": "waist",
					"pivot": [0, 24, 0],
					"cubes": [
						{"origin": [-4, 12, -2], "size": [8, 12, 4], "uv": [0, 28]}
					]
				},
				{
					"name": "head",
					"parent": "body",
					"pivot": [0, 24, 0],
					"cubes": [
						{"origin": [-4, 24, -4], "size": [8, 8, 8], "uv": [0, 0]}
					]
				},
				{
					"name": "hat",
					"parent": "head",
					"pivot": [0, 26, 0],
					"rotation": [-2.5, 0, -2.5],
					"cubes": [
						{"origin": [-4, 31, -4], "size": [8, 4, 8], "inflate": 0.5, "uv": [0, 16]},
						{"origin": [-3.5, 32, -3.5], "size": [7, 4, 7], "inflate": 0.5, "uv": [25, 9]},
						{"origin": [-3, 28, -3], "size": [6, 9, 6], "inflate": 0.5, "uv": [26, 26]},
						{"origin": [-4.45638, 34.23205, 8.31363], "size": [0, -0.5, 7], "inflate": 0.5, "pivot": [-8.95638, 16.23205, 10.31363], "rotation": [50, 0, 0], "uv": [8, 20]},
						{"origin": [-4.45638, 34.67495, 8.73658], "size": [9, -0.5, 0], "inflate": 0.5, "pivot": [-9, 16, 11], "rotation": [50, 0, 0], "uv": [8, 26]},
						{"origin": [4.54362, 34.23205, 8.31363], "size": [0, -0.5, 7], "inflate": 0.5, "pivot": [0.04362, 16.23205, 10.31363], "rotation": [50, 0, 0], "uv": [8, 19]}
					]
				},
				{
					"name": "rightArm",
					"parent": "body",
					"pivot": [-5, 22, 0],
					"cubes": [
						{"origin": [-8, 12, -2], "size": [4, 12, 4], "uv": [46, 0]}
					]
				},
				{
					"name": "rightItem",
					"parent": "rightArm",
					"pivot": [-6, 15, 1]
				},
				{
					"name": "leftArm",
					"parent": "body",
					"pivot": [5, 22, 0],
					"mirror": true,
					"cubes": [
						{"origin": [4, 12, -2], "size": [4, 12, 4], "uv": [0, 44], "mirror": false}
					]
				},
				{
					"name": "rightLeg",
					"parent": "body",
					"pivot": [-1.9, 12, 0],
					"cubes": [
						{"origin": [-3.9, 0, -2], "size": [4, 12, 4], "uv": [36, 41]}
					]
				},
				{
					"name": "leftLeg",
					"parent": "body",
					"pivot": [1.9, 12, 0],
					"mirror": true,
					"cubes": [
						{"origin": [-0.1, 0, -2], "size": [4, 12, 4], "uv": [20, 41], "mirror": false}
					]
				}
			]
		}
	]
}