{
	"format_version": "1.12.0",
	"minecraft:geometry": [
		{
			"description": {
				"identifier": "geometry.cactus",
				"texture_width": 144,
				"texture_height": 144,
				"visible_bounds_width": 5,
				"visible_bounds_height": 6,
				"visible_bounds_offset": [0, 1, 0]
			},
			"bones": [
				{
					"name": "cactus",
					"pivot": [0, 0, 0],
					"rotation": [2.5, 0, 0]
				},
				{
					"name": "base",
					"parent": "cactus",
					"pivot": [0, -1, 0]
				},
				{
					"name": "body",
					"parent": "base",
					"pivot": [0, 3, 0],
					"rotation": [-2.5, 0, 0],
					"cubes": [
						{"origin": [-6, 0, -6], "size": [12, 4, 12], "uv": [42, 0]},
						{"origin": [-6.5, 32.8, -6.5], "size": [13, 3, 13], "uv": [47, 30]},
						{"origin": [-5.5, 34.8, -5.5], "size": [11, 3, 11], "uv": [56, 13]},
						{"origin": [-5, 35.8, -5], "size": [10, 3, 10], "uv": [60, 46]},
						{"origin": [-4, 36.8, -4], "size": [8, 3, 8], "uv": [82, 82]},
						{"origin": [-7, -0.2, -7], "size": [14, 33, 14], "uv": [0, 0]},
						{"origin": [-4, 20, -14], "size": [8, 8, 2], "pivot": [0, 24.32897, -6.92362], "rotation": [2.5, 0, 0], "uv": [47, 46]},
						{"origin": [-5, 20, -15], "size": [2, 8, 2], "pivot": [0, 24.32897, -6.92362], "rotation": [2.5, 0, 0], "uv": [36, 118]},
						{"origin": [3, 20, -15], "size": [2, 8, 2], "pivot": [0, 24.32897, -6.92362], "rotation": [2.5, 0, 0], "uv": [56, 13]},
						{"origin": [-4.5, 27, -15], "size": [9, 2, 2], "pivot": [0, 24.32897, -6.92362], "rotation": [2.5, 0, 0], "uv": [100, 93]},
						{"origin": [-4.5, 19.3, -15], "size": [9, 2, 2], "pivot": [0, 24.32897, -6.92362], "rotation": [2.5, 0, 0], "uv": [100, 54]},
						{"origin": [-3, 21, -12], "size": [6, 6, 5], "pivot": [0, 24.32897, -6.92362], "rotation": [2.5, 0, 0], "uv": [101, 103]},
						{"origin": [-6.5, 0.8, -7.5], "size": [13, 31, 2], "uv": [60, 60]},
						{"origin": [-6.5, 4.8, 5.5], "size": [13, 27, 2], "uv": [0, 83]},
						{"origin": [-6.5, 1.80286, 5.63086], "size": [13, 7, 2], "uv": [0, 83]},
						{"origin": [-7.5, 4.8, -6.5], "size": [2, 27, 13], "uv": [30, 43]},
						{"origin": [-7.5, 0.80381, -6.32552], "size": [2, 9, 13], "uv": [30, 43]},
						{"origin": [5.5, 0.8, -6.5], "size": [2, 31, 13], "uv": [0, 43]}
					]
				},
				{
					"name": "hands",
					"parent": "base",
					"pivot": [0, -1, 0],
					"cubes": [
						{"origin": [-16, 13, -3], "size": [10, 6, 6], "pivot": [-11, 13, 0], "rotation": [0, 0, -2.5], "uv": [30, 83]},
						{"origin": [15, 20, -3], "size": [6, 6, 6], "pivot": [22, 20, 0], "rotation": [0, 0, 2.5], "uv": [17, 43]},
						{"origin": [14.5, 20.5, 2.5], "size": [5, 5, 1], "pivot": [21, 20, 1], "rotation": [0, 0, 2.5], "uv": [118, 102]},
						{"origin": [15.5, 20.5, -3.5], "size": [5, 5, 1], "pivot": [22, 20, -5], "rotation": [0, 0, 2.5], "uv": [117, 78]},
						{"origin": [15, 25, -2.8], "size": [6, 10, 6], "pivot": [22, 25, 0], "rotation": [0, 0, -2.5], "uv": [86, 27]},
						{"origin": [15.5, 25.5, -3.5], "size": [5, 9, 1], "pivot": [22, 25, -6], "rotation": [0, 0, -2.5], "uv": [12, 112]},
						{"origin": [15.5, 25.5, 2.5], "size": [5, 9, 1], "pivot": [22, 25, 0], "rotation": [0, 0, -2.5], "uv": [0, 112]},
						{"origin": [7, 16, -3], "size": [9, 6, 6], "pivot": [14, 16, 0], "rotation": [0, 0, 2.5], "uv": [78, 0]},
						{"origin": [7, 16.5, -3.5], "size": [9, 5, 1], "pivot": [14, 16, 1], "rotation": [0, 0, 2.5], "uv": [100, 20]},
						{"origin": [7, 16.5, 2.5], "size": [9, 5, 1], "pivot": [14, 16, 7], "rotation": [0, 0, 2.5], "uv": [90, 74]},
						{"origin": [-15, 13.5, -4], "size": [9, 5, 3], "pivot": [-11, 13, 0], "rotation": [0, 0, -2.5], "uv": [90, 46]},
						{"origin": [-16, 13.5, 1], "size": [10, 5, 3], "pivot": [-11, 13, 5], "rotation": [0, 0, -2.5], "uv": [89, 12]},
						{"origin": [-18.5, 16, 2.5], "size": [4, 6, 1], "pivot": [-19, 16, 1], "rotation": [0, 0, -2.5], "uv": [113, 120]},
						{"origin": [-19.5, 16, -3.5], "size": [4, 6, 1], "pivot": [-20, 16, -5], "rotation": [0, 0, -2.5], "uv": [103, 120]},
						{"origin": [-20, 16, -3], "size": [5, 6, 6], "pivot": [-20, 16, 0], "rotation": [0, 0, -2.5], "uv": [30, 95]},
						{"origin": [-20.5, 22.5, -3.5], "size": [5, 6, 6], "pivot": [-20, 22, -1], "rotation": [0, 0, 2.5], "uv": [84, 93]},
						{"origin": [-20.5, 22.5, -2.5], "size": [5, 6, 6], "pivot": [-20, 22, 0], "rotation": [0, 0, 2.5], "uv": [90, 59]},
						{"origin": [-21, 22, -3], "size": [6, 7, 6], "pivot": [-20, 22, 0], "rotation": [0, 0, 2.5], "uv": [60, 89]}
					]
				},
				{
					"name": "flower",
					"parent": "base",
					"pivot": [0, -1, 0],
					"cubes": [
						{"origin": [-3, 35, -2], "size": [1, 5, 5], "pivot": [-2, 35, 0], "rotation": [0, -15, -30], "uv": [89, 108]},
						{"origin": [2, 35, -2], "size": [1, 5, 5], "pivot": [3, 35, 0], "rotation": [0, 15, 30], "uv": [0, 43]},
						{"origin": [-1, 35, -2], "size": [2, 10, 5], "pivot": [0, 35, 0], "rotation": [0, 45, 35], "uv": [61, 105]},
						{"origin": [-1, 35, -2], "size": [2, 10, 5], "pivot": [0, 35, 0], "rotation": [0, 22.5, -32.5], "uv": [47, 102]},
						{"origin": [-1, 35, 1], "size": [2, 7, 5], "pivot": [0, 35, 3], "rotation": [-25, 22.5, -47.5], "uv": [75, 105]},
						{"origin": [1, 35, 2], "size": [2, 7, 5], "pivot": [2, 35, 4], "rotation": [-165, 42.5, 172.5], "uv": [0, 0]},
						{"origin": [1, 33, 1], "size": [1, 5, 5], "pivot": [2, 33, 3], "rotation": [-52.5, -45, 77.5], "uv": [42, 0]},
						{"origin": [-1, 37, 0], "size": [1, 11, 1], "pivot": [0, 37, 0], "rotation": [0, 0, -10], "uv": [56, 27]},
						{"origin": [-3.3, 47, -0.5], "size": [2, 2, 2], "pivot": [-2, 47, 0], "rotation": [0, 0, -10], "uv": [107, 114]},
						{"origin": [-1, 37, 0], "size": [1, 7, 1], "pivot": [0, 37, 0], "rotation": [0, 0, 20], "uv": [44, 123]},
						{"origin": [0.8, 43, -0.5], "size": [2, 2, 2], "pivot": [2, 43, 0], "rotation": [0, 0, 20], "uv": [35, 43]},
						{"origin": [-1, 44.54962, -0.5], "size": [2, 2, 2], "pivot": [2.94796, 43.78666, 0], "rotation": [0, 0, 12.5], "uv": [120, 67]},
						{"origin": [-2, 37, 0], "size": [1, 9, 1], "pivot": [-1, 37, 0], "rotation": [0, 0, 12.5], "uv": [43, 107]}
					]
				},
				{
					"name": "spikes",
					"parent": "base",
					"pivot": [0, -1, 0],
					"cubes": [
						{"origin": [-16, 12, -2], "size": [1, 3, 1], "uv": [78, 0]},
						{"origin": [-11, 18, -2], "size": [1, 3, 1], "uv": [49, 0]},
						{"origin": [-14, 18, 0], "size": [1, 3, 1], "pivot": [-13, 20, 0], "rotation": [0, 0, -5], "uv": [17, 43]},
						{"origin": [18, 22, -5], "size": [1, 1, 5], "pivot": [19, 22, -1], "rotation": [0, 12.5, -5], "uv": [117, 53]},
						{"origin": [16, 32, -5], "size": [1, 1, 5], "pivot": [17, 32, -1], "rotation": [0, 12.5, -5], "uv": [117, 53]},
						{"origin": [18, 22, -5], "size": [1, 1, 5], "pivot": [19, 22, -1], "rotation": [0, 12.5, -5], "uv": [117, 53]},
						{"origin": [19, 24, -1], "size": [5, 1, 1], "pivot": [20, 24, -1], "rotation": [0, 12.5, -5], "uv": [0, 53]},
						{"origin": [6, 24, 2], "size": [5, 1, 1], "pivot": [7, 24, 2], "rotation": [0, 12.5, -5], "uv": [0, 12]},
						{"origin": [17, 27, -1], "size": [5, 1, 1], "pivot": [18, 27, -1], "rotation": [0, 12.5, -5], "uv": [42, 10]},
						{"origin": [18, 32, 1], "size": [1, 4, 1], "pivot": [19, 32, 0], "rotation": [0, 12.5, -5], "uv": [7, 43]},
						{"origin": [19, 17, 1], "size": [1, 4, 1], "pivot": [20, 17, 0], "rotation": [0, 12.5, -5], "uv": [0, 43]},
						{"origin": [11, 13, -1], "size": [1, 4, 1], "pivot": [12, 13, -2], "rotation": [0, 12.5, -5], "uv": [42, 0]},
						{"origin": [16, 20, -1], "size": [1, 4, 1], "pivot": [17, 20, -2], "rotation": [0, 12.5, -5], "uv": [9, 0]},
						{"origin": [11, 19, -2], "size": [1, 4, 1], "pivot": [12, 19, -3], "rotation": [0, 12.5, -5], "uv": [0, 0]},
						{"origin": [15, 18, -4], "size": [1, 1, 5], "pivot": [16, 18, 0], "rotation": [0, -5, -5], "uv": [117, 40]},
						{"origin": [10, 18, -7], "size": [1, 1, 5], "pivot": [11, 18, -3], "rotation": [0, 7.5, -5], "uv": [82, 117]},
						{"origin": [-11, 13, 2], "size": [1, 3, 1], "pivot": [-10, 15, 2], "rotation": [0, 0, -10], "uv": [56, 39]},
						{"origin": [-16, 18, 2], "size": [1, 1, 4], "pivot": [-15, 18, 2], "rotation": [0, 0, -10], "uv": [110, 32]},
						{"origin": [-10, 19, 2], "size": [1, 1, 4], "pivot": [-9, 19, 2], "rotation": [0, 0, -10], "uv": [70, 105]},
						{"origin": [-23, 24, -2], "size": [4, 1, 1], "pivot": [-19, 24, -2], "rotation": [0, 0, -5], "uv": [100, 80]},
						{"origin": [-11, 24, 1], "size": [4, 1, 1], "pivot": [-7, 24, 1], "rotation": [0, 0, -5], "uv": [60, 27]},
						{"origin": [-11, 29, 4], "size": [4, 1, 1], "pivot": [-7, 29, 4], "rotation": [0, 0, -5], "uv": [60, 27]},
						{"origin": [-23, 25, 1], "size": [4, 1, 1], "pivot": [-19, 25, 1], "rotation": [0, 0, 10], "uv": [78, 93]},
						{"origin": [-20, 26, 0], "size": [4, 1, 1], "pivot": [-16, 26, 0], "rotation": [0, 0, 10], "uv": [90, 54]},
						{"origin": [-23, 18, 1], "size": [4, 1, 1], "pivot": [-19, 18, 1], "rotation": [0, 0, -22.5], "uv": [90, 80]},
						{"origin": [-11, 4, 1], "size": [4, 1, 1], "pivot": [-7, 4, 1], "rotation": [0, 0, -22.5], "uv": [78, 27]},
						{"origin": [-9, 10, 5], "size": [4, 1, 1], "pivot": [-5, 10, 5], "rotation": [0, 0, -17.5], "uv": [69, 28]},
						{"origin": [-9, 13, -6], "size": [4, 1, 1], "pivot": [-5, 13, -6], "rotation": [0, 0, -17.5], "uv": [69, 28]},
						{"origin": [-9, 9, -3], "size": [4, 1, 1], "pivot": [-5, 9, -3], "rotation": [0, 0, -17.5], "uv": [69, 28]},
						{"origin": [-9, 5, -5], "size": [4, 1, 1], "pivot": [-5, 5, -5], "rotation": [0, 0, -17.5], "uv": [69, 28]},
						{"origin": [-9, 8, 2], "size": [4, 1, 1], "pivot": [-5, 8, 2], "rotation": [0, 0, -17.5], "uv": [69, 28]},
						{"origin": [-4, 6, 5], "size": [1, 1, 6], "pivot": [-3, 6, 5], "rotation": [0, 0, -17.5], "uv": [112, 65]},
						{"origin": [6, 10, 4], "size": [1, 1, 6], "pivot": [7, 10, 4], "rotation": [0, 7.5, -17.5], "uv": [35, 111]},
						{"origin": [-20, 26, -5], "size": [1, 1, 4], "pivot": [-19, 26, -2], "rotation": [-17.5, 0, 10], "uv": [77, 117]},
						{"origin": [-18, 20, -5], "size": [1, 1, 4], "pivot": [-17, 20, -2], "rotation": [-17.5, 0, 10], "uv": [77, 117]},
						{"origin": [-15, 16, -5], "size": [1, 1, 4], "pivot": [-14, 16, -2], "rotation": [-17.5, 0, 10], "uv": [77, 117]},
						{"origin": [-5, 10, -10], "size": [1, 1, 5], "pivot": [-4, 10, -6], "rotation": [-5, 17.5, 10], "uv": [70, 117]},
						{"origin": [-5, 18, -10], "size": [1, 1, 5], "pivot": [-4, 18, -6], "rotation": [-5, 17.5, 10], "uv": [70, 117]},
						{"origin": [3, 6, -9], "size": [1, 1, 5], "pivot": [4, 6, -5], "rotation": [-5, -17.5, 10], "uv": [44, 117]},
						{"origin": [3, 18, -9], "size": [1, 1, 5], "pivot": [4, 18, -5], "rotation": [-5, -17.5, 10], "uv": [44, 117]},
						{"origin": [-1.5, 13, -9], "size": [1, 1, 5], "pivot": [0, 13, -5], "rotation": [-20, -17.5, 10], "uv": [114, 87]},
						{"origin": [-1.5, 3, -9], "size": [1, 1, 5], "pivot": [0, 3, -5], "rotation": [-20, -17.5, 10], "uv": [114, 87]},
						{"origin": [-1, 19, 5], "size": [1, 1, 5], "pivot": [0, 19, 9], "rotation": [-5, -17.5, 10], "uv": [116, 72]},
						{"origin": [4, 26, 5], "size": [1, 1, 5], "pivot": [5, 26, 9], "rotation": [-5, -17.5, 10], "uv": [116, 72]},
						{"origin": [4, 5, 5], "size": [1, 1, 5], "pivot": [5, 5, 9], "rotation": [-5, -17.5, 10], "uv": [116, 72]},
						{"origin": [0, 12, 5], "size": [1, 1, 5], "pivot": [1, 12, 9], "rotation": [-5, -17.5, 10], "uv": [116, 72]},
						{"origin": [-4, 26, 5], "size": [1, 1, 5], "pivot": [-3, 26, 9], "rotation": [-5, -17.5, 10], "uv": [116, 72]},
						{"origin": [16, 26, 1], "size": [1, 1, 5], "pivot": [17, 26, 5], "rotation": [-5, -17.5, 10], "uv": [116, 72]},
						{"origin": [-4, 31, 6], "size": [1, 1, 5], "pivot": [-3, 31, 10], "rotation": [12.5, -17.5, 10], "uv": [116, 32]}
					]
				}
			]
		}
	]
}