{
	"format_version": "1.12.0",
	"minecraft:geometry": [
		{
			"description": {
				"identifier": "geometry.chili_bean_bomb",
				"texture_width": 128,
				"texture_height": 128,
				"visible_bounds_width": 4,
				"visible_bounds_height": 3.5,
				"visible_bounds_offset": [0, 1.25, 0]
			},
			"bones": [
				{
					"name": "unknown_bone",
					"pivot": [0.33804, 14.36639, 0.22726],
					"rotation": [-40, 0, 0],
					"cubes": [
						{"origin": [-6.52121, -2.81523, -1.991], "size": [13.14729, 14.0864, 13.61687], "pivot": [0.52199, 10.80164, 7.39994], "rotation": [-17.5, 0, 0], "uv": [45, 45]},
						{"origin": [-2.45554, 14.63768, -8.978], "size": [4.68409, 0.70432, 0.70432], "pivot": [-6.29157, 8.46115, 6.43471], "rotation": [-17.5, 0, -15], "uv": [0, 0]},
						{"origin": [-1.69739, 19.26016, -9.52617], "size": [4.68409, 0.70432, 0.70432], "pivot": [-11.12317, 11.34509, 6.43471], "rotation": [-17.5, 0, 15], "uv": [0, 0]},
						{"origin": [-5.58211, -4.22387, -1.0519], "size": [11.26912, 1.87817, 11.73865], "pivot": [0.52199, 10.80164, 7.39994], "rotation": [-17.5, 0, 0], "uv": [0, 79]},
						{"origin": [-5.58211, -1.87612, -2.93007], "size": [11.26912, 8.45184, 16.43415], "pivot": [0.52199, 10.80164, 7.39994], "rotation": [-17.5, 0, 0], "uv": [43, 12]},
						{"origin": [-7.46032, -0.93702, -0.58236], "size": [15.02551, 12.20823, 10.79959], "pivot": [0.52199, 10.80164, 7.39994], "rotation": [-17.5, 0, 0], "uv": [44, 72]},
						{"origin": [-7.92985, 3.81714, -1.52143], "size": [15.96457, 14.0864, 14.0864], "pivot": [0.99152, 17.43397, 7.86948], "rotation": [-5, 0, 0], "uv": [0, 0]},
						{"origin": [-6.99075, 5.63661, 12.33018], "size": [14.0864, 12.20823, 0.93911], "pivot": [0.52199, 18.31437, 7.86948], "rotation": [-5, 0, 0], "uv": [44, 0]},
						{"origin": [-6.99075, 12.67981, 0.82628], "size": [14.0864, 8.92137, 15.02551], "pivot": [0.52199, 26.29668, 10.21722], "rotation": [-30, 0, 0], "uv": [0, 28]},
						{"origin": [-7.46032, 13.61892, 1.76538], "size": [15.02551, 7.51273, 12.20823], "pivot": [0.05245, 26.29668, 10.21722], "rotation": [-30, 0, 0], "uv": [0, 60]},
						{"origin": [-6.05168, 13.61892, -0.58236], "size": [12.20823, 7.0432, 1.40864], "pivot": [0.52199, 26.29668, 10.21722], "rotation": [-30, 0, 0], "uv": [0, 51]},
						{"origin": [-5.11257, 21.60122, 1.76538], "size": [10.79959, 0.93911, 13.14729], "pivot": [0.52199, 26.29668, 10.21722], "rotation": [-30, 0, 0], "uv": [68, 0]},
						{"origin": [-0.58218, 29.01722, -14.68842], "size": [1.7608, 5.964, 0.3408], "pivot": [5.58062, -18.07548, -16.11223], "rotation": [-27.5, 0, 0], "uv": [8, 8]},
						{"origin": [-0.58218, 47.6339, -27.81559], "size": [1.7608, 1.704, 0.3408], "pivot": [5.58062, -2.19072, -29.78281], "rotation": [-50, 0, 0], "uv": [0, 3]},
						{"origin": [-0.58218, 88.17158, -36.58108], "size": [1.7608, 1.704, 0.3408], "pivot": [5.58062, 38.85421, -37.46051], "rotation": [-100, 0, 0], "uv": [0, 2]},
						{"origin": [-5.42438, 12.73852, -1.40406], "size": [5.2824, 6.1628, -2.6412], "uv": [110, 56]},
						{"origin": [0.56234, 12.73852, -1.40406], "size": [5.2824, 6.1628, -2.6412], "uv": [112, 57]},
						{"origin": [-2.83966, 15.49932, -4.31001], "size": [1.6412, 1.6412, 2.6412], "uv": [0, 6]},
						{"origin": [1.7949, 15.49932, -4.31001], "size": [1.6412, 1.6412, 2.6412], "uv": [0, 2]},
						{"origin": [0.07946, 9.51576, -1.49449], "size": [5.2824, 1.05648, 1.05648], "pivot": [4.87289, 8.81144, -2.10838], "rotation": [0, 0, 2.5], "uv": [0, 0]}
					]
				}
			]
		}
	]
}