{
	"format_version": "1.12.0",
	"minecraft:geometry": [
		{
			"description": {
				"identifier": "geometry.chomper",
				"texture_width": 176,
				"texture_height": 176,
				"visible_bounds_width": 5,
				"visible_bounds_height": 6,
				"visible_bounds_offset": [0, 2, 0]
			},
			"bones": [
				{
					"name": "chomper",
					"pivot": [0, 0, 0]
				},
				{
					"name": "head",
					"parent": "chomper",
					"pivot": [1, 5, -5]
				},
				{
					"name": "headstructure",
					"parent": "head",
					"pivot": [1, 5, -5]
				},
				{
					"name": "upper",
					"parent": "headstructure",
					"pivot": [1, 38, 9],
					"cubes": [
						{"origin": [-6, 44, -12], "size": [13, 2, 16], "pivot": [0.5, 44.5, -4.5], "rotation": [-5, 0, 0], "uv": [58, 92]},
						{"origin": [-5, 43.71456, -11.04303], "size": [11, 3.5, 19], "pivot": [0.5, 44.96456, -3.54303], "rotation": [-5, 0, 0], "uv": [0, 40]},
						{"origin": [-8, 37.71456, 3.95697], "size": [17, 9.5, 6], "pivot": [0.5, 44.96456, -3.54303], "rotation": [-5, 0, 0], "uv": [52, 110]},
						{"origin": [-6, 34.71456, 3.95697], "size": [13, 10.5, 8], "pivot": [0.5, 44.96456, -3.54303], "rotation": [-5, 0, 0], "uv": [112, 62]},
						{"origin": [-8, 43.71456, -10.04303], "size": [17, 4.5, 18], "pivot": [0.5, 44.96456, -3.54303], "rotation": [-5, 0, 0], "uv": [0, 0]},
						{"origin": [-2, 48.2, -8.81182], "size": [6, 2.5, 6], "pivot": [1, 48.76009, -5.81182], "rotation": [10, 0, 0], "uv": [132, 132]},
						{"origin": [-1.75, 49.66202, -0.25], "size": [5.5, 3.5, 5.5], "pivot": [1, 50.22211, 2.75406], "rotation": [-10, 0, 0], "uv": [111, 133]},
						{"origin": [-1.75, 45.66202, 7.65], "size": [5.5, 4.5, 5.5], "pivot": [1, 46.22211, 10.75406], "rotation": [-50, 0, 0], "uv": [90, 45]},
						{"origin": [-1.75, 50.66202, -9], "size": [5.5, 3.5, 5.5], "pivot": [1, 51.22211, -6.24594], "rotation": [10, 0, 0], "uv": [98, 62]},
						{"origin": [-1.25, 53.02975, -9], "size": [4.5, 4.5, 4.5], "pivot": [1, 53.58984, -6.65866], "rotation": [-12.5, 0, 0], "uv": [142, 105]},
						{"origin": [-1.25, 52.02975, 0.75], "size": [4.5, 4.5, 4.5], "pivot": [1, 52.58984, 3.34134], "rotation": [-27.5, 0, 0], "uv": [142, 97]},
						{"origin": [-1.25, 47.0298, 9.25], "size": [4.5, 5.5, 4.5], "pivot": [1, 47.58984, 12.34134], "rotation": [-80, 0, 0], "uv": [0, 91]},
						{"origin": [-0.75, 56.35149, -8], "size": [3.5, 2.5, 3.5], "pivot": [1, 56.91158, -5.91744], "rotation": [-35, 0, 0], "uv": [0, 84]},
						{"origin": [-0.75, 55.35149, 3], "size": [3.5, 3.5, 3.5], "pivot": [1, 55.91158, 5.08256], "rotation": [-35, 0, 0], "uv": [145, 87]},
						{"origin": [-0.25, 57.35149, -6.6715], "size": [2.5, 4.5, 2.5], "pivot": [-1, 57.91158, -3.91744], "rotation": [-35, 0, 0], "uv": [69, 76]},
						{"origin": [-2, 48.01009, -0.6], "size": [6, 2.5, 6], "pivot": [1, 48.76009, 3.18818], "rotation": [-5, 0, 0], "uv": [24, 132]},
						{"origin": [-2, 45.01009, 6.8], "size": [6, 2.5, 6], "pivot": [1, 45.76009, 9.18818], "rotation": [-40, 0, 0], "uv": [0, 132]},
						{"origin": [-8, 40.49286, 3.03462], "size": [17, 3.5, 4], "pivot": [0.5, 45.74286, -0.96538], "rotation": [-5, 0, 0], "uv": [112, 80]},
						{"origin": [-1, 38.28829, -0.27994], "size": [3, 3.5, 3], "pivot": [0.5, 40.03829, 1.22006], "rotation": [2.5, 0, 0], "uv": [146, 62]},
						{"origin": [0, 41.28829, 0.72006], "size": [1, 2.5, 2], "pivot": [0.5, 40.03829, 1.22006], "rotation": [2.5, 0, 0], "uv": [0, 22]},
						{"origin": [-9, 43.71456, -7.04303], "size": [19, 4.5, 14], "pivot": [0.5, 44.96456, -3.54303], "rotation": [-5, 0, 0], "uv": [0, 22]},
						{"origin": [-8, 47.71456, -7.04303], "size": [17, 2.5, 14], "pivot": [0.5, 47.96456, -3.54303], "rotation": [-5, 0, 0], "uv": [64, 76]},
						{"origin": [8, 42.41807, -1.25244], "size": [2, 2, 2], "pivot": [9, 43.41807, -0.25244], "rotation": [-17.5, 0, 0], "uv": [8, 151]},
						{"origin": [-9, 42.41807, -1.25244], "size": [2, 2, 2], "pivot": [-8, 43.41807, -0.25244], "rotation": [-17.5, 0, 0], "uv": [38, 150]},
						{"origin": [7.5, 42.41807, -5.25244], "size": [2, 2, 2], "pivot": [9, 43.41807, -4.25244], "rotation": [-17.5, 0, 0], "uv": [0, 151]},
						{"origin": [-8.5, 42.41807, -5.25244], "size": [2, 2, 2], "pivot": [-8, 43.41807, -4.25244], "rotation": [-17.5, 0, 0], "uv": [150, 12]},
						{"origin": [5.5, 42.41807, -9.25244], "size": [2, 2, 2], "pivot": [7, 43.41807, -8.25244], "rotation": [-17.5, 0, 0], "uv": [150, 134]},
						{"origin": [-6.5, 42.41807, -9.25244], "size": [2, 2, 2], "pivot": [-6, 43.41807, -8.25244], "rotation": [-17.5, 0, 0], "uv": [150, 16]},
						{"origin": [2.5, 42.41807, -11.25244], "size": [2, 2, 2], "pivot": [4, 43.41807, -10.25244], "rotation": [-17.5, 0, 0], "uv": [150, 130]},
						{"origin": [-0.5, 42.41807, -11.5], "size": [2, 2, 2], "pivot": [1, 43.41807, -10.25244], "rotation": [-17.5, 0, 0], "uv": [30, 150]},
						{"origin": [-0.25, 40.75615, -11.5], "size": [1.5, 2, 1.5], "pivot": [0.5, 42.75615, -10.83393], "rotation": [-5, 0, 0], "uv": [51, 79]},
						{"origin": [5.75, 40.75615, -9.25], "size": [1.5, 2, 1.5], "pivot": [6.5, 42.75615, -7.83393], "rotation": [-5, 0, 0], "uv": [8, 76]},
						{"origin": [7.75, 40.75615, -5.25], "size": [1.5, 2, 1.5], "pivot": [8.5, 42.75615, -3.83393], "rotation": [-5, 0, 0], "uv": [44, 72]},
						{"origin": [-8.25, 40.75615, -5.25], "size": [1.5, 2, 1.5], "pivot": [-7.5, 42.75615, -3.83393], "rotation": [-5, 0, 0], "uv": [52, 29]},
						{"origin": [8.3, 40.75615, -1.25], "size": [1.5, 2, 1.5], "pivot": [9.5, 42.75615, 0.16607], "rotation": [-5, 0, 0], "uv": [45, 62]},
						{"origin": [-8.7, 40.75615, -1.25], "size": [1.5, 2, 1.5], "pivot": [-7.5, 42.75615, 0.16607], "rotation": [-5, 0, 0], "uv": [15, 56]},
						{"origin": [-6.25, 40.75615, -9.25], "size": [1.5, 2, 1.5], "pivot": [-5.5, 42.75615, -7.83393], "rotation": [-5, 0, 0], "uv": [0, 76]},
						{"origin": [-3.25, 41.75615, -11.25], "size": [1.5, 1, 1.5], "pivot": [-2.5, 43.75615, -10.83393], "rotation": [-5, 0, 0], "uv": [0, 34]},
						{"origin": [2.75, 41.75615, -11.25], "size": [1.5, 1, 1.5], "pivot": [3.5, 43.75615, -10.83393], "rotation": [-5, 0, 0], "uv": [0, 26]},
						{"origin": [-3.5, 42.41807, -11.25244], "size": [2, 2, 2], "pivot": [-3, 43.41807, -10.25244], "rotation": [-17.5, 0, 0], "uv": [150, 80]},
						{"origin": [-7, 42.71456, 1.95697], "size": [15, 1.5, 3], "pivot": [0.5, 44.96456, -3.54303], "rotation": [-5, 0, 0], "uv": [63, 37]},
						{"origin": [-8, 44, -11], "size": [17, 2, 15], "pivot": [0.5, 44.5, -4.5], "rotation": [-5, 0, 0], "uv": [52, 0]},
						{"origin": [-9, 44, -9], "size": [19, 2, 13], "pivot": [0.5, 44.5, -4.5], "rotation": [-5, 0, 0], "uv": [0, 76]},
						{"origin": [-10, 44, -7], "size": [21, 2, 11], "pivot": [0.5, 44.5, -4.5], "rotation": [-5, 0, 0], "uv": [90, 32]},
						{"origin": [-9, 43, 2], "size": [20, 2, 2], "pivot": [0.5, 44.5, -4.5], "rotation": [-5, 0, 0], "uv": [100, 97]},
						{"origin": [-9, 41, 3], "size": [20, 2, 2], "pivot": [0.5, 42.5, -3.5], "rotation": [-5, 0, 0], "uv": [0, 72]},
						{"origin": [-9, 39, 4], "size": [20, 2, 2], "pivot": [0.5, 40.5, -2.5], "rotation": [-5, 0, 0], "uv": [52, 32]}
					]
				},
				{
					"name": "lower",
					"parent": "headstructure",
					"pivot": [1, 37, 7],
					"cubes": [
						{"origin": [-6, 32, -13], "size": [13, 2, 16], "pivot": [0.5, 33.5, -4.5], "rotation": [7.5, 0, 0], "uv": [0, 91]},
						{"origin": [-6, 31.2, -12], "size": [13, 3, 15], "pivot": [0.5, 32.5, -4.5], "rotation": [7.5, 0, 0], "uv": [101, 101]},
						{"origin": [-8, 30.2, -9], "size": [17, 4, 12], "pivot": [0.5, 32.5, -4.5], "rotation": [7.5, 0, 0], "uv": [98, 46]},
						{"origin": [-9, 28.2, -6], "size": [19, 6, 12], "pivot": [0.5, 32.5, -4.5], "rotation": [7.5, 0, 0], "uv": [48, 58]},
						{"origin": [-9, 31.2, 0], "size": [19, 5, 7], "pivot": [0.5, 32.5, -4.5], "rotation": [7.5, 0, 0], "uv": [0, 109]},
						{"origin": [-8, 31.2, 1], "size": [17, 6, 8], "pivot": [0.5, 32.5, -4.5], "rotation": [7.5, 0, 0], "uv": [108, 12]},
						{"origin": [-8, 32, -12], "size": [17, 2, 15], "pivot": [0.5, 33.5, -4.5], "rotation": [7.5, 0, 0], "uv": [41, 41]},
						{"origin": [-9, 32, -10], "size": [19, 2, 13], "pivot": [0.5, 33.5, -4.5], "rotation": [7.5, 0, 0], "uv": [57, 17]},
						{"origin": [-10, 32, -7], "size": [21, 2, 10], "pivot": [0.5, 33.5, -4.5], "rotation": [7.5, 0, 0], "uv": [101, 0]},
						{"origin": [-9, 33, -3], "size": [2, 2, 2], "pivot": [0.5, 33.5, -4.5], "rotation": [15, 0, 0], "uv": [78, 152]},
						{"origin": [-8.8, 35.4, -3.25], "size": [1.5, 3, 1.5], "pivot": [-8, 36.56186, -2.73223], "rotation": [5, 0, 0], "uv": [65, 22]},
						{"origin": [-6.25, 34.4, -10.25], "size": [1.5, 3, 1.5], "pivot": [-5, 35.56186, -9.73223], "rotation": [5, 0, 0], "uv": [62, 0]},
						{"origin": [-0.25, 33.4, -12.5], "size": [1.5, 3, 1.5], "pivot": [1, 34.56186, -11.73223], "rotation": [5, 0, 0], "uv": [0, 4]},
						{"origin": [2.75, 33.4, -12], "size": [1.5, 2.5, 1.5], "pivot": [4, 34.56186, -11.73223], "rotation": [5, 0, 0], "uv": [90, 45]},
						{"origin": [-3.25, 33.4, -12], "size": [1.5, 2.5, 1.5], "pivot": [-2, 34.56186, -11.73223], "rotation": [5, 0, 0], "uv": [9, 84]},
						{"origin": [5.75, 34.4, -10.25], "size": [1.5, 3, 1.5], "pivot": [7, 35.56186, -9.73223], "rotation": [5, 0, 0], "uv": [0, 43]},
						{"origin": [8.2, 35.4, -3.25], "size": [1.5, 3, 1.5], "pivot": [9, 36.56186, -2.73223], "rotation": [5, 0, 0], "uv": [62, 4]},
						{"origin": [7.85, 35.4, -7.25], "size": [1.5, 2, 1.5], "pivot": [8, 36.56186, -6.73223], "rotation": [5, 0, 0], "uv": [12, 91]},
						{"origin": [-8.15, 35.4, -7.25], "size": [1.5, 2, 1.5], "pivot": [-8, 36.56186, -6.73223], "rotation": [5, 0, 0], "uv": [0, 91]},
						{"origin": [8, 33, -3], "size": [2, 2, 2], "pivot": [1.5, 33.5, -4.5], "rotation": [15, 0, 0], "uv": [46, 151]},
						{"origin": [-8.5, 33, -7], "size": [2, 2, 2], "pivot": [0.5, 33.5, -8.5], "rotation": [15, 0, 0], "uv": [70, 152]},
						{"origin": [7.5, 33, -7], "size": [2, 2, 2], "pivot": [1.5, 33.5, -8.5], "rotation": [15, 0, 0], "uv": [125, 151]},
						{"origin": [-6.5, 32, -10], "size": [2, 2, 2], "pivot": [2.5, 32.5, -11.5], "rotation": [15, 0, 0], "uv": [62, 152]},
						{"origin": [5.5, 32, -10], "size": [2, 2, 2], "pivot": [-0.5, 32.5, -11.5], "rotation": [15, 0, 0], "uv": [151, 30]},
						{"origin": [-3.5, 32, -12], "size": [2, 2, 2], "pivot": [5.5, 32.5, -13.5], "rotation": [15, 0, 0], "uv": [54, 152]},
						{"origin": [2.5, 32, -12], "size": [2, 2, 2], "pivot": [-4.5, 32.5, -13.5], "rotation": [15, 0, 0], "uv": [24, 152]},
						{"origin": [-0.5, 32, -12.5], "size": [2, 2, 2], "pivot": [-7.5, 32.5, -12.5], "rotation": [15, 0, 0], "uv": [16, 151]},
						{"origin": [-10, 33, 1], "size": [21, 2, 3], "pivot": [0.5, 33.5, -4.5], "rotation": [7.5, 0, 0], "uv": [100, 92]},
						{"origin": [-10, 35, 2], "size": [21, 2, 3], "pivot": [0.5, 35.5, -3.5], "rotation": [7.5, 0, 0], "uv": [0, 67]},
						{"origin": [-10, 37, 4], "size": [21, 2, 3], "pivot": [0.5, 37.5, -1.5], "rotation": [7.5, 0, 0], "uv": [0, 62]}
					]
				},
				{
					"name": "tongue",
					"parent": "headstructure",
					"pivot": [1, 5, 22],
					"cubes": [
						{"origin": [-2, 32.24824, -3.11571], "size": [5, 5, 6], "pivot": [0.5, 34.74824, -0.11571], "rotation": [-25, 0, 0], "uv": [72, 128]},
						{"origin": [-1, 33.24824, -6.11571], "size": [3, 3, 5], "pivot": [0.5, 34.74824, 1.88429], "rotation": [-12.5, 0, 0], "uv": [31, 142]},
						{"origin": [-1, 32.18869, -9.22016], "size": [3, 3, 3], "pivot": [0.5, 33.68869, 1.77984], "rotation": [-20, 0, 0], "uv": [59, 146]},
						{"origin": [-0.5, 32.24824, -12.11571], "size": [1.5, 1.5, 4], "pivot": [0.5, 32.74824, 1.88429], "rotation": [-22.5, 0, 0], "uv": [86, 141]},
						{"origin": [-0.5, 31.12289, -14.59234], "size": [1.5, 1.5, 2], "pivot": [0.5, 31.62289, 1.40766], "rotation": [-27.5, 0, 0], "uv": [51, 76]},
						{"origin": [-0.5, 38.35497, -14.2891], "size": [1.5, 1.5, 2], "pivot": [0.25, 39.10497, -13.2891], "rotation": [2.5, 0, 0], "uv": [58, 12]}
					]
				},
				{
					"name": "leaf",
					"parent": "head",
					"pivot": [1, 5, -5],
					"cubes": [
						{"origin": [-3, 38, 10], "size": [2, 2, 4], "pivot": [-2, 39, 10.5], "rotation": [0, -20, 0], "uv": [138, 126]},
						{"origin": [-1, 40, 10], "size": [2, 2, 4], "pivot": [0, 41, 10.5], "rotation": [12.5, 0, 0], "uv": [18, 121]},
						{"origin": [-1, 40.89727, 13.56649], "size": [2, 2, 2], "pivot": [0, 41.89727, 14.06649], "rotation": [30, 0, 0], "uv": [42, 143]},
						{"origin": [0, 41.89727, 10.56649], "size": [2, 0, 5], "pivot": [1, 41.89727, 14.06649], "rotation": [30, 32.5, 0], "uv": [53, 0]},
						{"origin": [-2, 41.89727, 10.56649], "size": [2, 0, 5], "pivot": [-1, 41.89727, 14.06649], "rotation": [30, -32.5, 0], "uv": [47, 22]},
						{"origin": [1, 44.89727, 12.56649], "size": [3, 0, 5], "pivot": [3, 44.89727, 16.06649], "rotation": [42.5, 45, 0], "uv": [47, 5]},
						{"origin": [-4, 44.89727, 12.56649], "size": [3, 0, 5], "pivot": [-3, 44.89727, 16.06649], "rotation": [42.5, -45, 0], "uv": [47, 0]},
						{"origin": [-3, 45.89727, 14.56649], "size": [3, 0, 6], "pivot": [-2, 45.89727, 18.06649], "rotation": [42.5, -22.5, 0], "uv": [0, 22]},
						{"origin": [0, 45.89727, 14.56649], "size": [3, 0, 6], "pivot": [2, 45.89727, 18.06649], "rotation": [42.5, 22.5, 0], "uv": [6, 0]},
						{"origin": [-1, 41.78668, 14.87655], "size": [2, 2, 3], "pivot": [0, 42.78668, 15.37655], "rotation": [52.5, 0, 0], "uv": [13, 140]},
						{"origin": [-1, 43.78668, 15.87655], "size": [2, 0, 8], "pivot": [0, 43.78668, 16.37655], "rotation": [57.5, 0, 0], "uv": [0, 0]},
						{"origin": [1, 38, 10], "size": [2, 2, 4], "pivot": [2, 39, 10.5], "rotation": [0, 20, 0], "uv": [66, 125]},
						{"origin": [-4.30161, 38, 13.23146], "size": [2, 2, 4], "pivot": [-3.30161, 39, 13.73146], "rotation": [0, -47.5, 0], "uv": [18, 132]},
						{"origin": [2.30161, 38, 13.23146], "size": [2, 2, 4], "pivot": [3.30161, 39, 13.73146], "rotation": [0, 47.5, 0], "uv": [42, 121]},
						{"origin": [3.30161, 38, 11.23146], "size": [0, 3, 9], "pivot": [3.30161, 39, 13.73146], "rotation": [15, 47.5, 0], "uv": [0, 31]},
						{"origin": [-3.30161, 38, 11.23146], "size": [0, 3, 9], "pivot": [-3.30161, 39, 13.73146], "rotation": [15, -47.5, 0], "uv": [0, 3]},
						{"origin": [3.30161, 38, 11.23146], "size": [0, 3, 9], "pivot": [3.30161, 39, 13.73146], "rotation": [-30, 47.5, 0], "uv": [0, 6]},
						{"origin": [-3.30161, 38, 11.23146], "size": [0, 3, 9], "pivot": [-3.30161, 39, 13.73146], "rotation": [-30, -47.5, 0], "uv": [0, 0]},
						{"origin": [5.30161, 37, 16.23146], "size": [0, 3, 7], "pivot": [5.30161, 38, 16.73146], "rotation": [-17.5, 82.5, 0], "uv": [41, 44]},
						{"origin": [-5.30161, 37, 16.23146], "size": [0, 3, 7], "pivot": [-5.30161, 38, 16.73146], "rotation": [-17.5, -82.5, 0], "uv": [41, 41]},
						{"origin": [6.30161, 38, 16.23146], "size": [0, 3, 7], "pivot": [6.30161, 39, 16.73146], "rotation": [7.5, 82.5, 0], "uv": [41, 36]},
						{"origin": [-6.30161, 38, 16.23146], "size": [0, 3, 7], "pivot": [-6.30161, 39, 16.73146], "rotation": [7.5, -82.5, 0], "uv": [0, 24]},
						{"origin": [8.30161, 37, 16.23146], "size": [0, 3, 7], "pivot": [8.30161, 38, 16.73146], "rotation": [-15, 82.5, 0], "uv": [41, 33]},
						{"origin": [-8.30161, 37, 16.23146], "size": [0, 3, 7], "pivot": [-8.30161, 38, 16.73146], "rotation": [-15, -82.5, 0], "uv": [0, 21]},
						{"origin": [-6.79174, 38, 15.38069], "size": [2, 2, 2], "pivot": [-5.79174, 39, 15.88069], "rotation": [0, -85, 0], "uv": [119, 149]},
						{"origin": [4.79174, 38, 15.38069], "size": [2, 2, 2], "pivot": [5.79174, 39, 15.88069], "rotation": [0, 85, 0], "uv": [24, 148]}
					]
				},
				{
					"name": "stem",
					"parent": "chomper",
					"pivot": [0, 0, 0]
				},
				{
					"name": "stemstructure",
					"parent": "stem",
					"pivot": [0, 0, 0]
				},
				{
					"name": "stem1",
					"parent": "stemstructure",
					"pivot": [0, 0, 0],
					"cubes": [
						{"origin": [-3, 6, -3], "size": [6, 5, 6], "pivot": [0, 8, 0], "rotation": [-12.5, 0, 0], "uv": [48, 125]},
						{"origin": [0, 8.95027, -4.67689], "size": [2, 2, 3], "pivot": [1, 9.95027, -3.17689], "rotation": [-27.5, 0, 0], "uv": [132, 119]},
						{"origin": [2, 9.95027, -0.32311], "size": [2, 2, 3], "pivot": [3, 10.95027, 1.17689], "rotation": [27.5, 65, 0], "uv": [101, 5]},
						{"origin": [-4, 8.95027, -2.32311], "size": [2, 2, 3], "pivot": [-3, 9.95027, -0.82311], "rotation": [27.5, -65, 0], "uv": [101, 0]},
						{"origin": [3.59041, 11.55827, 0.41851], "size": [2, 2, 4], "pivot": [4.59041, 12.55827, 1.91851], "rotation": [57.5, 65, 0], "uv": [110, 119]},
						{"origin": [-5.59041, 10.55827, -1.58149], "size": [2, 2, 4], "pivot": [-4.59041, 11.55827, -0.08149], "rotation": [57.5, -65, 0], "uv": [62, 102]},
						{"origin": [4.66587, 14.62945, 0.92001], "size": [2, 2, 4], "pivot": [5.66587, 15.62945, 2.42001], "rotation": [90, 65, 0], "uv": [45, 109]},
						{"origin": [5.25437, 17.85724, 1.19443], "size": [2, 2, 2], "pivot": [6.25437, 18.85724, 2.69443], "rotation": [57.5, 65, 0], "uv": [122, 141]},
						{"origin": [-7.63007, 13.63438, -0.63038], "size": [2, 2, 2], "pivot": [-6.63007, 14.63438, 0.86962], "rotation": [47.5, -65, 0], "uv": [66, 96]},
						{"origin": [5.5, 18.5, 1.19443], "size": [1.5, 1.5, 3], "pivot": [6.25437, 19.85724, 2.69443], "rotation": [50, 65, 0], "uv": [93, 33]},
						{"origin": [-7, 14, -0.80557], "size": [1.5, 1.5, 4], "pivot": [-6.25437, 15.85724, 0.69443], "rotation": [40, -65, 0], "uv": [0, 4]},
						{"origin": [-10.14298, 16.12507, 0.66003], "size": [1.5, 1.5, 3], "pivot": [-9.39735, 17.98231, 2.16003], "rotation": [17.5, -65, 0], "uv": [0, 0]},
						{"origin": [0, 10.48611, -6.97544], "size": [2, 2, 3], "pivot": [1, 11.48611, -5.47544], "rotation": [-40, 0, 0], "uv": [130, 26]},
						{"origin": [0, 12.43581, -8.34063], "size": [2, 2, 3], "pivot": [1, 13.43581, -6.84063], "rotation": [-70, 0, 0], "uv": [105, 110]},
						{"origin": [0.25, 12.2, -10.92789], "size": [1.5, 1.5, 2], "pivot": [1, 12.92188, -7.42789], "rotation": [-95, 0, 0], "uv": [52, 12]},
						{"origin": [0.25, 13.96858, -9.21106], "size": [1.5, 1.5, 1], "pivot": [1, 14.69046, -6.71106], "rotation": [-75, 0, 0], "uv": [14, 6]},
						{"origin": [0.25, 14.90162, -9.95682], "size": [1.5, 1.5, 2], "pivot": [1, 15.6235, -6.45682], "rotation": [-57.5, 0, 0], "uv": [10, 6]},
						{"origin": [-3, 9.33863, -1.68199], "size": [6, 5, 6], "pivot": [0, 11.33863, 1.31801], "rotation": [-37.5, 0, 0], "uv": [24, 121]}
					]
				},
				{
					"name": "stem2",
					"parent": "stemstructure",
					"pivot": [0, 0, 0],
					"cubes": [
						{"origin": [-3, 9.06014, 2.60843], "size": [6, 9, 6], "pivot": [0, 13.56014, 6.10843], "rotation": [-72.5, 0, 0], "uv": [92, 119]},
						{"origin": [-3, 12.32442, 10.4891], "size": [6, 9, 6], "pivot": [0, 16.82442, 13.9891], "rotation": [-62.5, 0, 0], "uv": [42, 91]}
					]
				},
				{
					"name": "stem3",
					"parent": "stemstructure",
					"pivot": [0, 18, 18],
					"cubes": [
						{"origin": [-3, 17.92336, 15.94996], "size": [6, 5, 6], "pivot": [0, 20.92336, 18.94996], "rotation": [-42.5, 0, 0], "uv": [0, 121]},
						{"origin": [-3, 20.74134, 16.86495], "size": [6, 7, 6], "pivot": [0, 23.24134, 19.86495], "rotation": [-7.5, 0, 0], "uv": [51, 76]},
						{"origin": [-2.75, 25.91253, 16.9602], "size": [5.5, 8, 6], "pivot": [0, 27.41253, 19.9602], "rotation": [30, 0, 0], "uv": [116, 119]},
						{"origin": [-2.25, 32, 14.5], "size": [4.5, 10, 4.5], "pivot": [0, 33.59883, 17.32388], "rotation": [62.5, 0, 0], "uv": [0, 43]}
					]
				},
				{
					"name": "legs",
					"parent": "chomper",
					"pivot": [0, 0, 0],
					"rotation": [0, -15, 0]
				},
				{
					"name": "legstructure",
					"parent": "legs",
					"pivot": [0, 0, 0]
				},
				{
					"name": "leg1",
					"parent": "legstructure",
					"pivot": [-0.25882, 0, -0.96593],
					"cubes": [
						{"origin": [-0.25882, 5, -3.96593], "size": [5, 2, 5], "pivot": [0.24118, 6.5, -0.46593], "rotation": [-10, 40, -20], "uv": [58, 139]},
						{"origin": [-0.25882, 5, -0.46593], "size": [5, 2, 2], "pivot": [0.24118, 6.5, -0.46593], "rotation": [-10, 40, -20], "uv": [146, 126]},
						{"origin": [0.74118, 5, -4.46593], "size": [4, 2, 2], "pivot": [0.24118, 6.5, -0.46593], "rotation": [-10, 40, -20], "uv": [147, 149]},
						{"origin": [2.85653, 6.10005, -6.92405], "size": [2, 2, 5], "pivot": [3.35653, 7.60005, -3.92405], "rotation": [10, 40, 12.5], "uv": [100, 101]},
						{"origin": [3.84205, 5.73182, -7.74898], "size": [4, 2, 5], "pivot": [4.34205, 7.23182, -4.74898], "rotation": [32.5, 17.5, 57.5], "uv": [139, 142]},
						{"origin": [3.84205, 5.73182, -4.16593], "size": [4, 2, 2], "pivot": [4.34205, 7.23182, -4.74898], "rotation": [32.5, 17.5, 57.5], "uv": [135, 149]},
						{"origin": [3.84205, 5.73182, -8.26593], "size": [4, 2, 2], "pivot": [4.34205, 7.23182, -4.74898], "rotation": [32.5, 17.5, 57.5], "uv": [107, 149]},
						{"origin": [5.75403, 2.55688, -8.85673], "size": [4, 2, 5], "pivot": [6.25403, 4.05688, -5.85673], "rotation": [37.5, 7.5, 75], "uv": [109, 142]},
						{"origin": [7.75403, 2.55688, -5.46593], "size": [2, 2, 2], "pivot": [6.25403, 4.05688, -5.85673], "rotation": [37.5, 7.5, 75], "uv": [131, 153]},
						{"origin": [7.75403, 2.55688, -9.16593], "size": [2, 2, 2], "pivot": [6.25403, 4.05688, -5.85673], "rotation": [37.5, 7.5, 75], "uv": [118, 153]},
						{"origin": [6.08116, -1.38586, -9.16593], "size": [2, 4, 4], "pivot": [7.58116, 0.61414, -6.68873], "rotation": [37.5, 15, 70], "uv": [144, 45]}
					]
				},
				{
					"name": "leg2",
					"parent": "legstructure",
					"pivot": [-0.25882, 7, -0.96593],
					"rotation": [0, 105, 0],
					"cubes": [
						{"origin": [-0.25882, 5, -3.96593], "size": [5, 2, 5], "pivot": [0.24118, 6.5, -0.46593], "rotation": [-10, 40, -20], "uv": [138, 119]},
						{"origin": [-0.25882, 5, -0.46593], "size": [5, 2, 2], "pivot": [0.24118, 6.5, -0.46593], "rotation": [-10, 40, -20], "uv": [144, 53]},
						{"origin": [0.74118, 5, -4.46593], "size": [4, 2, 2], "pivot": [0.24118, 6.5, -0.46593], "rotation": [-10, 40, -20], "uv": [148, 93]},
						{"origin": [2.85653, 6.10005, -6.92405], "size": [2, 2, 5], "pivot": [3.35653, 7.60005, -3.92405], "rotation": [10, 40, 12.5], "uv": [0, 100]},
						{"origin": [3.84205, 5.73182, -7.74898], "size": [4, 2, 5], "pivot": [4.34205, 7.23182, -4.74898], "rotation": [32.5, 17.5, 57.5], "uv": [91, 141]},
						{"origin": [3.84205, 5.73182, -4.16593], "size": [4, 2, 2], "pivot": [4.34205, 7.23182, -4.74898], "rotation": [32.5, 17.5, 57.5], "uv": [95, 148]},
						{"origin": [3.84205, 5.73182, -8.26593], "size": [4, 2, 2], "pivot": [4.34205, 7.23182, -4.74898], "rotation": [32.5, 17.5, 57.5], "uv": [83, 148]},
						{"origin": [5.75403, 2.55688, -8.85673], "size": [4, 2, 5], "pivot": [6.25403, 4.05688, -5.85673], "rotation": [37.5, 7.5, 75], "uv": [73, 141]},
						{"origin": [7.75403, 2.55688, -5.46593], "size": [2, 2, 2], "pivot": [6.25403, 4.05688, -5.85673], "rotation": [37.5, 7.5, 75], "uv": [110, 153]},
						{"origin": [7.75403, 2.55688, -9.16593], "size": [2, 2, 2], "pivot": [6.25403, 4.05688, -5.85673], "rotation": [37.5, 7.5, 75], "uv": [102, 153]},
						{"origin": [6.08116, -1.38586, -9.16593], "size": [2, 4, 4], "pivot": [7.58116, 0.61414, -6.68873], "rotation": [37.5, 15, 70], "uv": [143, 32]}
					]
				},
				{
					"name": "leg3",
					"parent": "legstructure",
					"pivot": [-0.70711, 7, 1.22474],
					"rotation": [0, -165, 0],
					"cubes": [
						{"origin": [-0.70711, 5, -1.77526], "size": [5, 2, 5], "pivot": [-0.20711, 6.5, 1.72474], "rotation": [-10, 40, -20], "uv": [43, 136]},
						{"origin": [-0.70711, 5, 1.72474], "size": [5, 2, 2], "pivot": [-0.20711, 6.5, 1.72474], "rotation": [-10, 40, -20], "uv": [144, 26]},
						{"origin": [0.29289, 5, -2.27526], "size": [4, 2, 2], "pivot": [-0.20711, 6.5, 1.72474], "rotation": [-10, 40, -20], "uv": [71, 148]},
						{"origin": [2.40824, 6.10005, -4.73338], "size": [2, 2, 5], "pivot": [2.90824, 7.60005, -1.73338], "rotation": [10, 40, 12.5], "uv": [45, 62]},
						{"origin": [3.39376, 5.73182, -5.55831], "size": [4, 2, 5], "pivot": [3.89376, 7.23182, -2.55831], "rotation": [32.5, 17.5, 57.5], "uv": [126, 140]},
						{"origin": [3.39376, 5.73182, -1.97526], "size": [4, 2, 2], "pivot": [3.89376, 7.23182, -2.55831], "rotation": [32.5, 17.5, 57.5], "uv": [125, 147]},
						{"origin": [3.39376, 5.73182, -6.07526], "size": [4, 2, 2], "pivot": [3.89376, 7.23182, -2.55831], "rotation": [32.5, 17.5, 57.5], "uv": [12, 147]},
						{"origin": [5.30574, 2.55688, -6.66606], "size": [4, 2, 5], "pivot": [5.80574, 4.05688, -3.66606], "rotation": [37.5, 7.5, 75], "uv": [18, 140]},
						{"origin": [7.30574, 2.55688, -3.27526], "size": [2, 2, 2], "pivot": [5.80574, 4.05688, -3.66606], "rotation": [37.5, 7.5, 75], "uv": [152, 140]},
						{"origin": [7.30574, 2.55688, -6.97526], "size": [2, 2, 2], "pivot": [5.80574, 4.05688, -3.66606], "rotation": [37.5, 7.5, 75], "uv": [152, 43]},
						{"origin": [5.63287, -1.38586, -6.97526], "size": [2, 4, 4], "pivot": [7.13287, 0.61414, -4.49806], "rotation": [37.5, 15, 70], "uv": [47, 143]}
					]
				},
				{
					"name": "leg4",
					"parent": "legstructure",
					"pivot": [1.22474, 7, 0.70711],
					"rotation": [0, -80, 0],
					"cubes": [
						{"origin": [1.22474, 5, -2.29289], "size": [5, 2, 5], "pivot": [1.72474, 6.5, 1.20711], "rotation": [-10, 40, -20], "uv": [89, 134]},
						{"origin": [1.22474, 5, 1.20711], "size": [5, 2, 2], "pivot": [1.72474, 6.5, 1.20711], "rotation": [-10, 40, -20], "uv": [126, 87]},
						{"origin": [2.22474, 5, -2.79289], "size": [4, 2, 2], "pivot": [1.72474, 6.5, 1.20711], "rotation": [-10, 40, -20], "uv": [0, 147]},
						{"origin": [4.34009, 6.10005, -5.25101], "size": [2, 2, 5], "pivot": [4.84009, 7.60005, -2.25101], "rotation": [10, 40, 12.5], "uv": [53, 5]},
						{"origin": [5.32561, 5.73182, -6.07594], "size": [4, 2, 5], "pivot": [5.82561, 7.23182, -3.07594], "rotation": [32.5, 17.5, 57.5], "uv": [0, 140]},
						{"origin": [5.32561, 5.73182, -2.49289], "size": [4, 2, 2], "pivot": [5.82561, 7.23182, -3.07594], "rotation": [32.5, 17.5, 57.5], "uv": [104, 134]},
						{"origin": [5.32561, 5.73182, -6.59289], "size": [4, 2, 2], "pivot": [5.82561, 7.23182, -3.07594], "rotation": [32.5, 17.5, 57.5], "uv": [126, 133]},
						{"origin": [7.23759, 2.55688, -7.18369], "size": [4, 2, 5], "pivot": [7.73759, 4.05688, -4.18369], "rotation": [37.5, 7.5, 75], "uv": [52, 22]},
						{"origin": [9.23759, 2.55688, -3.79289], "size": [2, 2, 2], "pivot": [7.73759, 4.05688, -4.18369], "rotation": [37.5, 7.5, 75], "uv": [94, 152]},
						{"origin": [9.23759, 2.55688, -7.49289], "size": [2, 2, 2], "pivot": [7.73759, 4.05688, -4.18369], "rotation": [37.5, 7.5, 75], "uv": [86, 152]},
						{"origin": [7.56472, -1.38586, -7.49289], "size": [2, 4, 4], "pivot": [9.06472, 0.61414, -5.01569], "rotation": [37.5, 15, 70], "uv": [0, 76]}
					]
				},
				{
					"name": "innerlegs",
					"parent": "legs",
					"pivot": [0, 0, 0],
					"rotation": [0, 47.5, 0],
					"cubes": [
						{"origin": [-1, 3, -2], "size": [2, 2, 3], "uv": [104, 141]},
						{"origin": [-5, 0, -1.5], "size": [1, 2, 2], "uv": [54, 62]},
						{"origin": [4, 0, -1.5], "size": [1, 2, 2], "uv": [12, 43]},
						{"origin": [-5, 3, -2], "size": [4, 1, 3], "pivot": [0, 4, 0], "rotation": [0, 0, -25], "uv": [108, 26]},
						{"origin": [1, 3, -2], "size": [4, 1, 3], "pivot": [0, 4, 0], "rotation": [0, 0, 25], "uv": [60, 92]},
						{"origin": [-0.5, 0, -6], "size": [1, 2, 1], "uv": [42, 94]},
						{"origin": [-0.5, 0, 4], "size": [1, 2, 1], "uv": [42, 91]},
						{"origin": [-1, 3, -6], "size": [2, 1, 5], "pivot": [0, 4, 0], "rotation": [25, 0, 0], "uv": [135, 26]},
						{"origin": [-1, 3, 0], "size": [2, 1, 5], "pivot": [0, 4, 0], "rotation": [-25, 0, 0], "uv": [121, 26]},
						{"origin": [-2, 5, -3], "size": [4, 1, 5], "uv": [92, 110]}
					]
				}
			]
		}
	]
}