{
	"format_version": "1.12.0",
	"minecraft:geometry": [
		{
			"description": {
				"identifier": "geometry.heal_flower",
				"texture_width": 64,
				"texture_height": 64,
				"visible_bounds_width": 3,
				"visible_bounds_height": 4,
				"visible_bounds_offset": [0, 1, 0]
			},
			"bones": [
				{
					"name": "Main",
					"pivot": [0, 0, 0]
				},
				{
					"name": "sunflower",
					"parent": "Main",
					"pivot": [0, 0, 0]
				},
				{
					"name": "head",
					"parent": "sunflower",
					"pivot": [0, 0, 0]
				},
				{
					"name": "base",
					"parent": "head",
					"pivot": [-0.24874, 14.54615, -0.5],
					"cubes": [
						{"origin": [-3, 25.5, -3.5], "size": [7, 2, 4], "uv": [28, 22]},
						{"origin": [-1.4, 25.5, -2.5], "size": [4, 6, 2], "uv": [6, 52]},
						{"origin": [-1.4, 15.5, -2.5], "size": [4, 6, 2], "uv": [6, 52]},
						{"origin": [-25.4, 41.5, -2.5], "size": [4, 6, 2], "pivot": [-25, 25, -3], "rotation": [0, 0, 90], "uv": [6, 52]},
						{"origin": [-14.4, 42.5, -2.5], "size": [4, 6, 2], "pivot": [-14, 25, -3], "rotation": [0, 0, 90], "uv": [6, 52]},
						{"origin": [-12.4, 32.5, -2.5], "size": [4, 6, 2], "pivot": [-12, 15, -3], "rotation": [0, 0, 50], "uv": [6, 52]},
						{"origin": [10.50085, 19.04866, -2.5], "size": [4, 17, 2], "pivot": [10.90085, 12.54866, -3], "rotation": [0, 0, -50], "uv": [40, 0]},
						{"origin": [-3.48828, 20.4128, -2.5], "size": [4, 5, 2], "pivot": [-1.73479, 20.59514, -1.5], "rotation": [0, 0, -130], "uv": [6, 52]},
						{"origin": [-5, 19.5, -3.5], "size": [11, 7, 4], "uv": [24, 28]},
						{"origin": [-4, 19, -4], "size": [9, 8, 5], "uv": [0, 19]}
					]
				},
				{
					"name": "stem",
					"parent": "sunflower",
					"pivot": [0, 0, 0],
					"cubes": [
						{"origin": [0, 0, 0], "size": [2, 4, 2], "pivot": [1, 0, 1], "rotation": [-5, 0, -5], "uv": [0, 32]},
						{"origin": [-0.33589, 6.79564, -0.65518], "size": [2, 16, 1.5], "uv": [0, 46]}
					]
				},
				{
					"name": "leaves",
					"parent": "sunflower",
					"pivot": [1.17335, 0.88161, 0.77333],
					"cubes": [
						{"origin": [-1.50422, 9.69547, -4.97541], "size": [3.696, 1.232, 3.696], "pivot": [0.95978, 9.69547, -1.27941], "rotation": [-15, 40, 0], "uv": [52, 4]},
						{"origin": [-3.19809, 10.77514, -6.99409], "size": [3.696, 1.232, 3.696], "pivot": [-0.73409, 10.77514, -3.29809], "rotation": [30, 40, 0], "uv": [52, 0]},
						{"origin": [1.67702, 10.83289, -4.14701], "size": [3.696, 1.232, 3.696], "pivot": [4.14102, 10.83289, -0.45101], "rotation": [35, -50, 0], "uv": [42, 52]},
						{"origin": [-0.27222, 9.69547, -2.51141], "size": [3.696, 1.232, 3.696], "pivot": [2.19178, 9.69547, 1.18459], "rotation": [-15, -50, 0], "uv": [30, 52]},
						{"origin": [-2.88682, 10.44235, -1.97757], "size": [3.696, 1.232, 3.696], "pivot": [-1.03882, 10.44235, 2.33443], "rotation": [25, 140, 0], "uv": [51, 16]},
						{"origin": [-0.88822, 9.69547, -4.35941], "size": [3.696, 1.232, 3.696], "pivot": [0.95978, 9.69547, -0.04741], "rotation": [-5, 140, 0], "uv": [50, 28]},
						{"origin": [0.95978, 9.69547, -1.89541], "size": [2.464, 1.232, 3.08], "pivot": [2.19178, 9.69547, 1.18459], "rotation": [-15, -155, 0], "uv": [0, 4]},
						{"origin": [1.94758, 10.49263, 0.22293], "size": [2.464, 1.232, 3.08], "pivot": [3.17958, 10.49263, 3.30293], "rotation": [15, -155, 0], "uv": [0, 0]}
					]
				},
				{
					"name": "vase",
					"parent": "Main",
					"pivot": [0, 0, 0],
					"cubes": [
						{"origin": [-4, 0, -5], "size": [9, 9, 10], "uv": [0, 0]},
						{"origin": [-5, 7, -5], "size": [1, 3, 10], "uv": [36, 39]},
						{"origin": [5, 7, -5], "size": [1, 3, 10], "uv": [14, 39]},
						{"origin": [-3, 7, -7], "size": [1, 3, 11], "pivot": [1, 2, -2], "rotation": [0, -90, 0], "uv": [0, 32]},
						{"origin": [-3, 7, 4], "size": [1, 3, 11], "pivot": [1, 2, 9], "rotation": [0, -90, 0], "uv": [27, 8]}
					]
				}
			]
		}
	]
}