{
	"format_version": "1.12.0",
	"minecraft:geometry": [
		{
			"description": {
				"identifier": "geometry.iceberg_lettuce",
				"texture_width": 256,
				"texture_height": 256,
				"visible_bounds_width": 3,
				"visible_bounds_height": 3.5,
				"visible_bounds_offset": [0, 1.25, 0]
			},
			"bones": [
				{
					"name": "icelettuce",
					"pivot": [0, 0, 0]
				},
				{
					"name": "lower",
					"parent": "icelettuce",
					"pivot": [0, 0, 0],
					"cubes": [
						{"origin": [-8.5, 0, -8.5], "size": [17, 17, 17], "uv": [0, 34]},
						{"origin": [-7.5, 0, -7.5], "size": [15, 18, 15], "uv": [0, 68]},
						{"origin": [-9.5, 1, -7.5], "size": [19, 15, 15], "uv": [53, 53]},
						{"origin": [-7.5, 1, -9.5], "size": [15, 15, 19], "uv": [0, 0]}
					]
				},
				{
					"name": "Head",
					"parent": "icelettuce",
					"pivot": [2, 20, 0],
					"cubes": [
						{"origin": [-7, 20, -6.5], "size": [14, 13, 13], "uv": [60, 83]},
						{"origin": [-6, 19, -5.5], "size": [12, 15, 11], "uv": [0, 101]},
						{"origin": [-8, 21, -5.5], "size": [16, 11, 11], "uv": [92, 0]},
						{"origin": [-6, 21, -7.5], "size": [12, 11, 15], "uv": [53, 19]}
					]
				},
				{
					"name": "Ice",
					"parent": "icelettuce",
					"pivot": [0, 3, 11],
					"rotation": [22.5, 0, 0],
					"cubes": [
						{"origin": [-1, 31, 16], "size": [3, 1, 6], "pivot": [0, 31, 16], "rotation": [-25, 5, -82.5], "uv": [61, 8]},
						{"origin": [-3.27956, 31.16997, 16.01133], "size": [3, 1, 6], "pivot": [0, 31, 16], "rotation": [-35, 5, -62.5], "uv": [61, 1]},
						{"origin": [-3.65769, 30.86451, 16.88524], "size": [3, 1, 6], "pivot": [0, 31, 16], "rotation": [22.5, 5, -100], "uv": [49, 7]},
						{"origin": [-0.18832, 30.36653, 16.80012], "size": [3, 1, 6], "pivot": [0.81168, 30.36653, 16.80012], "rotation": [32.5, 5, -82.5], "uv": [49, 0]},
						{"origin": [-0.18832, 30.36653, 16.80012], "size": [3, 1, 6], "pivot": [0.81168, 30.36653, 16.80012], "rotation": [10, 20, -82.5], "uv": [0, 7]},
						{"origin": [-0.18832, 30.36653, 16.80012], "size": [3, 1, 6], "pivot": [0.81168, 30.36653, 16.80012], "rotation": [10, -22.5, -82.5], "uv": [0, 0]}
					]
				},
				{
					"name": "leaves_body",
					"parent": "icelettuce",
					"pivot": [0, 18, 0.5],
					"rotation": [10, -25, -5],
					"cubes": [
						{"origin": [-6.36829, 19.37899, -3.35655], "size": [3.38272, 1.01482, 6.76544], "pivot": [-12.44651, -9.20499, -6.60839], "rotation": [0, 25, 0], "uv": [87, 76]},
						{"origin": [-6.01935, 18.81995, -1.0269], "size": [2.53704, 0.67654, 1.69136], "pivot": [-12.44651, -9.20499, -6.60839], "rotation": [7.5, 25, 0], "uv": [87, 76]},
						{"origin": [-5.43555, 18.91667, -1.76157], "size": [1.29704, 0.372, 1.69136], "pivot": [-12.44651, -9.20499, -6.60839], "rotation": [7.5, 25, 0], "uv": [87, 76]},
						{"origin": [-6.01935, 18.81995, -1.0269], "size": [2.53704, 0.67654, 1.69136], "pivot": [-12.44651, -9.20499, -6.60839], "rotation": [7.5, 25, 0], "uv": [87, 76]},
						{"origin": [-0.06014, 7.6478, 1.07621], "size": [4, 15, 4], "pivot": [0, -9, 0], "rotation": [5, -155, 5], "uv": [87, 76]}
					]
				},
				{
					"name": "bone10",
					"parent": "leaves_body",
					"pivot": [1, 18, 0.5],
					"rotation": [10, -62.5, -5],
					"cubes": [
						{"origin": [-5.36829, 19.37899, -4.35655], "size": [3.38272, 1.01482, 7.76544], "pivot": [-11.44651, -9.20499, -6.60839], "rotation": [0, 25, 0], "uv": [87, 76]},
						{"origin": [-5.01935, 18.81995, -2.0269], "size": [2.53704, 0.67654, 2.69136], "pivot": [-11.44651, -9.20499, -6.60839], "rotation": [7.5, 25, 0], "uv": [87, 76]},
						{"origin": [-4.43555, 18.91667, -2.76157], "size": [1.29704, 0.372, 2.69136], "pivot": [-11.44651, -9.20499, -6.60839], "rotation": [7.5, 25, 0], "uv": [87, 76]},
						{"origin": [-5.01935, 18.81995, -2.0269], "size": [2.53704, 0.67654, 2.69136], "pivot": [-11.44651, -9.20499, -6.60839], "rotation": [7.5, 25, 0], "uv": [87, 76]}
					]
				},
				{
					"name": "bone2",
					"parent": "leaves_body",
					"pivot": [1, 18, 0.5],
					"rotation": [0, -30, -5],
					"cubes": [
						{"origin": [-5.36829, 19.37899, -4.35655], "size": [3.38272, 1.01482, 7.76544], "pivot": [-11.44651, -9.20499, -6.60839], "rotation": [0, 25, 0], "uv": [87, 76]},
						{"origin": [-5.01935, 18.81995, -2.0269], "size": [2.53704, 0.67654, 2.69136], "pivot": [-11.44651, -9.20499, -6.60839], "rotation": [7.5, 25, 0], "uv": [87, 76]},
						{"origin": [-4.43555, 18.91667, -2.76157], "size": [1.29704, 0.372, 2.69136], "pivot": [-11.44651, -9.20499, -6.60839], "rotation": [7.5, 25, 0], "uv": [87, 76]},
						{"origin": [-5.01935, 18.81995, -2.0269], "size": [2.53704, 0.67654, 2.69136], "pivot": [-11.44651, -9.20499, -6.60839], "rotation": [7.5, 25, 0], "uv": [87, 76]}
					]
				},
				{
					"name": "bone8",
					"parent": "leaves_body",
					"pivot": [0, 18, 0.5],
					"rotation": [2.5, 80, -5],
					"cubes": [
						{"origin": [-6.36829, 19.37899, -3.35655], "size": [3.38272, 1.01482, 6.76544], "pivot": [-12.44651, -9.20499, -6.60839], "rotation": [0, 25, 0], "uv": [87, 76]},
						{"origin": [-6.01935, 18.81995, -1.0269], "size": [2.53704, 0.67654, 1.69136], "pivot": [-12.44651, -9.20499, -6.60839], "rotation": [7.5, 25, 0], "uv": [87, 76]},
						{"origin": [-5.43555, 18.91667, -1.76157], "size": [1.29704, 0.372, 1.69136], "pivot": [-12.44651, -9.20499, -6.60839], "rotation": [7.5, 25, 0], "uv": [87, 76]},
						{"origin": [-6.01935, 18.81995, -1.0269], "size": [2.53704, 0.67654, 1.69136], "pivot": [-12.44651, -9.20499, -6.60839], "rotation": [7.5, 25, 0], "uv": [87, 76]}
					]
				},
				{
					"name": "bone9",
					"parent": "leaves_body",
					"pivot": [0, 18, -0.5],
					"rotation": [-5, 40, -5],
					"cubes": [
						{"origin": [-6.36829, 19.37899, -5.35655], "size": [3.38272, 1.01482, 7.76544], "pivot": [-12.44651, -9.20499, -7.60839], "rotation": [0, 25, 0], "uv": [87, 76]},
						{"origin": [-6.01935, 18.81995, -3.0269], "size": [2.53704, 0.67654, 2.69136], "pivot": [-12.44651, -9.20499, -7.60839], "rotation": [7.5, 25, 0], "uv": [87, 76]},
						{"origin": [-5.43555, 18.91667, -3.76157], "size": [1.29704, 0.372, 2.69136], "pivot": [-12.44651, -9.20499, -7.60839], "rotation": [7.5, 25, 0], "uv": [87, 76]},
						{"origin": [-6.01935, 18.81995, -3.0269], "size": [2.53704, 0.67654, 2.69136], "pivot": [-12.44651, -9.20499, -7.60839], "rotation": [7.5, 25, 0], "uv": [87, 76]}
					]
				},
				{
					"name": "bone6",
					"parent": "leaves_body",
					"pivot": [0, 18, 0.5],
					"rotation": [17.5, -117.5, -5],
					"cubes": [
						{"origin": [-6.36829, 19.37899, -3.35655], "size": [3.38272, 1.01482, 6.76544], "pivot": [-12.44651, -9.20499, -6.60839], "rotation": [0, 25, 0], "uv": [87, 76]},
						{"origin": [-6.01935, 18.81995, -1.0269], "size": [2.53704, 0.67654, 1.69136], "pivot": [-12.44651, -9.20499, -6.60839], "rotation": [7.5, 25, 0], "uv": [87, 76]},
						{"origin": [-5.43555, 18.91667, -1.76157], "size": [1.29704, 0.372, 1.69136], "pivot": [-12.44651, -9.20499, -6.60839], "rotation": [7.5, 25, 0], "uv": [87, 76]},
						{"origin": [-6.01935, 18.81995, -1.0269], "size": [2.53704, 0.67654, 1.69136], "pivot": [-12.44651, -9.20499, -6.60839], "rotation": [7.5, 25, 0], "uv": [87, 76]}
					]
				},
				{
					"name": "bone11",
					"parent": "leaves_body",
					"pivot": [0, 18, 0.5],
					"rotation": [17.5, -162.5, -5],
					"cubes": [
						{"origin": [-6.36829, 19.37899, -5.35655], "size": [3.38272, 1.01482, 8.76544], "pivot": [-12.44651, -9.20499, -6.60839], "rotation": [0, 25, 0], "uv": [87, 76]},
						{"origin": [-6.01935, 18.81995, -3.0269], "size": [2.53704, 0.67654, 3.69136], "pivot": [-12.44651, -9.20499, -6.60839], "rotation": [7.5, 25, 0], "uv": [87, 76]},
						{"origin": [-5.43555, 18.91667, -3.76157], "size": [1.29704, 0.372, 3.69136], "pivot": [-12.44651, -9.20499, -6.60839], "rotation": [7.5, 25, 0], "uv": [87, 76]},
						{"origin": [-6.01935, 18.81995, -3.0269], "size": [2.53704, 0.67654, 3.69136], "pivot": [-12.44651, -9.20499, -6.60839], "rotation": [7.5, 25, 0], "uv": [87, 76]}
					]
				},
				{
					"name": "bone12",
					"parent": "leaves_body",
					"pivot": [0, 18, 0.5],
					"rotation": [17.5, 117.5, 7.5],
					"cubes": [
						{"origin": [-6.36829, 19.37899, -5.35655], "size": [3.38272, 1.01482, 8.76544], "pivot": [-12.44651, -9.20499, -6.60839], "rotation": [0, 25, 0], "uv": [87, 76]},
						{"origin": [-6.01935, 18.81995, -3.0269], "size": [2.53704, 0.67654, 3.69136], "pivot": [-12.44651, -9.20499, -6.60839], "rotation": [7.5, 25, 0], "uv": [87, 76]},
						{"origin": [-5.43555, 18.91667, -3.76157], "size": [1.29704, 0.372, 3.69136], "pivot": [-12.44651, -9.20499, -6.60839], "rotation": [7.5, 25, 0], "uv": [87, 76]},
						{"origin": [-6.01935, 18.81995, -3.0269], "size": [2.53704, 0.67654, 3.69136], "pivot": [-12.44651, -9.20499, -6.60839], "rotation": [7.5, 25, 0], "uv": [87, 76]}
					]
				},
				{
					"name": "bone7",
					"parent": "leaves_body",
					"pivot": [0, 18, 0.5],
					"rotation": [17.5, 155, 5],
					"cubes": [
						{"origin": [-6.36829, 19.37899, -3.35655], "size": [3.38272, 1.01482, 6.76544], "pivot": [-12.44651, -9.20499, -6.60839], "rotation": [0, 25, 0], "uv": [87, 76]},
						{"origin": [-6.01935, 18.81995, -1.0269], "size": [2.53704, 0.67654, 1.69136], "pivot": [-12.44651, -9.20499, -6.60839], "rotation": [7.5, 25, 0], "uv": [87, 76]},
						{"origin": [-5.43555, 18.91667, -1.76157], "size": [1.29704, 0.372, 1.69136], "pivot": [-12.44651, -9.20499, -6.60839], "rotation": [7.5, 25, 0], "uv": [87, 76]},
						{"origin": [-6.01935, 18.81995, -1.0269], "size": [2.53704, 0.67654, 1.69136], "pivot": [-12.44651, -9.20499, -6.60839], "rotation": [7.5, 25, 0], "uv": [87, 76]}
					]
				}
			]
		}
	]
}