{
	"format_version": "1.12.0",
	"minecraft:geometry": [
		{
			"description": {
				"identifier": "geometry.kernel_corn",
				"texture_width": 80,
				"texture_height": 80,
				"visible_bounds_width": 5,
				"visible_bounds_height": 6,
				"visible_bounds_offset": [0, 2, 0]
			},
			"bones": [
				{
					"name": "kernel_corn",
					"pivot": [0, 2, 0]
				},
				{
					"name": "head",
					"parent": "kernel_corn",
					"pivot": [0, 33, -1],
					"cubes": [
						{"origin": [-4, 33, -6], "size": [8, 6, 10], "uv": [12, 16]},
						{"origin": [-3, 39, -6], "size": [6, 5, 10], "uv": [38, 38]},
						{"origin": [-4.5, 39, -5.5], "size": [9, 6, 9], "uv": [12, 32]},
						{"origin": [-4, 45, -4], "size": [8, 4, 6], "uv": [42, 26]},
						{"origin": [-2, 49, -3], "size": [5, 2, 4], "uv": [60, 36]},
						{"origin": [4, 50, -5], "size": [2, 2, 3], "pivot": [3, 50, -3], "rotation": [0, -90, -120], "uv": [51, 63]},
						{"origin": [0, 49, -5], "size": [2, 2, 4], "pivot": [-1, 49, -3], "rotation": [0, -90, -50], "uv": [60, 42]},
						{"origin": [2, 48, -3], "size": [2, 2, 3], "pivot": [1, 48, -1], "rotation": [0, -55, -90], "uv": [12, 19]},
						{"origin": [-1.40663, 48, -3.72598], "size": [2, 2, 3], "pivot": [1, 48, -1], "rotation": [0, -117.5, -90], "uv": [12, 19]},
						{"origin": [-3, 33, -5], "size": [6, 14, 8], "uv": [38, 0]},
						{"origin": [-5, 33, -5.5], "size": [10, 7, 9], "uv": [0, 0]}
					]
				},
				{
					"name": "body",
					"parent": "kernel_corn",
					"pivot": [0, 33, -1],
					"rotation": [0, 137.5, 0],
					"cubes": [
						{"origin": [-1.68, 2.85377, -3.33248], "size": [3.36, 30.24, 3.36], "uv": [0, 16]},
						{"origin": [-10.08, 20.68, -3.24], "size": [3.36, 12.32, 3.36], "pivot": [-10.08, 48.68, -6.6], "rotation": [0, 0, -17.5], "uv": [39, 62]},
						{"origin": [6.72, 20.68, -3.24], "size": [3.36, 12.32, 3.36], "pivot": [6.72, 48.68, -6.6], "rotation": [0, 0, 17.5], "uv": [39, 62]},
						{"origin": [-1.68, 21.89377, -6.69248], "size": [3.36, 12.32, 3.36], "pivot": [0, 33, -4.36], "rotation": [17.5, 0, 0], "uv": [39, 62]},
						{"origin": [-1.68, 23.01377, -1.09248], "size": [3.36, 11.2, 3.36], "pivot": [0, 33, 1.24], "rotation": [-17.5, 0, 0], "uv": [0, 63]}
					]
				},
				{
					"name": "bone3",
					"parent": "body",
					"pivot": [0, 4.4, -1.12]
				},
				{
					"name": "leaves22",
					"parent": "bone3",
					"pivot": [-1.12, 8.32, -6.72],
					"rotation": [-167.5, 2.5, 180],
					"cubes": [
						{"origin": [-6.5856, -2.5528, -15.66992], "size": [9.5648, 1.3664, 6.832], "pivot": [-1.12, 3.76, -6.6], "rotation": [-50, 0, 0], "uv": [12, 47]},
						{"origin": [-5.9024, 2.61078, -19.35689], "size": [8.1984, 1.3664, 2.7328], "pivot": [-1.12, 3.76, -6.6], "rotation": [-20, 0, 0], "uv": [38, 22]},
						{"origin": [-4.536, 12.33742, -21.07522], "size": [5.4656, 1.3664, 2.7328], "pivot": [-1.12, 3.76, -6.6], "rotation": [25, 0, 0], "uv": [22, 54]},
						{"origin": [-3.1696, 18.51712, -16.21577], "size": [2.7328, 1.3664, 2.7328], "pivot": [-1.12, 3.76, -6.6], "rotation": [57.5, 0, 0], "uv": [12, 32]},
						{"origin": [-5.2192, 8.51299, -20.71334], "size": [6.832, 1.3664, 2.7328], "pivot": [-1.12, 3.76, -6.6], "rotation": [7.5, 0, 0], "uv": [29, 5]}
					]
				},
				{
					"name": "leaves23",
					"parent": "bone3",
					"pivot": [2.24, 8.32, -2.24],
					"rotation": [-167.49999, 87.5, -179.99999],
					"cubes": [
						{"origin": [-3.2256, -2.5528, -11.18992], "size": [9.5648, 1.3664, 6.832], "pivot": [2.24, 3.76, -2.12], "rotation": [-50, 0, 0], "uv": [12, 47]},
						{"origin": [-2.5424, 2.61078, -14.87689], "size": [8.1984, 1.3664, 2.7328], "pivot": [2.24, 3.76, -2.12], "rotation": [-20, 0, 0], "uv": [38, 22]},
						{"origin": [-1.176, 12.33742, -16.59522], "size": [5.4656, 1.3664, 2.7328], "pivot": [2.24, 3.76, -2.12], "rotation": [25, 0, 0], "uv": [22, 54]},
						{"origin": [0.1904, 18.51712, -11.73577], "size": [2.7328, 1.3664, 2.7328], "pivot": [2.24, 3.76, -2.12], "rotation": [57.5, 0, 0], "uv": [12, 32]},
						{"origin": [-1.8592, 8.51299, -16.23334], "size": [6.832, 1.3664, 2.7328], "pivot": [2.24, 3.76, -2.12], "rotation": [7.5, 0, 0], "uv": [29, 5]}
					]
				},
				{
					"name": "leaves3",
					"parent": "bone3",
					"pivot": [0, 8.32, 3.36],
					"rotation": [12.5, 0, 0],
					"cubes": [
						{"origin": [-5.4656, -2.5528, -5.58992], "size": [9.5648, 1.3664, 6.832], "pivot": [0, 3.76, 3.48], "rotation": [-50, 0, 0], "uv": [12, 47]},
						{"origin": [-4.7824, 2.61078, -9.27689], "size": [8.1984, 1.3664, 2.7328], "pivot": [0, 3.76, 3.48], "rotation": [-20, 0, 0], "uv": [38, 22]},
						{"origin": [-3.416, 12.33742, -10.99522], "size": [5.4656, 1.3664, 2.7328], "pivot": [0, 3.76, 3.48], "rotation": [25, 0, 0], "uv": [22, 54]},
						{"origin": [-2.0496, 18.51712, -6.13577], "size": [2.7328, 1.3664, 2.7328], "pivot": [0, 3.76, 3.48], "rotation": [57.5, 0, 0], "uv": [12, 32]},
						{"origin": [-4.0992, 8.51299, -10.63334], "size": [6.832, 1.3664, 2.7328], "pivot": [0, 3.76, 3.48], "rotation": [7.5, 0, 0], "uv": [29, 5]}
					]
				},
				{
					"name": "leaves24",
					"parent": "bone3",
					"pivot": [-4.48, 8.32, -1.12],
					"rotation": [12.5, -87.5, 0],
					"cubes": [
						{"origin": [-9.9456, -2.5528, -10.06992], "size": [9.5648, 1.3664, 6.832], "pivot": [-4.48, 3.76, -1], "rotation": [-50, 0, 0], "uv": [12, 47]},
						{"origin": [-9.2624, 2.61078, -13.75689], "size": [8.1984, 1.3664, 2.7328], "pivot": [-4.48, 3.76, -1], "rotation": [-20, 0, 0], "uv": [38, 22]},
						{"origin": [-7.896, 12.33742, -15.47522], "size": [5.4656, 1.3664, 2.7328], "pivot": [-4.48, 3.76, -1], "rotation": [25, 0, 0], "uv": [22, 54]},
						{"origin": [-6.5296, 18.51712, -10.61577], "size": [2.7328, 1.3664, 2.7328], "pivot": [-4.48, 3.76, -1], "rotation": [57.5, 0, 0], "uv": [12, 32]},
						{"origin": [-8.5792, 8.51299, -15.11334], "size": [6.832, 1.3664, 2.7328], "pivot": [-4.48, 3.76, -1], "rotation": [7.5, 0, 0], "uv": [29, 5]}
					]
				},
				{
					"name": "bone",
					"parent": "body",
					"pivot": [0, 37.56, -1.12]
				},
				{
					"name": "leaves10",
					"parent": "bone",
					"pivot": [0, 37.56, 0],
					"rotation": [0, 90, 0],
					"cubes": [
						{"origin": [-4.48, 27.82558, -7.31436], "size": [7.84, 1.12, 5.6], "pivot": [0, 33, 0.12], "rotation": [-50, 0, 0], "uv": [52, 57]},
						{"origin": [-3.92, 32.05801, -10.33647], "size": [6.72, 1.12, 2.24], "pivot": [0, 33, 0.12], "rotation": [-20, 0, 0], "uv": [29, 5]},
						{"origin": [-2.8, 40.03067, -11.74493], "size": [4.48, 1.12, 2.24], "pivot": [0, 33, 0.12], "rotation": [25, 0, 0], "uv": [22, 54]},
						{"origin": [-1.68, 45.096, -7.76178], "size": [2.24, 1.12, 2.24], "pivot": [0, 33, 0.12], "rotation": [57.5, 0, 0], "uv": [12, 32]},
						{"origin": [-3.36, 36.8959, -11.44832], "size": [5.6, 1.12, 2.24], "pivot": [0, 33, 0.12], "rotation": [7.5, 0, 0], "uv": [52, 53]}
					]
				},
				{
					"name": "leaves9",
					"parent": "bone",
					"pivot": [0, 37.56, 0],
					"rotation": [0, -90, 0],
					"cubes": [
						{"origin": [-4.48, 27.82558, -7.31436], "size": [7.84, 1.12, 5.6], "pivot": [0, 33, 0.12], "rotation": [-50, 0, 0], "uv": [52, 57]},
						{"origin": [-3.92, 32.05801, -10.33647], "size": [6.72, 1.12, 2.24], "pivot": [0, 33, 0.12], "rotation": [-20, 0, 0], "uv": [29, 5]},
						{"origin": [-2.8, 40.03067, -11.74493], "size": [4.48, 1.12, 2.24], "pivot": [0, 33, 0.12], "rotation": [25, 0, 0], "uv": [22, 54]},
						{"origin": [-1.68, 45.096, -7.76178], "size": [2.24, 1.12, 2.24], "pivot": [0, 33, 0.12], "rotation": [57.5, 0, 0], "uv": [12, 32]},
						{"origin": [-3.36, 36.8959, -11.44832], "size": [5.6, 1.12, 2.24], "pivot": [0, 33, 0.12], "rotation": [7.5, 0, 0], "uv": [52, 53]}
					]
				},
				{
					"name": "leaves2",
					"parent": "bone",
					"pivot": [0, 37.56, -2.24],
					"rotation": [-180, 0, 180],
					"cubes": [
						{"origin": [-4.48, 27.82558, -9.55436], "size": [7.84, 1.12, 5.6], "pivot": [0, 33, -2.12], "rotation": [-50, 0, 0], "uv": [52, 57]},
						{"origin": [-3.92, 32.05801, -12.57647], "size": [6.72, 1.12, 2.24], "pivot": [0, 33, -2.12], "rotation": [-20, 0, 0], "uv": [29, 5]},
						{"origin": [-2.8, 40.03067, -13.98493], "size": [4.48, 1.12, 2.24], "pivot": [0, 33, -2.12], "rotation": [25, 0, 0], "uv": [22, 54]},
						{"origin": [-1.68, 45.096, -10.00178], "size": [2.24, 1.12, 2.24], "pivot": [0, 33, -2.12], "rotation": [57.5, 0, 0], "uv": [12, 32]},
						{"origin": [-3.36, 36.8959, -13.68832], "size": [5.6, 1.12, 2.24], "pivot": [0, 33, -2.12], "rotation": [7.5, 0, 0], "uv": [52, 53]}
					]
				},
				{
					"name": "leaves",
					"parent": "bone",
					"pivot": [0, 37.56, 0],
					"cubes": [
						{"origin": [-4.48, 27.82558, -7.31436], "size": [7.84, 1.12, 5.6], "pivot": [0, 33, 0.12], "rotation": [-50, 0, 0], "uv": [52, 57]},
						{"origin": [-3.92, 32.05801, -10.33647], "size": [6.72, 1.12, 2.24], "pivot": [0, 33, 0.12], "rotation": [-20, 0, 0], "uv": [29, 5]},
						{"origin": [-2.8, 40.03067, -11.74493], "size": [4.48, 1.12, 2.24], "pivot": [0, 33, 0.12], "rotation": [25, 0, 0], "uv": [22, 54]},
						{"origin": [-1.68, 45.096, -7.76178], "size": [2.24, 1.12, 2.24], "pivot": [0, 33, 0.12], "rotation": [57.5, 0, 0], "uv": [12, 32]},
						{"origin": [-3.36, 36.8959, -11.44832], "size": [5.6, 1.12, 2.24], "pivot": [0, 33, 0.12], "rotation": [7.5, 0, 0], "uv": [52, 53]}
					]
				},
				{
					"name": "bone4",
					"parent": "kernel_corn",
					"pivot": [-1, 23, 0],
					"rotation": [5, 0, 0]
				},
				{
					"name": "leftArm",
					"parent": "bone4",
					"pivot": [0.882, 20.7729, 0.05928],
					"rotation": [87.71168, 2.90282, -95.51827],
					"cubes": [
						{"origin": [-1.63984, 30.12974, -11.10993], "size": [4.51584, 3.38688, 5.6448], "uv": [6, 54]},
						{"origin": [-1.07536, 33.51662, -11.10993], "size": [3.38688, 2.8224, 5.6448], "uv": [60, 16]},
						{"origin": [-1.92208, 33.51662, -10.82769], "size": [5.08032, 3.38688, 5.08032], "uv": [58, 0]},
						{"origin": [-1.63984, 36.9035, -9.98097], "size": [4.51584, 2.25792, 3.38688], "uv": [29, 0]},
						{"origin": [-0.51088, 39.16142, -9.41649], "size": [2.8224, 1.12896, 2.25792], "uv": [0, 57]},
						{"origin": [2.876, 39.7259, -10.54545], "size": [1.12896, 1.12896, 1.69344], "pivot": [2.31152, 39.7259, -9.41649], "rotation": [0, -90, -120], "uv": [12, 24]},
						{"origin": [0.61808, 39.16142, -10.54545], "size": [1.12896, 1.12896, 2.25792], "pivot": [0.0536, 39.16142, -9.41649], "rotation": [0, -90, -50], "uv": [39, 36]},
						{"origin": [1.74704, 38.59694, -9.41649], "size": [1.12896, 1.12896, 1.69344], "pivot": [1.18256, 38.59694, -8.28753], "rotation": [0, -55, -90], "uv": [17, 17]},
						{"origin": [-0.17594, 38.59694, -9.8263], "size": [1.12896, 1.12896, 1.69344], "pivot": [1.18256, 38.59694, -8.28753], "rotation": [0, -117.5, -90], "uv": [17, 17]},
						{"origin": [-1.07536, 30.12974, -10.54545], "size": [3.38688, 7.90272, 4.51584], "uv": [23, 58]},
						{"origin": [0.30223, 25.01567, -8.48174], "size": [1.62288, 5.25672, 1.86984], "pivot": [0.61808, 30.3424, -7.31603], "rotation": [15, 0, 0], "uv": [0, 0]},
						{"origin": [0.30223, 22.12572, -9.47648], "size": [1.62288, 3.49272, 1.86984], "pivot": [0.52125, 28.16985, -7.39722], "rotation": [45, 0, 0], "uv": [12, 35]},
						{"origin": [0.30223, 26.45476, 1.94245], "size": [1.62288, 5.25672, 1.86984], "pivot": [0.66104, 23.65476, 3.52441], "rotation": [87.5, 0, 0], "uv": [12, 63]},
						{"origin": [-2.20432, 30.12974, -10.82769], "size": [5.6448, 3.95136, 5.08032], "uv": [35, 53]}
					]
				},
				{
					"name": "bone2",
					"parent": "leftArm",
					"pivot": [0.35429, 18.68619, -7.83446]
				},
				{
					"name": "leaves21",
					"parent": "bone2",
					"pivot": [0.76739, 27.04289, -8.91111],
					"rotation": [-11.71843, -53.18701, 0.39765],
					"cubes": [
						{"origin": [-1.73165, 27.55598, -12.89221], "size": [4.19832, 0.59976, 2.9988], "pivot": [0.66739, 30.32689, -8.91111], "rotation": [-50, 0, 0], "uv": [6, 16]},
						{"origin": [-1.43177, 29.82246, -14.51055], "size": [3.59856, 0.59976, 1.19952], "pivot": [0.66739, 30.32689, -8.91111], "rotation": [-20, 0, 0], "uv": [0, 7]},
						{"origin": [-0.83201, 34.09181, -15.26478], "size": [2.39904, 0.59976, 1.19952], "pivot": [0.66739, 30.32689, -8.91111], "rotation": [25, 0, 0], "uv": [3, 0]},
						{"origin": [-0.23225, 36.8043, -13.13179], "size": [1.19952, 0.59976, 1.19952], "pivot": [0.66739, 30.32689, -8.91111], "rotation": [57.5, 0, 0], "uv": [3, 1]},
						{"origin": [-1.13189, 32.41314, -15.10594], "size": [2.9988, 0.59976, 1.19952], "pivot": [0.66739, 30.32689, -8.91111], "rotation": [7.5, 0, 0], "uv": [0, 8]}
					]
				},
				{
					"name": "leaves20",
					"parent": "bone2",
					"pivot": [1.63539, 26.77657, -8.05583],
					"rotation": [168.79504, -39.31193, 179.69204],
					"cubes": [
						{"origin": [-0.86365, 27.28967, -12.03693], "size": [4.19832, 0.59976, 2.9988], "pivot": [1.53539, 30.06057, -8.05583], "rotation": [-50, 0, 0], "uv": [6, 16]},
						{"origin": [-0.56377, 29.55614, -13.65527], "size": [3.59856, 0.59976, 1.19952], "pivot": [1.53539, 30.06057, -8.05583], "rotation": [-20, 0, 0], "uv": [0, 7]},
						{"origin": [0.03599, 33.82549, -14.4095], "size": [2.39904, 0.59976, 1.19952], "pivot": [1.53539, 30.06057, -8.05583], "rotation": [25, 0, 0], "uv": [3, 0]},
						{"origin": [0.63575, 36.53798, -12.27653], "size": [1.19952, 0.59976, 1.19952], "pivot": [1.53539, 30.06057, -8.05583], "rotation": [57.5, 0, 0], "uv": [3, 1]},
						{"origin": [-0.26389, 32.14682, -14.25066], "size": [2.9988, 0.59976, 1.19952], "pivot": [1.53539, 30.06057, -8.05583], "rotation": [7.5, 0, 0], "uv": [0, 8]}
					]
				},
				{
					"name": "leaves19",
					"parent": "bone2",
					"pivot": [0.74107, 26.58691, -7.20727],
					"rotation": [168.17556, 60.68679, 179.51331],
					"cubes": [
						{"origin": [-1.75797, 27.1, -11.18836], "size": [4.19832, 0.59976, 2.9988], "pivot": [0.64107, 29.87091, -7.20727], "rotation": [-50, 0, 0], "uv": [6, 16]},
						{"origin": [-1.45809, 29.36647, -12.8067], "size": [3.59856, 0.59976, 1.19952], "pivot": [0.64107, 29.87091, -7.20727], "rotation": [-20, 0, 0], "uv": [0, 7]},
						{"origin": [-0.85833, 33.63583, -13.56094], "size": [2.39904, 0.59976, 1.19952], "pivot": [0.64107, 29.87091, -7.20727], "rotation": [25, 0, 0], "uv": [3, 0]},
						{"origin": [-0.25857, 36.34831, -11.42796], "size": [1.19952, 0.59976, 1.19952], "pivot": [0.64107, 29.87091, -7.20727], "rotation": [57.5, 0, 0], "uv": [3, 1]},
						{"origin": [-1.15821, 31.95715, -13.4021], "size": [2.9988, 0.59976, 1.19952], "pivot": [0.64107, 29.87091, -7.20727], "rotation": [7.5, 0, 0], "uv": [0, 8]}
					]
				},
				{
					"name": "leaves18",
					"parent": "bone2",
					"pivot": [0.78055, 27.27088, -9.76303],
					"rotation": [-11.06833, 54.31164, 0.40844],
					"cubes": [
						{"origin": [-1.71849, 27.78398, -13.74413], "size": [4.19832, 0.59976, 2.9988], "pivot": [0.68055, 30.55488, -9.76303], "rotation": [-50, 0, 0], "uv": [6, 16]},
						{"origin": [-1.41861, 30.05045, -15.36247], "size": [3.59856, 0.59976, 1.19952], "pivot": [0.68055, 30.55488, -9.76303], "rotation": [-20, 0, 0], "uv": [0, 7]},
						{"origin": [-0.81885, 34.3198, -16.1167], "size": [2.39904, 0.59976, 1.19952], "pivot": [0.68055, 30.55488, -9.76303], "rotation": [25, 0, 0], "uv": [3, 0]},
						{"origin": [-0.21909, 37.03229, -13.98372], "size": [1.19952, 0.59976, 1.19952], "pivot": [0.68055, 30.55488, -9.76303], "rotation": [57.5, 0, 0], "uv": [3, 1]},
						{"origin": [-1.11873, 32.64113, -15.95786], "size": [2.9988, 0.59976, 1.19952], "pivot": [0.68055, 30.55488, -9.76303], "rotation": [7.5, 0, 0], "uv": [0, 8]}
					]
				},
				{
					"name": "leaves14",
					"parent": "bone2",
					"pivot": [3.38459, 26.67146, -8.3081],
					"rotation": [-172.29013, -89.27222, 160.88863],
					"cubes": [
						{"origin": [1.24945, 27.87185, -9.5603], "size": [4.19832, 0.59976, 2.9988], "pivot": [3.64849, 30.64275, -5.5792], "rotation": [-50, 0, 0], "uv": [6, 16]},
						{"origin": [1.54933, 30.13832, -11.17863], "size": [3.59856, 0.59976, 1.19952], "pivot": [3.64849, 30.64275, -5.5792], "rotation": [-20, 0, 0], "uv": [0, 7]},
						{"origin": [2.14909, 34.40768, -11.93287], "size": [2.39904, 0.59976, 1.19952], "pivot": [3.64849, 30.64275, -5.5792], "rotation": [25, 0, 0], "uv": [3, 0]},
						{"origin": [2.74885, 37.12016, -9.79989], "size": [1.19952, 0.59976, 1.19952], "pivot": [3.64849, 30.64275, -5.5792], "rotation": [57.5, 0, 0], "uv": [3, 1]},
						{"origin": [1.84921, 32.72901, -11.77403], "size": [2.9988, 0.59976, 1.19952], "pivot": [3.64849, 30.64275, -5.5792], "rotation": [7.5, 0, 0], "uv": [0, 8]}
					]
				},
				{
					"name": "leaves15",
					"parent": "bone2",
					"pivot": [0.75423, 26.81489, -8.05918],
					"rotation": [-11.40293, -0.68766, 0.23829],
					"cubes": [
						{"origin": [-1.74481, 27.32799, -12.04028], "size": [4.19832, 0.59976, 2.9988], "pivot": [0.65423, 30.09889, -8.05918], "rotation": [-50, 0, 0], "uv": [6, 16]},
						{"origin": [-1.44493, 29.59446, -13.65862], "size": [3.59856, 0.59976, 1.19952], "pivot": [0.65423, 30.09889, -8.05918], "rotation": [-20, 0, 0], "uv": [0, 7]},
						{"origin": [-0.84517, 33.86382, -14.41286], "size": [2.39904, 0.59976, 1.19952], "pivot": [0.65423, 30.09889, -8.05918], "rotation": [25, 0, 0], "uv": [3, 0]},
						{"origin": [-0.24541, 36.5763, -12.27988], "size": [1.19952, 0.59976, 1.19952], "pivot": [0.65423, 30.09889, -8.05918], "rotation": [57.5, 0, 0], "uv": [3, 1]},
						{"origin": [-1.14505, 32.18515, -14.25402], "size": [2.9988, 0.59976, 1.19952], "pivot": [0.65423, 30.09889, -8.05918], "rotation": [7.5, 0, 0], "uv": [0, 8]}
					]
				},
				{
					"name": "leaves16",
					"parent": "bone2",
					"pivot": [0.75423, 26.81489, -8.05918],
					"rotation": [168.59707, 0.68766, 179.76171],
					"cubes": [
						{"origin": [-1.74481, 27.32799, -12.04028], "size": [4.19832, 0.59976, 2.9988], "pivot": [0.65423, 30.09889, -8.05918], "rotation": [-50, 0, 0], "uv": [6, 16]},
						{"origin": [-1.44493, 29.59446, -13.65862], "size": [3.59856, 0.59976, 1.19952], "pivot": [0.65423, 30.09889, -8.05918], "rotation": [-20, 0, 0], "uv": [0, 7]},
						{"origin": [-0.84517, 33.86382, -14.41286], "size": [2.39904, 0.59976, 1.19952], "pivot": [0.65423, 30.09889, -8.05918], "rotation": [25, 0, 0], "uv": [3, 0]},
						{"origin": [-0.24541, 36.5763, -12.27988], "size": [1.19952, 0.59976, 1.19952], "pivot": [0.65423, 30.09889, -8.05918], "rotation": [57.5, 0, 0], "uv": [3, 1]},
						{"origin": [-1.14505, 32.18515, -14.25402], "size": [2.9988, 0.59976, 1.19952], "pivot": [0.65423, 30.09889, -8.05918], "rotation": [7.5, 0, 0], "uv": [0, 8]}
					]
				},
				{
					"name": "leaves17",
					"parent": "bone2",
					"pivot": [0.76739, 27.04289, -8.91111],
					"rotation": [7.70987, 89.27222, 19.11137],
					"cubes": [
						{"origin": [-1.73165, 27.55598, -12.89221], "size": [4.19832, 0.59976, 2.9988], "pivot": [0.66739, 30.32689, -8.91111], "rotation": [-50, 0, 0], "uv": [6, 16]},
						{"origin": [-1.43177, 29.82246, -14.51055], "size": [3.59856, 0.59976, 1.19952], "pivot": [0.66739, 30.32689, -8.91111], "rotation": [-20, 0, 0], "uv": [0, 7]},
						{"origin": [-0.83201, 34.09181, -15.26478], "size": [2.39904, 0.59976, 1.19952], "pivot": [0.66739, 30.32689, -8.91111], "rotation": [25, 0, 0], "uv": [3, 0]},
						{"origin": [-0.23225, 36.8043, -13.13179], "size": [1.19952, 0.59976, 1.19952], "pivot": [0.66739, 30.32689, -8.91111], "rotation": [57.5, 0, 0], "uv": [3, 1]},
						{"origin": [-1.13189, 32.41314, -15.10594], "size": [2.9988, 0.59976, 1.19952], "pivot": [0.66739, 30.32689, -8.91111], "rotation": [7.5, 0, 0], "uv": [0, 8]}
					]
				},
				{
					"name": "rightArm",
					"parent": "bone4",
					"pivot": [-0.882, 20.7729, 0.94128],
					"rotation": [87.71168, -9.59718, 94.48173],
					"cubes": [
						{"origin": [-3.65582, 30.99932, -10.14662], "size": [4.51584, 3.38688, 5.6448], "uv": [6, 54]},
						{"origin": [-3.09134, 34.3862, -10.14662], "size": [3.38688, 2.8224, 5.6448], "uv": [60, 16]},
						{"origin": [-3.93806, 34.3862, -9.86438], "size": [5.08032, 3.38688, 5.08032], "uv": [58, 0]},
						{"origin": [-3.65582, 37.77308, -9.01766], "size": [4.51584, 2.25792, 3.38688], "uv": [29, 0]},
						{"origin": [-2.52686, 40.031, -8.45318], "size": [2.8224, 1.12896, 2.25792], "uv": [0, 57]},
						{"origin": [0.86002, 40.59548, -9.58214], "size": [1.12896, 1.12896, 1.69344], "pivot": [0.29554, 40.59548, -8.45318], "rotation": [0, -90, -120], "uv": [12, 24]},
						{"origin": [-1.3979, 40.031, -9.58214], "size": [1.12896, 1.12896, 2.25792], "pivot": [-1.96238, 40.031, -8.45318], "rotation": [0, -90, -50], "uv": [39, 36]},
						{"origin": [-0.26894, 39.46652, -8.45318], "size": [1.12896, 1.12896, 1.69344], "pivot": [-0.83342, 39.46652, -7.32422], "rotation": [0, -55, -90], "uv": [17, 17]},
						{"origin": [-2.19191, 39.46652, -8.86298], "size": [1.12896, 1.12896, 1.69344], "pivot": [-0.83342, 39.46652, -7.32422], "rotation": [0, -117.5, -90], "uv": [17, 17]},
						{"origin": [-3.09134, 30.99932, -9.58214], "size": [3.38688, 7.90272, 4.51584], "uv": [23, 58]},
						{"origin": [-1.71375, 25.88525, -7.51843], "size": [1.62288, 5.25672, 1.86984], "pivot": [-1.3979, 31.21198, -6.35271], "rotation": [15, 0, 0], "uv": [0, 0]},
						{"origin": [-1.71375, 22.9953, -8.51316], "size": [1.62288, 3.49272, 1.86984], "pivot": [-1.49473, 29.03943, -6.4339], "rotation": [45, 0, 0], "uv": [12, 35]},
						{"origin": [-1.71375, 17.67577, -8.16787], "size": [1.62288, 5.25672, 1.86984], "pivot": [-1.49473, 25.4839, -6.0886], "rotation": [87.5, 0, 0], "uv": [12, 63]},
						{"origin": [-4.2203, 30.99932, -9.86438], "size": [5.6448, 3.95136, 5.08032], "uv": [35, 53]}
					]
				},
				{
					"name": "leaves4",
					"parent": "rightArm",
					"pivot": [-1.26175, 27.68447, -7.09587],
					"rotation": [-172.29013, -89.27222, 160.88863],
					"cubes": [
						{"origin": [-3.76079, 28.19757, -11.07697], "size": [4.19832, 0.59976, 2.9988], "pivot": [-1.36175, 30.96847, -7.09587], "rotation": [-50, 0, 0], "uv": [6, 16]},
						{"origin": [-3.46091, 30.46404, -12.69531], "size": [3.59856, 0.59976, 1.19952], "pivot": [-1.36175, 30.96847, -7.09587], "rotation": [-20, 0, 0], "uv": [0, 7]},
						{"origin": [-2.86115, 34.7334, -13.44954], "size": [2.39904, 0.59976, 1.19952], "pivot": [-1.36175, 30.96847, -7.09587], "rotation": [25, 0, 0], "uv": [3, 0]},
						{"origin": [-2.26139, 37.44588, -11.31656], "size": [1.19952, 0.59976, 1.19952], "pivot": [-1.36175, 30.96847, -7.09587], "rotation": [57.5, 0, 0], "uv": [3, 1]},
						{"origin": [-3.16103, 33.05473, -13.2907], "size": [2.9988, 0.59976, 1.19952], "pivot": [-1.36175, 30.96847, -7.09587], "rotation": [7.5, 0, 0], "uv": [0, 8]}
					]
				},
				{
					"name": "leaves5",
					"parent": "rightArm",
					"pivot": [-1.26175, 27.68447, -7.09587],
					"rotation": [-11.40293, -0.68766, 0.23829],
					"cubes": [
						{"origin": [-3.76079, 28.19757, -11.07697], "size": [4.19832, 0.59976, 2.9988], "pivot": [-1.36175, 30.96847, -7.09587], "rotation": [-50, 0, 0], "uv": [6, 16]},
						{"origin": [-3.46091, 30.46404, -12.69531], "size": [3.59856, 0.59976, 1.19952], "pivot": [-1.36175, 30.96847, -7.09587], "rotation": [-20, 0, 0], "uv": [0, 7]},
						{"origin": [-2.86115, 34.7334, -13.44954], "size": [2.39904, 0.59976, 1.19952], "pivot": [-1.36175, 30.96847, -7.09587], "rotation": [25, 0, 0], "uv": [3, 0]},
						{"origin": [-2.26139, 37.44588, -11.31656], "size": [1.19952, 0.59976, 1.19952], "pivot": [-1.36175, 30.96847, -7.09587], "rotation": [57.5, 0, 0], "uv": [3, 1]},
						{"origin": [-3.16103, 33.05473, -13.2907], "size": [2.9988, 0.59976, 1.19952], "pivot": [-1.36175, 30.96847, -7.09587], "rotation": [7.5, 0, 0], "uv": [0, 8]}
					]
				},
				{
					"name": "leaves6",
					"parent": "rightArm",
					"pivot": [-1.26175, 27.68447, -7.09587],
					"rotation": [168.59707, 0.68766, 179.76171],
					"cubes": [
						{"origin": [-3.76079, 28.19757, -11.07697], "size": [4.19832, 0.59976, 2.9988], "pivot": [-1.36175, 30.96847, -7.09587], "rotation": [-50, 0, 0], "uv": [6, 16]},
						{"origin": [-3.46091, 30.46404, -12.69531], "size": [3.59856, 0.59976, 1.19952], "pivot": [-1.36175, 30.96847, -7.09587], "rotation": [-20, 0, 0], "uv": [0, 7]},
						{"origin": [-2.86115, 34.7334, -13.44954], "size": [2.39904, 0.59976, 1.19952], "pivot": [-1.36175, 30.96847, -7.09587], "rotation": [25, 0, 0], "uv": [3, 0]},
						{"origin": [-2.26139, 37.44588, -11.31656], "size": [1.19952, 0.59976, 1.19952], "pivot": [-1.36175, 30.96847, -7.09587], "rotation": [57.5, 0, 0], "uv": [3, 1]},
						{"origin": [-3.16103, 33.05473, -13.2907], "size": [2.9988, 0.59976, 1.19952], "pivot": [-1.36175, 30.96847, -7.09587], "rotation": [7.5, 0, 0], "uv": [0, 8]}
					]
				},
				{
					"name": "leaves7",
					"parent": "rightArm",
					"pivot": [-1.24859, 27.91247, -7.94779],
					"rotation": [7.70987, 89.27222, 19.11137],
					"cubes": [
						{"origin": [-3.74763, 28.42556, -11.92889], "size": [4.19832, 0.59976, 2.9988], "pivot": [-1.34859, 31.19647, -7.94779], "rotation": [-50, 0, 0], "uv": [6, 16]},
						{"origin": [-3.44775, 30.69204, -13.54723], "size": [3.59856, 0.59976, 1.19952], "pivot": [-1.34859, 31.19647, -7.94779], "rotation": [-20, 0, 0], "uv": [0, 7]},
						{"origin": [-2.84799, 34.96139, -14.30146], "size": [2.39904, 0.59976, 1.19952], "pivot": [-1.34859, 31.19647, -7.94779], "rotation": [25, 0, 0], "uv": [3, 0]},
						{"origin": [-2.24823, 37.67388, -12.16848], "size": [1.19952, 0.59976, 1.19952], "pivot": [-1.34859, 31.19647, -7.94779], "rotation": [57.5, 0, 0], "uv": [3, 1]},
						{"origin": [-3.14787, 33.28272, -14.14263], "size": [2.9988, 0.59976, 1.19952], "pivot": [-1.34859, 31.19647, -7.94779], "rotation": [7.5, 0, 0], "uv": [0, 8]}
					]
				},
				{
					"name": "leaves8",
					"parent": "rightArm",
					"pivot": [-1.23543, 28.14046, -8.79972],
					"rotation": [-11.06833, 54.31164, 0.40844],
					"cubes": [
						{"origin": [-3.73447, 28.65356, -12.78082], "size": [4.19832, 0.59976, 2.9988], "pivot": [-1.33543, 31.42446, -8.79972], "rotation": [-50, 0, 0], "uv": [6, 16]},
						{"origin": [-3.43459, 30.92002, -14.39915], "size": [3.59856, 0.59976, 1.19952], "pivot": [-1.33543, 31.42446, -8.79972], "rotation": [-20, 0, 0], "uv": [0, 7]},
						{"origin": [-2.83483, 35.18938, -15.15339], "size": [2.39904, 0.59976, 1.19952], "pivot": [-1.33543, 31.42446, -8.79972], "rotation": [25, 0, 0], "uv": [3, 0]},
						{"origin": [-2.23507, 37.90187, -13.0204], "size": [1.19952, 0.59976, 1.19952], "pivot": [-1.33543, 31.42446, -8.79972], "rotation": [57.5, 0, 0], "uv": [3, 1]},
						{"origin": [-3.13471, 33.51071, -14.99455], "size": [2.9988, 0.59976, 1.19952], "pivot": [-1.33543, 31.42446, -8.79972], "rotation": [7.5, 0, 0], "uv": [0, 8]}
					]
				},
				{
					"name": "leaves11",
					"parent": "rightArm",
					"pivot": [-1.27491, 27.45649, -6.24395],
					"rotation": [168.17556, 60.68679, 179.51331],
					"cubes": [
						{"origin": [-3.77395, 27.96958, -10.22505], "size": [4.19832, 0.59976, 2.9988], "pivot": [-1.37491, 30.74049, -6.24395], "rotation": [-50, 0, 0], "uv": [6, 16]},
						{"origin": [-3.47407, 30.23605, -11.84338], "size": [3.59856, 0.59976, 1.19952], "pivot": [-1.37491, 30.74049, -6.24395], "rotation": [-20, 0, 0], "uv": [0, 7]},
						{"origin": [-2.87431, 34.50541, -12.59763], "size": [2.39904, 0.59976, 1.19952], "pivot": [-1.37491, 30.74049, -6.24395], "rotation": [25, 0, 0], "uv": [3, 0]},
						{"origin": [-2.27455, 37.21789, -10.46464], "size": [1.19952, 0.59976, 1.19952], "pivot": [-1.37491, 30.74049, -6.24395], "rotation": [57.5, 0, 0], "uv": [3, 1]},
						{"origin": [-3.17419, 32.82673, -12.43879], "size": [2.9988, 0.59976, 1.19952], "pivot": [-1.37491, 30.74049, -6.24395], "rotation": [7.5, 0, 0], "uv": [0, 8]}
					]
				},
				{
					"name": "leaves12",
					"parent": "rightArm",
					"pivot": [-0.38059, 27.64615, -7.09252],
					"rotation": [168.79504, -39.31193, 179.69204],
					"cubes": [
						{"origin": [-2.87963, 28.15925, -11.07362], "size": [4.19832, 0.59976, 2.9988], "pivot": [-0.48059, 30.93015, -7.09252], "rotation": [-50, 0, 0], "uv": [6, 16]},
						{"origin": [-2.57975, 30.42572, -12.69196], "size": [3.59856, 0.59976, 1.19952], "pivot": [-0.48059, 30.93015, -7.09252], "rotation": [-20, 0, 0], "uv": [0, 7]},
						{"origin": [-1.97999, 34.69507, -13.44619], "size": [2.39904, 0.59976, 1.19952], "pivot": [-0.48059, 30.93015, -7.09252], "rotation": [25, 0, 0], "uv": [3, 0]},
						{"origin": [-1.38023, 37.40756, -11.31321], "size": [1.19952, 0.59976, 1.19952], "pivot": [-0.48059, 30.93015, -7.09252], "rotation": [57.5, 0, 0], "uv": [3, 1]},
						{"origin": [-2.27987, 33.0164, -13.28735], "size": [2.9988, 0.59976, 1.19952], "pivot": [-0.48059, 30.93015, -7.09252], "rotation": [7.5, 0, 0], "uv": [0, 8]}
					]
				},
				{
					"name": "leaves13",
					"parent": "rightArm",
					"pivot": [-1.24859, 27.91247, -7.94779],
					"rotation": [-11.71843, -53.18701, 0.39765],
					"cubes": [
						{"origin": [-3.74763, 28.42556, -11.92889], "size": [4.19832, 0.59976, 2.9988], "pivot": [-1.34859, 31.19647, -7.94779], "rotation": [-50, 0, 0], "uv": [6, 16]},
						{"origin": [-3.44775, 30.69204, -13.54723], "size": [3.59856, 0.59976, 1.19952], "pivot": [-1.34859, 31.19647, -7.94779], "rotation": [-20, 0, 0], "uv": [0, 7]},
						{"origin": [-2.84799, 34.96139, -14.30146], "size": [2.39904, 0.59976, 1.19952], "pivot": [-1.34859, 31.19647, -7.94779], "rotation": [25, 0, 0], "uv": [3, 0]},
						{"origin": [-2.24823, 37.67388, -12.16848], "size": [1.19952, 0.59976, 1.19952], "pivot": [-1.34859, 31.19647, -7.94779], "rotation": [57.5, 0, 0], "uv": [3, 1]},
						{"origin": [-3.14787, 33.28272, -14.14263], "size": [2.9988, 0.59976, 1.19952], "pivot": [-1.34859, 31.19647, -7.94779], "rotation": [7.5, 0, 0], "uv": [0, 8]}
					]
				},
				{
					"name": "rightArm2",
					"parent": "kernel_corn",
					"pivot": [2.118, 3.7729, 0.94128],
					"rotation": [-34.78832, -9.59718, 26.98173],
					"cubes": [
						{"origin": [0.54853, 4.01612, -0.67826], "size": [2.61919, 1.96439, 3.27398], "uv": [6, 54]},
						{"origin": [0.87592, 5.98051, -0.67826], "size": [1.96439, 1.63699, 3.27398], "uv": [60, 16]},
						{"origin": [0.38483, 5.98051, -0.51456], "size": [2.94659, 1.96439, 2.94659], "uv": [58, 0]},
						{"origin": [0.54853, 7.9449, -0.02346], "size": [2.61919, 1.30959, 1.96439], "uv": [29, 0]},
						{"origin": [1.20332, 9.2545, 0.30394], "size": [1.63699, 0.6548, 1.30959], "uv": [0, 57]},
						{"origin": [3.16771, 9.5819, -0.35086], "size": [0.6548, 0.6548, 0.9822], "pivot": [2.84031, 9.5819, 0.30394], "rotation": [0, -90, -120], "uv": [12, 24]},
						{"origin": [1.85812, 9.2545, -0.35086], "size": [0.6548, 0.6548, 1.30959], "pivot": [1.53072, 9.2545, 0.30394], "rotation": [0, -90, -50], "uv": [39, 36]},
						{"origin": [2.51292, 8.9271, 0.30394], "size": [0.6548, 0.6548, 0.9822], "pivot": [2.18552, 8.9271, 0.95873], "rotation": [0, -55, -90], "uv": [17, 17]},
						{"origin": [1.39759, 8.9271, 0.06625], "size": [0.6548, 0.6548, 0.9822], "pivot": [2.18552, 8.9271, 0.95873], "rotation": [0, -117.5, -90], "uv": [17, 17]},
						{"origin": [0.87592, 4.01612, -0.35086], "size": [1.96439, 4.58358, 2.61919], "uv": [23, 58]},
						{"origin": [0.22113, 4.01612, -0.51456], "size": [3.27398, 2.29179, 2.94659], "uv": [35, 53]}
					]
				},
				{
					"name": "rightArm3",
					"parent": "kernel_corn",
					"pivot": [-1.882, 3.7729, 0.94128],
					"rotation": [-34.78832, -9.59718, -18.01827],
					"cubes": [
						{"origin": [-3.45147, 4.01612, -0.67826], "size": [2.61919, 1.96439, 3.27398], "uv": [6, 54]},
						{"origin": [-3.12408, 5.98051, -0.67826], "size": [1.96439, 1.63699, 3.27398], "uv": [60, 16]},
						{"origin": [-3.61517, 5.98051, -0.51456], "size": [2.94659, 1.96439, 2.94659], "uv": [58, 0]},
						{"origin": [-3.45147, 7.9449, -0.02346], "size": [2.61919, 1.30959, 1.96439], "uv": [29, 0]},
						{"origin": [-2.79668, 9.2545, 0.30394], "size": [1.63699, 0.6548, 1.30959], "uv": [0, 57]},
						{"origin": [-0.83229, 9.5819, -0.35086], "size": [0.6548, 0.6548, 0.9822], "pivot": [-1.15969, 9.5819, 0.30394], "rotation": [0, -90, -120], "uv": [12, 24]},
						{"origin": [-2.14188, 9.2545, -0.35086], "size": [0.6548, 0.6548, 1.30959], "pivot": [-2.46928, 9.2545, 0.30394], "rotation": [0, -90, -50], "uv": [39, 36]},
						{"origin": [-1.48708, 8.9271, 0.30394], "size": [0.6548, 0.6548, 0.9822], "pivot": [-1.81448, 8.9271, 0.95873], "rotation": [0, -55, -90], "uv": [17, 17]},
						{"origin": [-2.60241, 8.9271, 0.06625], "size": [0.6548, 0.6548, 0.9822], "pivot": [-1.81448, 8.9271, 0.95873], "rotation": [0, -117.5, -90], "uv": [17, 17]},
						{"origin": [-3.12408, 4.01612, -0.35086], "size": [1.96439, 4.58358, 2.61919], "uv": [23, 58]},
						{"origin": [-3.77887, 4.01612, -0.51456], "size": [3.27398, 2.29179, 2.94659], "uv": [35, 53]}
					]
				}
			]
		}
	]
}