{
	"format_version": "1.12.0",
	"minecraft:geometry": [
		{
			"description": {
				"identifier": "geometry.regular_zombie",
				"texture_width": 64,
				"texture_height": 64,
				"visible_bounds_width": 3,
				"visible_bounds_height": 3,
				"visible_bounds_offset": [0, 1.5, 0]
			},
			"bones": [
				{
					"name": "bone",
					"pivot": [0, 0, 0]
				},
				{
					"name": "rightLeg",
					"parent": "bone",
					"pivot": [-1.9, 12, 0],
					"rotation": [0, 5, 2],
					"cubes": [
						{"origin": [-4, 7, -2], "size": [4, 5, 4], "uv": [0, 16]},
						{"origin": [-4, 0, -2], "size": [4, 12, 4], "inflate": 0.25, "uv": [0, 32]}
					]
				},
				{
					"name": "bone4",
					"parent": "rightLeg",
					"pivot": [-2, 6.25, -0.5],
					"cubes": [
						{"origin": [-4, 0, -2], "size": [4, 7, 4], "uv": [0, 21]}
					]
				},
				{
					"name": "leftLeg",
					"parent": "bone",
					"pivot": [1.9, 12, 0],
					"rotation": [0, -7, -2],
					"cubes": [
						{"origin": [0, 7, -2], "size": [4, 5, 4], "uv": [16, 48]},
						{"origin": [0, 0, -2], "size": [4, 12, 4], "inflate": 0.25, "uv": [0, 48]}
					]
				},
				{
					"name": "bone5",
					"parent": "leftLeg",
					"pivot": [2, 7.25, -0.5],
					"cubes": [
						{"origin": [0, 0, -2], "size": [4, 7, 4], "uv": [16, 53]}
					]
				},
				{
					"name": "body",
					"parent": "bone",
					"pivot": [0, 24, -1],
					"rotation": [5, -2, 0],
					"cubes": [
						{"origin": [-4, 12, -3], "size": [8, 12, 4], "uv": [16, 16]},
						{"origin": [-4, 12, -4], "size": [8, 12, 4], "inflate": 0.25, "uv": [16, 32]},
						{"origin": [-4, 12, -4], "size": [8, 12, 4], "uv": [16, 16]},
						{"origin": [-4, 12, -2], "size": [8, 12, 4], "uv": [16, 16]}
					]
				},
				{
					"name": "rightArm",
					"parent": "body",
					"pivot": [-5, 21.5, -1],
					"rotation": [-8, 0, 3],
					"cubes": [
						{"origin": [-8, 17, -3], "size": [4, 7, 4], "uv": [40, 16]},
						{"origin": [-8, 12, -3], "size": [4, 12, 4], "inflate": 0.25, "uv": [40, 32]}
					]
				},
				{
					"name": "bone2",
					"parent": "rightArm",
					"pivot": [-5, 19, -1],
					"cubes": [
						{"origin": [-8, 12, -3], "size": [4, 7, 4], "uv": [40, 21]}
					]
				},
				{
					"name": "leftArm",
					"parent": "body",
					"pivot": [5, 21.5, -1],
					"rotation": [-8, 0, -3],
					"cubes": [
						{"origin": [4, 19, -3], "size": [4, 5, 4], "uv": [40, 16]},
						{"origin": [4, 12, -3], "size": [4, 12, 4], "inflate": 0.25, "uv": [40, 16]}
					]
				},
				{
					"name": "bone3",
					"parent": "leftArm",
					"pivot": [5, 19, -1],
					"cubes": [
						{"origin": [4, 12, -3], "size": [4, 7, 4], "uv": [40, 16]}
					]
				},
				{
					"name": "head",
					"parent": "body",
					"pivot": [0, 24, -1],
					"rotation": [0, 0, -5],
					"cubes": [
						{"origin": [-4, 24, -5], "size": [8, 8, 8], "uv": [0, 0]},
						{"origin": [-4, 24, -5], "size": [8, 8, 8], "inflate": 0.5, "uv": [32, 0]}
					]
				}
			]
		}
	]
}