{
	"format_version": "1.12.0",
	"minecraft:geometry": [
		{
			"description": {
				"identifier": "geometry.tallnut_battlement",
				"texture_width": 96,
				"texture_height": 96,
				"visible_bounds_width": 4,
				"visible_bounds_height": 3,
				"visible_bounds_offset": [0, 0.5, 0]
			},
			"bones": [
				{
					"name": "main",
					"pivot": [0, 0, 0]
				},
				{
					"name": "tallnut",
					"parent": "main",
					"pivot": [-13, 0, 0],
					"rotation": [-180, 0, 180]
				},
				{
					"name": "base",
					"parent": "tallnut",
					"pivot": [-13, 0, 0]
				},
				{
					"name": "eyes",
					"parent": "base",
					"pivot": [-13, 0, 0],
					"cubes": [
						{"origin": [-12.5, 15, 4], "size": [2.5, 1, 1], "uv": [44, 85]},
						{"origin": [-12.5, 15, 4], "size": [2.5, 1, 1], "uv": [44, 85]},
						{"origin": [-12.2, 14.8, 4], "size": [2, 0.5, 1], "uv": [35, 77]}
					]
				},
				{
					"name": "eyes2",
					"parent": "base",
					"pivot": [-16, 0, 0],
					"cubes": [
						{"origin": [-15.5, 15, 4], "size": [2.5, 1, 1], "uv": [26, 85]},
						{"origin": [-15.2, 14.8, 4], "size": [2, 0.5, 1], "uv": [35, 82]}
					]
				},
				{
					"name": "body",
					"parent": "base",
					"pivot": [-13, 0, 0],
					"cubes": [
						{"origin": [-16, 0, -2], "size": [7, 5, 5], "uv": [57, 12]},
						{"origin": [-17, 0.5, -3], "size": [9, 11, 7], "uv": [0, 18]},
						{"origin": [-16.5, 0.5, -3.5], "size": [8, 10.5, 8], "uv": [0, 0]},
						{"origin": [-16, 7, -3.5], "size": [7, 9.5, 8], "uv": [32, 0]},
						{"origin": [-15.5, 16.5, -3.5], "size": [6, 2.5, 8], "uv": [52, 52]},
						{"origin": [-17.5, 0.8, -2.7], "size": [10, 10.5, 6.5], "uv": [26, 30]},
						{"origin": [-17, 7.8, -2.7], "size": [9, 8.5, 6.5], "uv": [30, 46]},
						{"origin": [-16.5, 12.8, -2.7], "size": [8, 5.5, 6.5], "uv": [54, 24]},
						{"origin": [-16.5, 7.5, -3], "size": [8, 9, 7], "uv": [0, 39]},
						{"origin": [-16, 12.5, -3], "size": [7, 6, 7], "uv": [32, 17]},
						{"origin": [-15.5, 14.5, -3], "size": [6, 5, 7], "uv": [54, 39]},
						{"origin": [-15, 15, -3], "size": [5, 5, 7], "uv": [0, 55]}
					]
				},
				{
					"name": "tallnut2",
					"parent": "main",
					"pivot": [14, 0, 0],
					"rotation": [-180, 0, 180]
				},
				{
					"name": "base2",
					"parent": "tallnut2",
					"pivot": [14, 0, 0]
				},
				{
					"name": "eyes3",
					"parent": "base2",
					"pivot": [14, 0, 0],
					"cubes": [
						{"origin": [14.5, 15, 4], "size": [2.5, 1, 1], "uv": [44, 85]},
						{"origin": [14.5, 15, 4], "size": [2.5, 1, 1], "uv": [44, 85]},
						{"origin": [14.8, 14.8, 4], "size": [2, 0.5, 1], "uv": [35, 77]}
					]
				},
				{
					"name": "eyes4",
					"parent": "base2",
					"pivot": [11, 0, 0],
					"cubes": [
						{"origin": [11.5, 15, 4], "size": [2.5, 1, 1], "uv": [26, 85]},
						{"origin": [11.8, 14.8, 4], "size": [2, 0.5, 1], "uv": [35, 82]}
					]
				},
				{
					"name": "body2",
					"parent": "base2",
					"pivot": [14, 0, 0],
					"cubes": [
						{"origin": [11, 0, -2], "size": [7, 5, 5], "uv": [57, 12]},
						{"origin": [10, 0.5, -3], "size": [9, 11, 7], "uv": [0, 18]},
						{"origin": [10.5, 0.5, -3.5], "size": [8, 10.5, 8], "uv": [0, 0]},
						{"origin": [11, 7, -3.5], "size": [7, 9.5, 8], "uv": [32, 0]},
						{"origin": [11.5, 16.5, -3.5], "size": [6, 2.5, 8], "uv": [52, 52]},
						{"origin": [9.5, 0.8, -2.7], "size": [10, 10.5, 6.5], "uv": [26, 30]},
						{"origin": [10, 7.8, -2.7], "size": [9, 8.5, 6.5], "uv": [30, 46]},
						{"origin": [10.5, 12.8, -2.7], "size": [8, 5.5, 6.5], "uv": [54, 24]},
						{"origin": [10.5, 7.5, -3], "size": [8, 9, 7], "uv": [0, 39]},
						{"origin": [11, 12.5, -3], "size": [7, 6, 7], "uv": [32, 17]},
						{"origin": [11.5, 14.5, -3], "size": [6, 5, 7], "uv": [54, 39]},
						{"origin": [12, 15, -3], "size": [5, 5, 7], "uv": [0, 55]}
					]
				},
				{
					"name": "smallnut",
					"parent": "main",
					"pivot": [5, -8, 0],
					"rotation": [-180, 0, 180]
				},
				{
					"name": "base3",
					"parent": "smallnut",
					"pivot": [5, -8, 0]
				},
				{
					"name": "eyes5",
					"parent": "base3",
					"pivot": [5, -8, 0],
					"cubes": [
						{"origin": [5.5, 7, 4], "size": [2.5, 1, 1], "uv": [44, 85]},
						{"origin": [5.5, 7, 4], "size": [2.5, 1, 1], "uv": [44, 85]},
						{"origin": [5.8, 6.8, 4], "size": [2, 0.5, 1], "uv": [35, 77]}
					]
				},
				{
					"name": "eyes6",
					"parent": "base3",
					"pivot": [2, -8, 0],
					"cubes": [
						{"origin": [2.5, 7, 4], "size": [2.5, 1, 1], "uv": [26, 85]},
						{"origin": [2.8, 6.8, 4], "size": [2, 0.5, 1], "uv": [35, 82]}
					]
				},
				{
					"name": "body3",
					"parent": "base3",
					"pivot": [5, -8, 0],
					"cubes": [
						{"origin": [1.5, -0.5, -3.5], "size": [8, 3.5, 8], "uv": [0, 0]},
						{"origin": [2, -1, -3.5], "size": [7, 9.5, 8], "uv": [32, 0]},
						{"origin": [2.5, 8.5, -3.5], "size": [6, 2.5, 8], "uv": [52, 52]},
						{"origin": [1, -0.2, -2.7], "size": [9, 8.5, 6.5], "uv": [30, 46]},
						{"origin": [1.5, 4.8, -2.7], "size": [8, 5.5, 6.5], "uv": [54, 24]},
						{"origin": [1.5, -0.5, -3], "size": [8, 9, 7], "uv": [0, 39]},
						{"origin": [2, 4.5, -3], "size": [7, 6, 7], "uv": [32, 17]},
						{"origin": [2.5, 6.5, -3], "size": [6, 5, 7], "uv": [54, 39]},
						{"origin": [3, 7, -3], "size": [5, 5, 7], "uv": [0, 55]}
					]
				},
				{
					"name": "smallnut2",
					"parent": "main",
					"pivot": [-4, -8, 0],
					"rotation": [-180, 0, 180]
				},
				{
					"name": "base4",
					"parent": "smallnut2",
					"pivot": [-4, -8, 0]
				},
				{
					"name": "eyes7",
					"parent": "base4",
					"pivot": [-4, -8, 0],
					"cubes": [
						{"origin": [-3.5, 7, 4], "size": [2.5, 1, 1], "uv": [44, 85]},
						{"origin": [-3.5, 7, 4], "size": [2.5, 1, 1], "uv": [44, 85]},
						{"origin": [-3.2, 6.8, 4], "size": [2, 0.5, 1], "uv": [35, 77]}
					]
				},
				{
					"name": "eyes8",
					"parent": "base4",
					"pivot": [-7, -8, 0],
					"cubes": [
						{"origin": [-6.5, 7, 4], "size": [2.5, 1, 1], "uv": [26, 85]},
						{"origin": [-6.2, 6.8, 4], "size": [2, 0.5, 1], "uv": [35, 82]}
					]
				},
				{
					"name": "body4",
					"parent": "base4",
					"pivot": [-4, -8, 0],
					"cubes": [
						{"origin": [-7.5, -0.5, -3.5], "size": [8, 3.5, 8], "uv": [0, 0]},
						{"origin": [-7, -1, -3.5], "size": [7, 9.5, 8], "uv": [32, 0]},
						{"origin": [-6.5, 8.5, -3.5], "size": [6, 2.5, 8], "uv": [52, 52]},
						{"origin": [-8, -0.2, -2.7], "size": [9, 8.5, 6.5], "uv": [30, 46]},
						{"origin": [-7.5, 4.8, -2.7], "size": [8, 5.5, 6.5], "uv": [54, 24]},
						{"origin": [-7.5, -0.5, -3], "size": [8, 9, 7], "uv": [0, 39]},
						{"origin": [-7, 4.5, -3], "size": [7, 6, 7], "uv": [32, 17]},
						{"origin": [-6.5, 6.5, -3], "size": [6, 5, 7], "uv": [54, 39]},
						{"origin": [-6, 7, -3], "size": [5, 5, 7], "uv": [0, 55]}
					]
				},
				{
					"name": "rope",
					"parent": "main",
					"pivot": [-7, 4, 7],
					"cubes": [
						{"origin": [-18.84689, 4.52577, -5], "size": [6, 1, 1], "pivot": [-12.71636, 4.53432, -5], "rotation": [0, 0, -2.5], "uv": [0, 83]},
						{"origin": [-12.99975, 3.98859, -5], "size": [6, 1, 1], "pivot": [-6.86922, 3.99715, -5], "rotation": [0, 0, 5], "uv": [0, 83]},
						{"origin": [-7.00571, 4.26172, -5], "size": [6, 1, 1], "pivot": [-1.00571, 4.26172, -5], "rotation": [0, 0, -2.5], "uv": [0, 83]},
						{"origin": [4.90134, 4, -5], "size": [6, 1, 1], "pivot": [10.90134, 4, -5], "rotation": [0, 0, 2.5], "uv": [0, 83]},
						{"origin": [16.68136, 4, -5], "size": [2, 1, 1], "pivot": [22.68136, 4, -5], "rotation": [0, 0, 5], "uv": [0, 83]},
						{"origin": [10.87851, 4.52293, -5], "size": [6, 1, 1], "pivot": [16.87851, 4.52293, -5], "rotation": [0, 0, -5], "uv": [0, 83]},
						{"origin": [-1.04933, 4.26076, -5], "size": [6, 1, 1], "uv": [0, 83]}
					]
				},
				{
					"name": "rope2",
					"parent": "main",
					"pivot": [-7, 4, 15],
					"cubes": [
						{"origin": [-18.84689, 4.52577, 3], "size": [6, 1, 1], "pivot": [-12.71636, 4.53432, 3], "rotation": [0, 0, -2.5], "uv": [0, 83]},
						{"origin": [-26.97253, 4.30198, 4.13053], "size": [9, 1, 1], "pivot": [-17.84201, 4.31053, 4.13053], "rotation": [-2.5, -90, -2.5], "uv": [0, 83]},
						{"origin": [-26.93222, 2.34834, 4.13053], "size": [9, 1, 1], "pivot": [-17.8017, 2.3569, 4.13053], "rotation": [-2.5, -90, -2.5], "uv": [0, 83]},
						{"origin": [8.73963, 2.34859, 5.13053], "size": [9, 1, 1], "pivot": [18.87015, 2.35715, 5.13053], "rotation": [-2.5, -90, -2.5], "uv": [0, 83]},
						{"origin": [8.73963, 4.34859, 5.13053], "size": [9, 1, 1], "pivot": [18.87015, 4.35715, 5.13053], "rotation": [-2.5, -90, -2.5], "uv": [0, 83]},
						{"origin": [-12.99975, 3.98859, 3], "size": [6, 1, 1], "pivot": [-6.86922, 3.99715, 3], "rotation": [0, 0, 5], "uv": [0, 83]},
						{"origin": [-7.00571, 4.26172, 3], "size": [6, 1, 1], "pivot": [-1.00571, 4.26172, 3], "rotation": [0, 0, -2.5], "uv": [0, 83]},
						{"origin": [4.90134, 4, 3], "size": [6, 1, 1], "pivot": [10.90134, 4, 3], "rotation": [0, 0, 2.5], "uv": [0, 83]},
						{"origin": [16.68136, 4, 3], "size": [2, 1, 1], "pivot": [22.68136, 4, 3], "rotation": [0, 0, 5], "uv": [0, 83]},
						{"origin": [10.87851, 4.52293, 3], "size": [6, 1, 1], "pivot": [16.87851, 4.52293, 3], "rotation": [0, 0, -5], "uv": [0, 83]},
						{"origin": [-1.04933, 4.26076, 3], "size": [6, 1, 1], "uv": [0, 83]}
					]
				},
				{
					"name": "rope3",
					"parent": "main",
					"pivot": [-7, 2, 15],
					"cubes": [
						{"origin": [-18.84689, 2.52577, 3], "size": [6, 1, 1], "pivot": [-12.71636, 2.53432, 3], "rotation": [0, 0, -2.5], "uv": [0, 83]},
						{"origin": [-12.99975, 1.98859, 3], "size": [6, 1, 1], "pivot": [-6.86922, 1.99715, 3], "rotation": [0, 0, 5], "uv": [0, 83]},
						{"origin": [-7.00571, 2.26172, 3], "size": [6, 1, 1], "pivot": [-1.00571, 2.26172, 3], "rotation": [0, 0, -2.5], "uv": [0, 83]},
						{"origin": [4.90134, 2, 3], "size": [6, 1, 1], "pivot": [10.90134, 2, 3], "rotation": [0, 0, 2.5], "uv": [0, 83]},
						{"origin": [16.68136, 2, 3], "size": [2, 1, 1], "pivot": [22.68136, 2, 3], "rotation": [0, 0, 5], "uv": [0, 83]},
						{"origin": [10.87851, 2.52293, 3], "size": [6, 1, 1], "pivot": [16.87851, 2.52293, 3], "rotation": [0, 0, -5], "uv": [0, 83]},
						{"origin": [-1.04933, 2.26076, 3], "size": [6, 1, 1], "uv": [0, 83]}
					]
				},
				{
					"name": "rope4",
					"parent": "main",
					"pivot": [-7, 2, 7],
					"cubes": [
						{"origin": [-18.84689, 2.52577, -5], "size": [6, 1, 1], "pivot": [-12.71636, 2.53432, -5], "rotation": [0, 0, -2.5], "uv": [0, 83]},
						{"origin": [-12.99975, 1.98859, -5], "size": [6, 1, 1], "pivot": [-6.86922, 1.99715, -5], "rotation": [0, 0, 5], "uv": [0, 83]},
						{"origin": [-7.00571, 2.26172, -5], "size": [6, 1, 1], "pivot": [-1.00571, 2.26172, -5], "rotation": [0, 0, -2.5], "uv": [0, 83]},
						{"origin": [4.90134, 2, -5], "size": [6, 1, 1], "pivot": [10.90134, 2, -5], "rotation": [0, 0, 2.5], "uv": [0, 83]},
						{"origin": [16.68136, 2, -5], "size": [2, 1, 1], "pivot": [22.68136, 2, -5], "rotation": [0, 0, 5], "uv": [0, 83]},
						{"origin": [10.87851, 2.52293, -5], "size": [6, 1, 1], "pivot": [16.87851, 2.52293, -5], "rotation": [0, 0, -5], "uv": [0, 83]},
						{"origin": [-1.04933, 2.26076, -5], "size": [6, 1, 1], "uv": [0, 83]}
					]
				}
			]
		}
	]
}