{
	"format_version": "1.12.0",
	"minecraft:geometry": [
		{
			"description": {
				"identifier": "geometry.bloomerang",
				"texture_width": 64,
				"texture_height": 64,
				"visible_bounds_width": 3,
				"visible_bounds_height": 2.5,
				"visible_bounds_offset": [0, 0.75, 0]
			},
			"bones": [
				{
					"name": "bloomerang",
					"pivot": [0, 0, 0]
				},
				{
					"name": "leaves",
					"parent": "bloomerang",
					"pivot": [0, 0, 2]
				},
				{
					"name": "leaf1",
					"parent": "leaves",
					"pivot": [0, 0, 2],
					"cubes": [
						{"origin": [-0.5, -0.02314, -1.84965], "size": [2, 1, 2], "pivot": [1, 0.47686, -0.84965], "rotation": [-20, 0, 0], "uv": [42, 29]},
						{"origin": [-1.5, 0.22377, -4.59509], "size": [4, 1, 3], "pivot": [1, 0.72377, -3.09509], "rotation": [2.5, 0, 0], "uv": [24, 14]},
						{"origin": [-1, -0.3, -6.59509], "size": [3, 1, 3], "pivot": [1, 0.72377, -5.09509], "rotation": [20, 0, 0], "uv": [28, 8]}
					]
				},
				{
					"name": "leaf3",
					"parent": "leaves",
					"pivot": [2, 0, 0],
					"rotation": [-180, 52.5, 180],
					"cubes": [
						{"origin": [1.5, -0.02314, -3.84965], "size": [2, 1, 2], "pivot": [3, 0.47686, -2.84965], "rotation": [-20, 0, 0], "uv": [6, 42]},
						{"origin": [0.5, 0.22377, -6.59509], "size": [4, 1, 3], "pivot": [3, 0.72377, -5.09509], "rotation": [2.5, 0, 0], "uv": [23, 23]},
						{"origin": [1, -0.3, -8.59509], "size": [3, 1, 3], "pivot": [3, 0.72377, -7.09509], "rotation": [20, 0, 0], "uv": [23, 27]}
					]
				},
				{
					"name": "leaf4",
					"parent": "leaves",
					"pivot": [1, 0, 0],
					"rotation": [-180, -40, 180],
					"cubes": [
						{"origin": [0.68459, -0.02314, -2.44753], "size": [2, 1, 2], "pivot": [2.18459, 0.47686, -1.44753], "rotation": [-20, 0, 0], "uv": [41, 37]},
						{"origin": [-0.31541, 0.22377, -5.19298], "size": [4, 1, 3], "pivot": [2.18459, 0.72377, -3.69298], "rotation": [2.5, 0, 0], "uv": [12, 20]},
						{"origin": [0.18459, -0.3, -7.19298], "size": [3, 1, 3], "pivot": [2.18459, 0.72377, -5.69298], "rotation": [20, 0, 0], "uv": [25, 18]}
					]
				},
				{
					"name": "leaf5",
					"parent": "leaves",
					"pivot": [0, 0, 0],
					"rotation": [0, -65, 0],
					"cubes": [
						{"origin": [-0.31541, -0.02314, -2.44753], "size": [2, 1, 2], "pivot": [1.18459, 0.47686, -1.44753], "rotation": [-20, 0, 0], "uv": [20, 4]},
						{"origin": [-1.31541, 0.22377, -5.19298], "size": [4, 1, 3], "pivot": [1.18459, 0.72377, -3.69298], "rotation": [2.5, 0, 0], "uv": [15, 0]},
						{"origin": [-0.81541, -0.3, -7.19298], "size": [3, 1, 3], "pivot": [1.18459, 0.72377, -5.69298], "rotation": [20, 0, 0], "uv": [25, 4]}
					]
				},
				{
					"name": "leaf2",
					"parent": "leaves",
					"pivot": [0, 0, 2],
					"rotation": [0, 62.5, 0],
					"cubes": [
						{"origin": [0.45543, -0.02314, -0.89231], "size": [2, 1, 2], "pivot": [1.95543, 0.47686, 0.10769], "rotation": [-20, 0, 0], "uv": [42, 4]},
						{"origin": [-0.54457, 0.22377, -3.63776], "size": [4, 1, 3], "pivot": [1.95543, 0.72377, -2.13776], "rotation": [2.5, 0, 0], "uv": [0, 24]},
						{"origin": [-0.0446, -0.3, -5.63776], "size": [3, 1, 3], "pivot": [1.95543, 0.72377, -4.13776], "rotation": [20, 0, 0], "uv": [0, 28]}
					]
				},
				{
					"name": "base",
					"parent": "bloomerang",
					"pivot": [0, 0, 0],
					"cubes": [
						{"origin": [-0.5, 0, -0.8], "size": [2, 3, 2], "pivot": [0.5, 1, 0.2], "rotation": [-7.5, 0, 0], "uv": [12, 29]},
						{"origin": [-1, 1.5, -1], "size": [3, 4.5, 3], "pivot": [0.5, 3, 1.2], "rotation": [-5, 0, 0], "uv": [16, 7]},
						{"origin": [-1.25, 3.54207, -1.06365], "size": [3.5, 3.5, 3.5], "pivot": [0.5, 4.29207, 0.68635], "rotation": [-5, 0, 0], "uv": [0, 18]},
						{"origin": [-1.5, 5.0282, -1.04596], "size": [4, 7.5, 4], "pivot": [0.5, 7.7782, 0.95404], "rotation": [-2.5, 0, 0], "uv": [0, 7]},
						{"origin": [-2, 11.0282, -1.3], "size": [5, 2.5, 5], "pivot": [0.5, 13.7782, 0.95404], "rotation": [-2.5, 0, 0], "uv": [0, 0]},
						{"origin": [-1.5, 12.0282, -0.8], "size": [4, 2.5, 4], "pivot": [0.5, 14.7782, 0.95404], "rotation": [-2.5, 0, 0], "uv": [12, 14]},
						{"origin": [-1, 13.0282, -0.3], "size": [3, 2.5, 3], "pivot": [0.5, 15.7782, 0.95404], "rotation": [-2.5, 0, 0], "uv": [14, 24]}
					]
				},
				{
					"name": "boomerangs",
					"parent": "bloomerang",
					"pivot": [0, 0, 0]
				},
				{
					"name": "merang1",
					"parent": "boomerangs",
					"pivot": [0, -1, 0],
					"cubes": [
						{"origin": [-2, 11, -4], "size": [1.5, 1.5, 3], "pivot": [-1.5, 11.5, -1.5], "rotation": [-30, 22.5, 0], "uv": [40, 33]},
						{"origin": [-2.63021, 11.99814, -5.52146], "size": [1.5, 1.5, 3], "pivot": [-2.13021, 12.49814, -3.02146], "rotation": [27.5, 22.5, 0], "uv": [40, 9]},
						{"origin": [-2.4, 12.5, -6.5], "size": [1, 1, 3], "pivot": [-2.13021, 12.49814, -3.02146], "rotation": [32.5, 22.5, 0], "uv": [38, 40]}
					]
				},
				{
					"name": "merang2",
					"parent": "boomerangs",
					"pivot": [0, -1, 1],
					"rotation": [0, -37.5, 0],
					"cubes": [
						{"origin": [-2, 11, -3], "size": [1.5, 1.5, 3], "pivot": [-1.5, 11.5, -0.5], "rotation": [-30, 22.5, 0], "uv": [28, 40]},
						{"origin": [-2.63021, 11.99814, -4.52146], "size": [1.5, 1.5, 3], "pivot": [-2.13021, 12.49814, -2.02146], "rotation": [27.5, 22.5, 0], "uv": [0, 40]},
						{"origin": [-2.4, 12.5, -5.5], "size": [1, 1, 3], "pivot": [-2.13021, 12.49814, -2.02146], "rotation": [32.5, 22.5, 0], "uv": [39, 25]}
					]
				},
				{
					"name": "merang3",
					"parent": "boomerangs",
					"pivot": [1, -1, 1],
					"rotation": [0, -57.5, 0],
					"cubes": [
						{"origin": [-1, 11, -3], "size": [1.5, 1.5, 3], "pivot": [-0.5, 11.5, -0.5], "rotation": [-30, 22.5, 0], "uv": [39, 20]},
						{"origin": [-1.63021, 11.99814, -4.52146], "size": [1.5, 1.5, 3], "pivot": [-1.13021, 12.49814, -2.02146], "rotation": [27.5, 22.5, 0], "uv": [39, 16]},
						{"origin": [-1.4, 12.5, -5.5], "size": [1, 1, 3], "pivot": [-1.13021, 12.49814, -2.02146], "rotation": [32.5, 22.5, 0], "uv": [39, 0]}
					]
				},
				{
					"name": "merang4",
					"parent": "boomerangs",
					"pivot": [0, -1, -1],
					"rotation": [0, 47.5, 0],
					"cubes": [
						{"origin": [-2, 11, -5], "size": [1.5, 1.5, 3], "pivot": [-1.5, 11.5, -2.5], "rotation": [-30, 22.5, 0], "uv": [33, 39]},
						{"origin": [-2.63021, 11.99814, -6.52146], "size": [1.5, 1.5, 3], "pivot": [-2.13021, 12.49814, -4.02146], "rotation": [27.5, 22.5, 0], "uv": [23, 39]},
						{"origin": [-2.4, 12.5, -7.5], "size": [1, 1, 3], "pivot": [-2.13021, 12.49814, -4.02146], "rotation": [32.5, 22.5, 0], "uv": [15, 39]}
					]
				},
				{
					"name": "merang5",
					"parent": "boomerangs",
					"pivot": [0, -1, 0],
					"rotation": [0, 70, 0],
					"cubes": [
						{"origin": [-2, 11, -4], "size": [1.5, 1.5, 3], "pivot": [-1.5, 11.5, -1.5], "rotation": [-30, 22.5, 0], "uv": [10, 38]},
						{"origin": [-2.63021, 11.99814, -5.52146], "size": [1.5, 1.5, 3], "pivot": [-2.13021, 12.49814, -3.02146], "rotation": [27.5, 22.5, 0], "uv": [37, 29]},
						{"origin": [-2.4, 12.5, -6.5], "size": [1, 1, 3], "pivot": [-2.13021, 12.49814, -3.02146], "rotation": [32.5, 22.5, 0], "uv": [37, 5]}
					]
				},
				{
					"name": "merang6",
					"parent": "boomerangs",
					"pivot": [0, -1, 1],
					"rotation": [-180, 85, 180],
					"cubes": [
						{"origin": [-2, 11, -3], "size": [1.5, 1.5, 3], "pivot": [-1.5, 11.5, -0.5], "rotation": [-30, 22.5, 0], "uv": [5, 37]},
						{"origin": [-2.63021, 11.99814, -4.52146], "size": [1.5, 1.5, 3], "pivot": [-2.13021, 12.49814, -2.02146], "rotation": [27.5, 22.5, 0], "uv": [28, 36]},
						{"origin": [-2.4, 12.5, -5.5], "size": [1, 1, 3], "pivot": [-2.13021, 12.49814, -2.02146], "rotation": [32.5, 22.5, 0], "uv": [0, 36]}
					]
				},
				{
					"name": "merang7",
					"parent": "boomerangs",
					"pivot": [0, -1, 2],
					"rotation": [-180, 65, 180],
					"cubes": [
						{"origin": [-2, 11, -2], "size": [1.5, 1.5, 3], "pivot": [-1.5, 11.5, 0.5], "rotation": [-30, 22.5, 0], "uv": [35, 12]},
						{"origin": [-2.63021, 11.99814, -3.52146], "size": [1.5, 1.5, 3], "pivot": [-2.13021, 12.49814, -1.02146], "rotation": [27.5, 22.5, 0], "uv": [35, 35]},
						{"origin": [-2.4, 12.5, -4.5], "size": [1, 1, 3], "pivot": [-2.13021, 12.49814, -1.02146], "rotation": [32.5, 22.5, 0], "uv": [23, 35]}
					]
				},
				{
					"name": "merang8",
					"parent": "boomerangs",
					"pivot": [0, -1, 2],
					"rotation": [-180, 17.5, 180],
					"cubes": [
						{"origin": [-2, 11, -2], "size": [1.5, 1.5, 3], "pivot": [-1.5, 11.5, 0.5], "rotation": [-30, 22.5, 0], "uv": [15, 35]},
						{"origin": [-2.63021, 11.99814, -3.52146], "size": [1.5, 1.5, 3], "pivot": [-2.13021, 12.49814, -1.02146], "rotation": [27.5, 22.5, 0], "uv": [34, 24]},
						{"origin": [-2.4, 12.5, -4.5], "size": [1, 1, 3], "pivot": [-2.13021, 12.49814, -1.02146], "rotation": [32.5, 22.5, 0], "uv": [34, 19]}
					]
				},
				{
					"name": "merang9",
					"parent": "boomerangs",
					"pivot": [0, -1, 2],
					"rotation": [-180, -30, 180],
					"cubes": [
						{"origin": [-2, 11, -2], "size": [1.5, 1.5, 3], "pivot": [-1.5, 11.5, 0.5], "rotation": [-30, 22.5, 0], "uv": [34, 1]},
						{"origin": [-2.63021, 11.99814, -3.52146], "size": [1.5, 1.5, 3], "pivot": [-2.13021, 12.49814, -1.02146], "rotation": [27.5, 22.5, 0], "uv": [10, 34]},
						{"origin": [-2.4, 12.5, -4.5], "size": [1, 1, 3], "pivot": [-2.13021, 12.49814, -1.02146], "rotation": [32.5, 22.5, 0], "uv": [5, 33]}
					]
				},
				{
					"name": "merang10",
					"parent": "boomerangs",
					"pivot": [0, -1, 2],
					"rotation": [-180, -67.5, 180],
					"cubes": [
						{"origin": [-2, 11, -2], "size": [1.5, 1.5, 3], "pivot": [-1.5, 11.5, 0.5], "rotation": [-30, 22.5, 0], "uv": [32, 28]},
						{"origin": [-2.63021, 11.99814, -3.52146], "size": [1.5, 1.5, 3], "pivot": [-2.13021, 12.49814, -1.02146], "rotation": [27.5, 22.5, 0], "uv": [30, 32]},
						{"origin": [-2.4, 12.5, -4.5], "size": [1, 1, 3], "pivot": [-2.13021, 12.49814, -1.02146], "rotation": [32.5, 22.5, 0], "uv": [0, 32]}
					]
				},
				{
					"name": "merang11",
					"parent": "boomerangs",
					"pivot": [2, -1, 1],
					"rotation": [0, -77.5, 0],
					"cubes": [
						{"origin": [0, 11, -3], "size": [1.5, 1.5, 3], "pivot": [0.5, 11.5, -0.5], "rotation": [-30, 22.5, 0], "uv": [25, 31]},
						{"origin": [-0.63021, 11.99814, -4.52146], "size": [1.5, 1.5, 3], "pivot": [-0.13021, 12.49814, -2.02146], "rotation": [27.5, 22.5, 0], "uv": [17, 31]},
						{"origin": [-0.4, 12.5, -5.5], "size": [1, 1, 3], "pivot": [-0.13021, 12.49814, -2.02146], "rotation": [32.5, 22.5, 0], "uv": [29, 0]}
					]
				}
			]
		}
	]
}