{
	"format_version": "1.12.0",
	"minecraft:geometry": [
		{
			"description": {
				"identifier": "geometry.cabbage",
				"texture_width": 32,
				"texture_height": 32,
				"visible_bounds_width": 2,
				"visible_bounds_height": 1,
				"visible_bounds_offset": [0, 0, 0]
			},
			"bones": [
				{
					"name": "bone",
					"pivot": [0, 0, 0],
					"cubes": [
						{
							"origin": [-2, 0, -3],
							"size": [6, 8, 6],
							"uv": {
								"north": {"uv": [16, 16], "uv_size": [6, 8]},
								"east": {"uv": [16, 0], "uv_size": [6, 8]},
								"south": {"uv": [16, 8], "uv_size": [6, 8]},
								"west": {"uv": [8, 22], "uv_size": [6, 8]},
								"up": {"uv": [22, 22], "uv_size": [6, 6]},
								"down": {"uv": [28, 6], "uv_size": [-6, -6]}
							}
						},
						{
							"origin": [-3, 0.5, -4],
							"size": [8, 7, 8],
							"uv": {
								"north": {"uv": [8, 8], "uv_size": [8, 7]},
								"east": {"uv": [8, 0], "uv_size": [8, 7]},
								"south": {"uv": [8, 15], "uv_size": [8, 7]},
								"west": {"uv": [0, 16], "uv_size": [8, 7]},
								"up": {"uv": [0, 0], "uv_size": [8, 8]},
								"down": {"uv": [8, 16], "uv_size": [-8, -8]}
							}
						}
					]
				}
			]
		}
	]
}