{
	"format_version": "1.12.0",
	"minecraft:geometry": [
		{
			"description": {
				"identifier": "geometry.cherrybomb",
				"texture_width": 64,
				"texture_height": 64,
				"visible_bounds_width": 3,
				"visible_bounds_height": 3,
				"visible_bounds_offset": [0, 0.5, 0]
			},
			"bones": [
				{
					"name": "cherrybomb",
					"pivot": [0, -1, 0]
				},
				{
					"name": "heads",
					"parent": "cherrybomb",
					"pivot": [0, -1, 0]
				},
				{
					"name": "head1",
					"parent": "heads",
					"pivot": [-6, 3, -3],
					"rotation": [0, 30, 0],
					"cubes": [
						{"origin": [-8, -1, -6], "size": [5, 1, 5], "uv": [36, 1]},
						{"origin": [-9, 0, -7], "size": [7, 6, 7], "uv": [0, 13]},
						{"origin": [-8.5, 0, -6.5], "size": [6, 6.5, 6], "uv": [18, 44]},
						{"origin": [-9.5, 0.2, -6.5], "size": [8, 5.5, 6], "uv": [22, 33]},
						{"origin": [-10.5, 0.2, -4.5], "size": [8, 5.5, 6], "pivot": [-7, 0, -3], "rotation": [0, 90, 0], "uv": [0, 27]},
						{"origin": [-11.62436, 5.03599, -18.63345], "size": [1, 0.5, 3], "pivot": [-3.09808, 6, -15.75833], "rotation": [0, 90, -20], "uv": [8, 59]},
						{"origin": [-18.68653, 4.61304, -19.28887], "size": [1, 0.5, 3], "pivot": [-7.4282, 6, -18.25833], "rotation": [0, 90, 25], "uv": [4, 59]}
					]
				},
				{
					"name": "head2",
					"parent": "heads",
					"pivot": [5, 4, -2],
					"rotation": [0, -15, 0],
					"cubes": [
						{"origin": [3, 0, -5], "size": [5, 1, 5], "uv": [21, 0]},
						{"origin": [2, 1, -6], "size": [7, 6, 7], "uv": [0, 0]},
						{"origin": [2.5, 1, -5.5], "size": [6, 6.5, 6], "uv": [0, 38]},
						{"origin": [1.5, 1.2, -5.5], "size": [8, 5.5, 6], "uv": [22, 7]},
						{"origin": [0.5, 1.2, -3.5], "size": [8, 5.5, 6], "pivot": [4, 1, -2], "rotation": [0, 90, 0], "uv": [22, 22]},
						{"origin": [-5.52391, 3.58643, -14.16915], "size": [1, 0.5, 3], "pivot": [3.53313, 7, -15.33349], "rotation": [0, 90, -30], "uv": [7, 60]},
						{"origin": [-5.52391, 5.88456, -16.09751], "size": [1, 0.5, 3], "pivot": [3.53313, 7, -15.33349], "rotation": [0, 90, 30], "uv": [7, 60]}
					]
				},
				{
					"name": "stem",
					"parent": "cherrybomb",
					"pivot": [0, -1, 0],
					"cubes": [
						{"origin": [-5.75882, 5.93301, -3.25], "size": [1.5, 5, 1.5], "pivot": [-4, 5, -3], "rotation": [-15, 0, 15], "uv": [18, 38]},
						{"origin": [-4.33943, 10.41936, -1.7059], "size": [1.5, 4, 1.5], "pivot": [-2.83943, 10.41936, -1.7059], "rotation": [-15, 0, 25], "uv": [36, 0]},
						{"origin": [-2.91695, 13.59082, -0.67063], "size": [1.5, 3, 1.5], "pivot": [-1.41695, 13.59082, -0.67063], "rotation": [-15, 0, 40], "uv": [34, 18]},
						{"origin": [1.19003, 13.70101, 0.76271], "size": [1.5, 4, 1.5], "pivot": [2.69003, 13.70101, 0.76271], "rotation": [10, -40, -45], "uv": [21, 0]},
						{"origin": [4.5, 6, -1], "size": [1.5, 5, 1.5], "pivot": [6, 6, -1], "rotation": [-15, -40, -5], "uv": [0, 38]},
						{"origin": [4.27177, 10.72738, -0.8272], "size": [1.5, 4, 1.5], "pivot": [5.25024, 8.84325, -0.4052], "rotation": [-15, -40, -25], "uv": [36, 44]}
					]
				},
				{
					"name": "leaf",
					"parent": "cherrybomb",
					"pivot": [0, -1, 0],
					"cubes": [
						{"origin": [-1.2, 15, 1], "size": [2.8, 4, 1], "pivot": [1.36337, 16.84314, 2.10454], "rotation": [-60, 30, 0], "uv": [0, 26]},
						{"origin": [0.8, 17, 5], "size": [2, 2, 1], "pivot": [2.36337, 18.84314, 5.10454], "rotation": [-85, 30, 0], "uv": [28, 18]},
						{"origin": [-2.87401, 17.31105, 0.8], "size": [2, 1, 1], "pivot": [-1.37401, 17.31105, -0.94854], "rotation": [-40, 35, 0], "uv": [21, 18]}
					]
				},
				{
					"name": "leaf2",
					"parent": "cherrybomb",
					"pivot": [0, -1, 2],
					"rotation": [0, -110, 0],
					"cubes": [
						{"origin": [-1.2, 15, 3], "size": [2.8, 4, 1], "pivot": [1.36337, 16.84314, 4.10454], "rotation": [-60, 30, 0], "uv": [0, 13]},
						{"origin": [0.8, 17, 7], "size": [2, 2, 1], "pivot": [2.36337, 18.84314, 7.10454], "rotation": [-85, 30, 0], "uv": [0, 4]},
						{"origin": [-2.87401, 17.31105, 2.8], "size": [2, 1, 1], "pivot": [-1.37401, 17.31105, 1.05146], "rotation": [-40, 35, 0], "uv": [0, 18]}
					]
				}
			]
		}
	]
}