{
	"format_version": "1.12.0",
	"minecraft:geometry": [
		{
			"description": {
				"identifier": "geometry.cob_cannon",
				"texture_width": 112,
				"texture_height": 112,
				"visible_bounds_width": 4,
				"visible_bounds_height": 2.5,
				"visible_bounds_offset": [0, 0.75, 0]
			},
			"bones": [
				{
					"name": "cob_cannon",
					"pivot": [0, 0, 0]
				},
				{
					"name": "corn",
					"parent": "cob_cannon",
					"pivot": [0, 0, 0],
					"cubes": [
						{"origin": [-5, 4, -5], "size": [10, 11, 20], "uv": [0, 31]},
						{"origin": [-5, 5, -8], "size": [10, 9, 12], "uv": [0, 62]},
						{"origin": [-4, 6, -11], "size": [8, 7, 3], "uv": [68, 34]},
						{"origin": [-3, 7, -14], "size": [6, 5, 3], "uv": [0, 0]},
						{"origin": [-6, 4, -5], "size": [12, 10, 21], "uv": [0, 0]},
						{"origin": [-5, 5, 16], "size": [10, 8, 1], "uv": [45, 0]},
						{"origin": [-3, 7, 17], "size": [6, 4, 1], "uv": [0, 8]},
						{"origin": [-1, 8, 17], "size": [2, 2, 4], "pivot": [0, 9, 19], "rotation": [25, 0, 0], "uv": [0, 13]},
						{"origin": [-1, 7.94104, 19.70227], "size": [2, 2, 4], "pivot": [0, 8.94104, 21.70227], "rotation": [-27.5, 0, 0], "uv": [0, 13]},
						{"origin": [-1, 10.08219, 18.59772], "size": [2, 2, 3], "pivot": [0, 11.08219, 20.59772], "rotation": [80, 0, 0], "uv": [45, 46]}
					]
				},
				{
					"name": "cart",
					"parent": "cob_cannon",
					"pivot": [0, 0, 0],
					"cubes": [
						{"origin": [-7, 2, -9], "size": [4, 3, 22], "uv": [44, 9]},
						{"origin": [-6, 1, -7], "size": [12, 3, 9], "uv": [44, 65]},
						{"origin": [3, 2, -9], "size": [4, 3, 22], "uv": [38, 40]}
					]
				},
				{
					"name": "wheel",
					"parent": "cart",
					"pivot": [1, -4, 0],
					"cubes": [
						{"origin": [-9, 3.20435, 4], "size": [3, 1.5913, 8], "pivot": [-7, 4, 8], "rotation": [45, 0, 0], "uv": [88, 10]},
						{"origin": [-9, 3.20435, 4], "size": [3, 1.5913, 8], "pivot": [-7, 4, 8], "rotation": [22.5, 0, 0], "uv": [88, 1]},
						{"origin": [-9, 3.20435, 4], "size": [3, 1.5913, 8], "uv": [72, 87]},
						{"origin": [-9, 3.20435, 4], "size": [3, 1.5913, 8], "pivot": [-7, 4, 8], "rotation": [-22.5, 0, 0], "uv": [86, 74]},
						{"origin": [-9, 3.20435, 4], "size": [3, 1.5913, 8], "pivot": [-7, 4, 8], "rotation": [-45, 0, 0], "uv": [86, 86]},
						{"origin": [-9, 0, 7.20435], "size": [3, 8, 1.5913], "pivot": [-7, 4, 8], "rotation": [22.5, 0, 0], "uv": [40, 65]},
						{"origin": [-9, 0, 7.20435], "size": [3, 8, 1.5913], "uv": [32, 65]},
						{"origin": [-9, 0, 7.20435], "size": [3, 8, 1.5913], "pivot": [-7, 4, 8], "rotation": [-22.5, 0, 0], "uv": [0, 62]}
					]
				},
				{
					"name": "wheel2",
					"parent": "cart",
					"pivot": [1, -4, -11],
					"cubes": [
						{"origin": [-9, 3.20435, -7], "size": [3, 1.5913, 8], "pivot": [-7, 4, -3], "rotation": [45, 0, 0], "uv": [58, 86]},
						{"origin": [-9, 3.20435, -7], "size": [3, 1.5913, 8], "pivot": [-7, 4, -3], "rotation": [22.5, 0, 0], "uv": [36, 86]},
						{"origin": [-9, 3.20435, -7], "size": [3, 1.5913, 8], "uv": [22, 83]},
						{"origin": [-9, 3.20435, -7], "size": [3, 1.5913, 8], "pivot": [-7, 4, -3], "rotation": [-22.5, 0, 0], "uv": [0, 83]},
						{"origin": [-9, 3.20435, -7], "size": [3, 1.5913, 8], "pivot": [-7, 4, -3], "rotation": [-45, 0, 0], "uv": [82, 45]},
						{"origin": [-9, 0, -3.79565], "size": [3, 8, 1.5913], "pivot": [-7, 4, -3], "rotation": [22.5, 0, 0], "uv": [53, 9]},
						{"origin": [-9, 0, -3.79565], "size": [3, 8, 1.5913], "uv": [48, 34]},
						{"origin": [-9, 0, -3.79565], "size": [3, 8, 1.5913], "pivot": [-7, 4, -3], "rotation": [-22.5, 0, 0], "uv": [45, 9]}
					]
				},
				{
					"name": "wheel3",
					"parent": "cart",
					"pivot": [16, -4, -11],
					"cubes": [
						{"origin": [6, 3.20435, -7], "size": [3, 1.5913, 8], "pivot": [8, 4, -3], "rotation": [45, 0, 0], "uv": [82, 36]},
						{"origin": [6, 3.20435, -7], "size": [3, 1.5913, 8], "pivot": [8, 4, -3], "rotation": [22.5, 0, 0], "uv": [72, 78]},
						{"origin": [6, 3.20435, -7], "size": [3, 1.5913, 8], "uv": [77, 65]},
						{"origin": [6, 3.20435, -7], "size": [3, 1.5913, 8], "pivot": [8, 4, -3], "rotation": [-22.5, 0, 0], "uv": [58, 77]},
						{"origin": [6, 3.20435, -7], "size": [3, 1.5913, 8], "pivot": [8, 4, -3], "rotation": [-45, 0, 0], "uv": [36, 77]},
						{"origin": [6, 0, -3.79565], "size": [3, 8, 1.5913], "pivot": [8, 4, -3], "rotation": [22.5, 0, 0], "uv": [40, 40]},
						{"origin": [6, 0, -3.79565], "size": [3, 8, 1.5913], "uv": [8, 40]},
						{"origin": [6, 0, -3.79565], "size": [3, 8, 1.5913], "pivot": [8, 4, -3], "rotation": [-22.5, 0, 0], "uv": [0, 40]}
					]
				},
				{
					"name": "wheel4",
					"parent": "cart",
					"pivot": [16, -4, 0],
					"cubes": [
						{"origin": [6, 3.20435, 4], "size": [3, 1.5913, 8], "pivot": [8, 4, 8], "rotation": [45, 0, 0], "uv": [74, 18]},
						{"origin": [6, 3.20435, 4], "size": [3, 1.5913, 8], "pivot": [8, 4, 8], "rotation": [22.5, 0, 0], "uv": [74, 9]},
						{"origin": [6, 3.20435, 4], "size": [3, 1.5913, 8], "uv": [68, 53]},
						{"origin": [6, 3.20435, 4], "size": [3, 1.5913, 8], "pivot": [8, 4, 8], "rotation": [-22.5, 0, 0], "uv": [68, 44]},
						{"origin": [6, 3.20435, 4], "size": [3, 1.5913, 8], "pivot": [8, 4, 8], "rotation": [-45, 0, 0], "uv": [67, 0]},
						{"origin": [6, 0, 7.20435], "size": [3, 8, 1.5913], "pivot": [8, 4, 8], "rotation": [22.5, 0, 0], "uv": [8, 31]},
						{"origin": [6, 0, 7.20435], "size": [3, 8, 1.5913], "uv": [0, 31]},
						{"origin": [6, 0, 7.20435], "size": [3, 8, 1.5913], "pivot": [8, 4, 8], "rotation": [-22.5, 0, 0], "uv": [13, 12]}
					]
				}
			]
		}
	]
}