{
	"format_version": "1.12.0",
	"minecraft:geometry": [
		{
			"description": {
				"identifier": "geometry.crazy_dave",
				"texture_width": 64,
				"texture_height": 64,
				"visible_bounds_width": 3,
				"visible_bounds_height": 3.5,
				"visible_bounds_offset": [0, 1.25, 0]
			},
			"bones": [
				{
					"name": "Head",
					"pivot": [0, 24, 0],
					"rotation": [-6, 5, 0],
					"cubes": [
						{"origin": [-4, 24, -4], "size": [8, 8, 8], "uv": [0, 0]},
						{"origin": [-4.5, 30.82838, -4.60453], "size": [9, 2, 9], "uv": [0, 0]},
						{"origin": [-4, 24, -4], "size": [8, 8, 8], "inflate": 0.5, "uv": [32, 0]},
						{"origin": [-1.17431, 30.64569, -8.8177], "size": [2, 1, 7], "uv": [0, 0]}
					]
				},
				{
					"name": "Body",
					"pivot": [0, 24, 0],
					"cubes": [
						{"origin": [-4, 12, -2], "size": [8, 12, 4], "uv": [16, 16]},
						{"origin": [-4, 12, -2], "size": [8, 12, 4], "inflate": 0.25, "uv": [16, 32]}
					]
				},
				{
					"name": "RightArm",
					"pivot": [-5, 22, 0],
					"rotation": [-10, 0, 0],
					"cubes": [
						{"origin": [-8, 12, -2], "size": [4, 12, 4], "uv": [40, 16]},
						{"origin": [-8, 12, -2], "size": [4, 12, 4], "inflate": 0.25, "uv": [40, 32]}
					]
				},
				{
					"name": "LeftArm",
					"pivot": [5, 22, 0],
					"rotation": [12, 0, 0],
					"cubes": [
						{"origin": [4, 12, -2], "size": [4, 12, 4], "uv": [32, 48]},
						{"origin": [4, 12, -2], "size": [4, 12, 4], "inflate": 0.25, "uv": [48, 48]}
					]
				},
				{
					"name": "RightLeg",
					"pivot": [-1.9, 12, 0],
					"rotation": [11, 0, 2],
					"cubes": [
						{"origin": [-3.9, 0, -2], "size": [4, 12, 4], "uv": [0, 16]},
						{"origin": [-3.9, 0, -2], "size": [4, 12, 4], "inflate": 0.25, "uv": [0, 32]}
					]
				},
				{
					"name": "LeftLeg",
					"pivot": [1.9, 12, 0],
					"rotation": [-10, 0, -2],
					"cubes": [
						{"origin": [-0.1, 0, -2], "size": [4, 12, 4], "uv": [16, 48]},
						{"origin": [-0.1, 0, -2], "size": [4, 12, 4], "inflate": 0.25, "uv": [0, 48]}
					]
				}
			]
		}
	]
}