{
	"format_version": "1.12.0",
	"minecraft:geometry": [
		{
			"description": {
				"identifier": "geometry.doomshroom",
				"texture_width": 64,
				"texture_height": 64,
				"visible_bounds_width": 2,
				"visible_bounds_height": 1.5,
				"visible_bounds_offset": [0, 0.25, 0]
			},
			"bones": [
				{
					"name": "unknown_bone",
					"pivot": [0, 0, 0],
					"rotation": [0, -90, 0],
					"cubes": [
						{"origin": [-3.5, 3.875, -2.75], "size": [6.625, 3.25, 6.375], "uv": [0, 18]},
						{"origin": [-2.75, 4, -3.375], "size": [5, 2.625, 7.625], "uv": [0, 9]},
						{"origin": [-2.75, 4, -3.375], "size": [5, 2.625, 7.625], "pivot": [-0.25, 5.3125, 0.4375], "rotation": [0, -90, 0], "uv": [0, 0]},
						{"origin": [-3, 5, -2.25], "size": [5.625, 2.75, 5.375], "uv": [17, 0]},
						{"origin": [-1.625, 0, -1], "size": [2.75, 3.875, 2.75], "uv": [22, 7]},
						{"origin": [-1.125, 0, -1.25], "size": [1.75, 3.875, 3.25], "uv": [18, 18]},
						{"origin": [-1.125, 0, -1.25], "size": [1.75, 3.875, 3.25], "pivot": [-0.25, 1.9375, 0.375], "rotation": [0, -90, 0], "uv": [17, 9]}
					]
				},
				{
					"name": "bone",
					"parent": "unknown_bone",
					"pivot": [-0.25, 5.3125, 0.4375],
					"cubes": [
						{"origin": [-4.375, 4.9375, 1.1875], "size": [0.25, 0.625, 1.625], "pivot": [-4.25, 5.25, 1.875], "rotation": [7.5, 0, 0], "uv": [0, 0]},
						{"origin": [-4.375, 4.9375, -1.9375], "size": [0.25, 0.625, 1.625], "pivot": [-4.25, 5.25, -1.25], "rotation": [-7.5, 0, 0], "uv": [0, 0]}
					]
				}
			]
		}
	]
}