{
	"format_version": "1.12.0",
	"minecraft:geometry": [
		{
			"description": {
				"identifier": "geometry.Zombot_Sphinx-inator",
				"texture_width": 128,
				"texture_height": 128,
				"visible_bounds_width": 5,
				"visible_bounds_height": 3.5,
				"visible_bounds_offset": [0, 1.25, 0]
			},
			"bones": [
				{
					"name": "bone",
					"pivot": [0, 10, 4],
					"rotation": [0, 180, 0],
					"cubes": [
						{"origin": [-7.54625, 9, -10.40629], "size": [15, 2, 16], "uv": [0, 0]},
						{"origin": [-6.54625, 7, -10.40629], "size": [13, 4, 13], "pivot": [0.45375, 11, -10.40629], "rotation": [60, 0, 0], "uv": [0, 18]}
					]
				},
				{
					"name": "bone8",
					"parent": "bone",
					"pivot": [0, 8, 1],
					"cubes": [
						{"origin": [-2.54625, 4, -4.40629], "size": [5, 5, 5], "uv": [23, 72]}
					]
				},
				{
					"name": "bone9",
					"parent": "bone8",
					"pivot": [0, 2, 1],
					"cubes": [
						{"origin": [-1.54625, 1, 0.59371], "size": [2, 8, 2], "pivot": [0.45375, 9, 0.59371], "rotation": [27.5, 0, 0], "uv": [0, 83]},
						{"origin": [-1.54625, -1, 7.59371], "size": [2, 8, 2], "pivot": [0.45375, 7, 7.59371], "rotation": [27.5, 0, 0], "uv": [28, 82]},
						{"origin": [-1.54625, -6.17217, 4.52837], "size": [2, 7, 2], "pivot": [-0.54625, 1.37411, 4.25258], "rotation": [137.5, 0, 0], "uv": [36, 83]},
						{"origin": [-1.54625, 1, -6.40629], "size": [2, 8, 2], "pivot": [0.45375, 9, -4.40629], "rotation": [-27.5, 0, 0], "uv": [20, 82]},
						{"origin": [-1.54625, -1.9491, -14.32335], "size": [2, 8, 2], "pivot": [0.45375, 6.0509, -12.32335], "rotation": [-27.5, 0, 0], "uv": [77, 79]},
						{"origin": [-1.54625, -8.05918, -10.80269], "size": [2, 7, 2], "pivot": [-0.54625, 0.4871, -8.52691], "rotation": [-137.5, 0, 0], "uv": [8, 83]},
						{"origin": [-4.54625, 1, -2.90629], "size": [2, 8, 2], "pivot": [-2.54625, 9, -1.90629], "rotation": [0, 0, 27.5], "uv": [36, 35]},
						{"origin": [-12.00434, -2.68568, -2.90629], "size": [2, 10, 2], "pivot": [-8.38229, 8.46259, -0.90629], "rotation": [0, 0, 27.5], "uv": [57, 79]},
						{"origin": [-8.48091, -5.94619, -2.90629], "size": [2, 7, 2], "pivot": [-6.66687, 1.4871, -1.90629], "rotation": [0, 0, 137.5], "uv": [81, 59]},
						{"origin": [2.45375, 1, -2.90629], "size": [2, 8, 2], "pivot": [2.45375, 9, -1.90629], "rotation": [0, 0, -27.5], "uv": [0, 35]},
						{"origin": [10.67027, -1.67443, -2.90629], "size": [2, 10, 2], "pivot": [10.67027, 8.32557, -1.90629], "rotation": [0, 0, -27.5], "uv": [0, 18]},
						{"origin": [6.85015, -8.05918, -2.90629], "size": [2, 7, 2], "pivot": [6.57437, 0.4871, -1.90629], "rotation": [0, 0, -137.5], "uv": [0, 64]}
					]
				},
				{
					"name": "bone2",
					"parent": "bone",
					"pivot": [-1, 10, 4],
					"rotation": [-10, 0, 0],
					"cubes": [
						{"origin": [-6.04625, 9, 8.59371], "size": [12, 4, 2], "uv": [72, 53]},
						{"origin": [-6.04625, 9, 6.59371], "size": [12, 4, 2], "pivot": [-13.54625, 9, 8.59371], "rotation": [-20, 0, 0], "uv": [70, 14]},
						{"origin": [-6.04625, 9.68404, 4.71432], "size": [12, 4, 2], "pivot": [-13.54625, 9.68404, 6.71432], "rotation": [-40, 0, 0], "uv": [64, 43]},
						{"origin": [-6.04625, 13.17232, -6.61607], "size": [12, 6, 7], "pivot": [-13.54625, 15.23928, 0.22284], "rotation": [-65, 0, 0], "uv": [39, 18]},
						{"origin": [-6.04625, 6.68404, -2.28568], "size": [12, 7, 7], "pivot": [-13.54625, 9.68404, 6.71432], "rotation": [-40, 0, 0], "uv": [46, 0]}
					]
				},
				{
					"name": "bone15",
					"parent": "bone2",
					"pivot": [1, 25.23928, 1.62913],
					"cubes": [
						{"origin": [1.95375, 22.23928, 0.22284], "size": [0.5, 3, 0.5], "uv": [0, 0]},
						{"origin": [-1.04625, 22.23928, 0.22284], "size": [0.5, 3, 0.5], "uv": [0, 0]}
					]
				},
				{
					"name": "bone3",
					"parent": "bone",
					"pivot": [0, 10, 4],
					"rotation": [-10, 0, 0],
					"cubes": [
						{"origin": [-6.04625, 9, 9.89371], "size": [12, 2, 2], "uv": [70, 20]},
						{"origin": [2.95375, 11, 10.89371], "size": [3, 2, 1], "uv": [44, 35]},
						{"origin": [-6.04625, 11, 10.89371], "size": [3, 2, 1], "uv": [8, 12]},
						{"origin": [-2.04625, 11, 10.89371], "size": [3, 2, 1], "uv": [0, 12]}
					]
				},
				{
					"name": "bone7",
					"parent": "bone",
					"pivot": [0, 10, 4]
				},
				{
					"name": "bone6",
					"parent": "bone7",
					"pivot": [12, 10, -2],
					"rotation": [-20, 0, 0],
					"cubes": [
						{"origin": [-4.54625, 9.68404, -1.28568], "size": [9, 4, 2], "pivot": [-0.54625, 9.68404, 0.71432], "rotation": [-40, 0, 0], "uv": [0, 77]},
						{"origin": [-4.54625, 15.17232, -16.61607], "size": [9, 4, 11], "pivot": [-0.54625, 15.23928, -5.77716], "rotation": [-65, 0, 0], "uv": [35, 38]},
						{"origin": [-8.54625, 14.96053, -15.66898], "size": [17, 4, 1], "pivot": [-0.54625, 15.23928, -5.77716], "rotation": [-65, 0, 0], "uv": [52, 31]},
						{"origin": [-4.54625, 9.68404, -8.28568], "size": [9, 4, 7], "pivot": [-0.54625, 9.68404, 0.71432], "rotation": [-40, 0, 0], "uv": [30, 53]}
					]
				},
				{
					"name": "bone4",
					"parent": "bone6",
					"pivot": [0, 10, -2],
					"cubes": [
						{"origin": [-9.54625, 9, 2.59371], "size": [5, 4, 2], "uv": [43, 79]},
						{"origin": [-9.54625, 9, 0.59371], "size": [5, 4, 2], "pivot": [-12.54625, 9, 2.59371], "rotation": [-20, 0, 0], "uv": [77, 24]},
						{"origin": [-9.54625, 9.68404, -1.28568], "size": [5, 4, 2], "pivot": [-12.54625, 9.68404, 0.71432], "rotation": [-40, 0, 0], "uv": [77, 0]},
						{"origin": [-9.54625, 15.17232, -14.61607], "size": [5, 4, 9], "pivot": [-12.54625, 15.23928, -5.77716], "rotation": [-65, 0, 0], "uv": [0, 64]},
						{"origin": [-9.54625, 9.68404, -8.28568], "size": [5, 4, 7], "pivot": [-12.54625, 9.68404, 0.71432], "rotation": [-40, 0, 0], "uv": [68, 68]}
					]
				},
				{
					"name": "bone5",
					"parent": "bone6",
					"pivot": [12, 10, -2],
					"cubes": [
						{"origin": [4.45375, 9, 2.59371], "size": [5, 4, 2], "uv": [61, 68]},
						{"origin": [4.45375, 9, 0.59371], "size": [5, 4, 2], "pivot": [-0.54625, 9, 2.59371], "rotation": [-20, 0, 0], "uv": [0, 6]},
						{"origin": [4.45375, 9.68404, -1.28568], "size": [5, 4, 2], "pivot": [-0.54625, 9.68404, 0.71432], "rotation": [-40, 0, 0], "uv": [0, 0]},
						{"origin": [4.45375, 15.17232, -14.61607], "size": [5, 4, 9], "pivot": [-0.54625, 15.23928, -5.77716], "rotation": [-65, 0, 0], "uv": [53, 55]},
						{"origin": [4.45375, 9.68404, -8.28568], "size": [5, 4, 7], "pivot": [-0.54625, 9.68404, 0.71432], "rotation": [-40, 0, 0], "uv": [44, 68]}
					]
				},
				{
					"name": "bone10",
					"parent": "bone",
					"pivot": [0, 10, 4],
					"cubes": [
						{"origin": [-4.54625, 12, 4.59371], "size": [9, 9, 6], "pivot": [0.45375, 12, 4.59371], "rotation": [17.5, 0, 0], "uv": [0, 49]},
						{"origin": [-5, 20, 4.59371], "size": [10, 1, 6.5], "pivot": [0, 12, 4.59371], "rotation": [17.5, 0, 0], "uv": [64, 36]},
						{"origin": [-5, 11.46815, 5.04921], "size": [10, 1, 6.5], "pivot": [0, 12, 4.59371], "rotation": [17.5, 0, 0], "uv": [19, 64]}
					]
				},
				{
					"name": "bone11",
					"parent": "bone",
					"pivot": [0, 35, 4]
				},
				{
					"name": "bone12",
					"parent": "bone11",
					"pivot": [0, 35, 4]
				},
				{
					"name": "bone13",
					"parent": "bone11",
					"pivot": [0, 21, 1],
					"cubes": [
						{"origin": [-1.04625, 25, -0.40629], "size": [3, 3, 3], "uv": [65, 79]},
						{"origin": [-0.54625, 28, 0.09371], "size": [2, 0.5, 2], "uv": [10, 0]},
						{"origin": [-0.54625, 21, 0.59371], "size": [2, 4, 1], "uv": [39, 18]}
					]
				},
				{
					"name": "bone14",
					"parent": "bone13",
					"pivot": [0, 21, 1],
					"cubes": [
						{"origin": [-1.54625, 21.03407, -0.14747], "size": [1, 3, 1], "pivot": [-0.54625, 24, -0.40629], "rotation": [75, 0, 0], "uv": [8, 22]},
						{"origin": [1.45375, 21.04628, -0.10559], "size": [1, 3, 1], "pivot": [2.45375, 24, -0.40629], "rotation": [72.5, 0, 0], "uv": [8, 18]}
					]
				}
			]
		}
	]
}