{
	"format_version": "1.12.0",
	"minecraft:geometry": [
		{
			"description": {
				"identifier": "geometry.ladder_zombie",
				"texture_width": 128,
				"texture_height": 128,
				"visible_bounds_width": 2,
				"visible_bounds_height": 3,
				"visible_bounds_offset": [0, 0, 0]
			},
			"bones": [
				{
					"name": "waist",
					"pivot": [0, 12, 0]
				},
				{
					"name": "body",
					"parent": "waist",
					"pivot": [0, 24, 0],
					"cubes": [
						{"origin": [-4, 12, -2], "size": [8, 13, 4], "uv": [0, 16]},
						{"origin": [5, 2.14744, -9.08759], "size": [1, 23, 3], "uv": [32, 32]},
						{"origin": [-6, 2.14744, -9.08759], "size": [1, 23, 3], "uv": [24, 24]},
						{"origin": [-6.3, 4.24744, -7.88759], "size": [12.4, 0.8, 0.5], "uv": [0, 0]},
						{"origin": [-5, 4.14744, -8.88759], "size": [10, 1, 2.5], "uv": [48, 23]},
						{"origin": [-6.3, 20.24744, -7.88759], "size": [12.4, 0.8, 0.5], "uv": [0, 0]},
						{"origin": [-6.3, 16.24744, -7.88759], "size": [12.4, 0.8, 0.5], "uv": [0, 0]},
						{"origin": [-5, 8.14744, -8.88759], "size": [10, 1, 2.5], "uv": [48, 20]},
						{"origin": [-5, 12.14744, -8.88759], "size": [10, 1, 2.5], "uv": [48, 6]},
						{"origin": [-5, 20.14744, -8.88759], "size": [10, 1, 2.5], "uv": [44, 17]},
						{"origin": [-6.3, 8.24744, -7.88759], "size": [12.4, 0.8, 0.5], "uv": [0, 0]},
						{"origin": [-6.3, 22.24744, -7.88759], "size": [12.4, 0.8, 0.5], "uv": [0, 0]},
						{"origin": [-6.8, 2.14744, -8.88759], "size": [2.6, 1, 2.5], "uv": [24, 0]},
						{"origin": [4.2, 2.14744, -8.88759], "size": [2.6, 1, 2.5], "uv": [20, 16]},
						{"origin": [-6.3, 12.24744, -7.88759], "size": [12.4, 0.8, 0.5], "uv": [0, 0]},
						{"origin": [4.2, 24.14744, -8.88759], "size": [2.6, 1, 2.5], "uv": [0, 3]},
						{"origin": [-6.8, 24.14744, -8.88759], "size": [2.6, 1, 2.5], "uv": [0, 0]},
						{"origin": [-5, 16.14744, -8.88759], "size": [10, 1, 2.5], "uv": [48, 3]},
						{"origin": [-5, 22.54744, -8.88759], "size": [10, 1, 2.5], "uv": [44, 0]}
					]
				},
				{
					"name": "head",
					"parent": "body",
					"pivot": [0, 24, 0],
					"cubes": [
						{"origin": [-4, 25, -4], "size": [8, 8, 8], "uv": [0, 0]},
						{"origin": [-0.4, 27.3, -5], "size": [1, 1, 8], "uv": [48, 48]},
						{"origin": [-2.4, 27.3, -4.8], "size": [5, 1, 7.8], "uv": [40, 32]},
						{"origin": [-1.4, 27, -4.7], "size": [3, 1, 7.7], "uv": [44, 9]},
						{"origin": [-1.4, 28, -4.7], "size": [3, 1, 7.7], "uv": [9, 43]}
					]
				},
				{
					"name": "hat",
					"parent": "head",
					"pivot": [-0.8, 25.7, -0.1],
					"rotation": [-1, -15, 4]
				},
				{
					"name": "rightArm",
					"parent": "body",
					"pivot": [-5, 22, 0],
					"cubes": [
						{"origin": [-8, 13, -2], "size": [4, 12, 4], "pivot": [0, 23, 0], "rotation": [-40, 0, 0], "uv": [40, 40]}
					]
				},
				{
					"name": "rightItem",
					"parent": "rightArm",
					"pivot": [0, 15.4, -8],
					"rotation": [8, 0, 0]
				},
				{
					"name": "leftArm",
					"parent": "body",
					"pivot": [5, 22, 0],
					"mirror": true,
					"cubes": [
						{"origin": [4, 14.09315, -5.0034], "size": [4, 12, 4], "pivot": [6, 20.50944, -2.60713], "rotation": [40, 180, 0], "uv": [40, 40], "mirror": false}
					]
				},
				{
					"name": "rightLeg",
					"parent": "body",
					"pivot": [-1.9, 12, 0],
					"cubes": [
						{"origin": [-3.9, 0, -2], "size": [4, 12, 4], "uv": [32, 16]}
					]
				},
				{
					"name": "leftLeg",
					"parent": "body",
					"pivot": [1.9, 12, 0],
					"mirror": true,
					"cubes": [
						{"origin": [-0.1, 0, -2], "size": [4, 12, 4], "uv": [32, 0], "mirror": false}
					]
				}
			]
		}
	]
}