{
	"format_version": "1.12.0",
	"minecraft:geometry": [
		{
			"description": {
				"identifier": "geometry.lightning_rod",
				"texture_width": 48,
				"texture_height": 48,
				"visible_bounds_width": 3,
				"visible_bounds_height": 3,
				"visible_bounds_offset": [0, 0, 0]
			},
			"bones": [
				{
					"name": "lightning_reed",
					"pivot": [0, 0, 0]
				},
				{
					"name": "reed",
					"parent": "lightning_reed",
					"pivot": [0, 15.23863, 1.51963],
					"rotation": [15, 0, 0],
					"cubes": [
						{"origin": [-1, 0, -3], "size": [2, 6, 1], "pivot": [0, 3, -2.5], "rotation": [-17.5, 0, 0], "uv": [0, 30]},
						{"origin": [-1, 9.46967, -0.42147], "size": [2, 4, 3], "pivot": [0, 10.96967, 0.57853], "rotation": [-27.5, 0, 0], "uv": [24, 6]},
						{"origin": [-2, 12.46967, -1], "size": [4, 1, 4], "pivot": [0, 10.96967, 0.57853], "rotation": [-27.5, 0, 0], "uv": [22, 16]},
						{"origin": [-2, 24, 5], "size": [4, 6, 4], "pivot": [0, 22.96967, 6.57853], "rotation": [-27.5, 0, 0], "uv": [0, 20]},
						{"origin": [-1, 24, 6], "size": [2, 15, 2], "pivot": [0, 22.96967, 6.57853], "rotation": [-27.5, 0, 0], "uv": [16, 20]},
						{"origin": [-3, 13.46967, -2.42147], "size": [6, 14, 6], "pivot": [0, 10.96967, 0.57853], "rotation": [-27.5, 0, 0], "uv": [0, 0]},
						{"origin": [-1, 5.5, -1.5], "size": [2, 5, 3], "pivot": [0, 7.26872, -0.99734], "rotation": [-45, 0, 0], "uv": [24, 24]}
					]
				},
				{
					"name": "leaves",
					"parent": "lightning_reed",
					"pivot": [0, 0, 0],
					"cubes": [
						{"origin": [-5, 0, 0], "size": [5, 1, 1], "pivot": [-2.5, 0.5, 0.5], "rotation": [0, 0, 37.5], "uv": [24, 21]},
						{"origin": [-4, -1, -1], "size": [4, 1, 1], "pivot": [-1.5, -0.5, -0.5], "rotation": [0, -30, 37.5], "uv": [6, 30]},
						{"origin": [0, 0, 0], "size": [5, 1, 1], "pivot": [2.5, 0.5, 0.5], "rotation": [0, 0, -47.5], "uv": [24, 13]},
						{"origin": [-2.51339, 0.89408, 0], "size": [8, 1, 2], "pivot": [1.48661, 1.39408, 0.5], "rotation": [0, -22.5, -55], "uv": [18, 3]},
						{"origin": [-5.20609, 1.01692, -0.0438], "size": [8, 1, 2], "pivot": [-1.20609, 1.51692, 0.4562], "rotation": [0, -22.5, -117.5], "uv": [18, 0]},
						{"origin": [-4.56967, 3.98151, 1.75348], "size": [2, 1, 2], "pivot": [-3.56967, 4.48151, 2.75348], "rotation": [12.5, -22.5, -170], "uv": [31, 6]},
						{"origin": [3.08564, 3.43227, 1.44813], "size": [2, 1, 2], "pivot": [4.08564, 3.93227, 2.44813], "rotation": [-15, -2.5, 12.5], "uv": [31, 23]},
						{"origin": [1, -2, 0], "size": [3, 1, 1], "pivot": [1.5, -1.5, 0.5], "rotation": [0, 25, -47.5], "uv": [6, 32]}
					]
				}
			]
		}
	]
}