{
	"format_version": "1.12.0",
	"minecraft:geometry": [
		{
			"description": {
				"identifier": "geometry.magnet_shroom",
				"texture_width": 96,
				"texture_height": 96,
				"visible_bounds_width": 3,
				"visible_bounds_height": 3.5,
				"visible_bounds_offset": [0, 1.25, 0]
			},
			"bones": [
				{
					"name": "magnet_shroom",
					"pivot": [0, 0, 0]
				},
				{
					"name": "body",
					"parent": "magnet_shroom",
					"pivot": [0, 0, 0],
					"cubes": [
						{"origin": [3.30602, 14.50885, -4.1], "size": [4, 5, 8], "pivot": [5.30602, 16.50885, 0], "rotation": [0, 0, -17.5], "uv": [68, 28]},
						{"origin": [-7.30602, 14.50885, -4.1], "size": [4, 5, 8], "pivot": [-5.30602, 16.50885, 0], "rotation": [0, 0, 17.5], "uv": [54, 0]},
						{"origin": [-4, 14, -4], "size": [8, 4, 8], "uv": [0, 32]}
					]
				},
				{
					"name": "stem",
					"parent": "magnet_shroom",
					"pivot": [0, 0, 0],
					"cubes": [
						{"origin": [-5, -0.5, -5], "size": [10, 2, 10], "pivot": [0, 1, 0], "rotation": [-2.5, 0, 0], "uv": [28, 28], "mirror": true},
						{"origin": [-4, 0.49667, -3.84733], "size": [8, 7, 8], "uv": [30, 7]},
						{"origin": [-3, 7.49667, -2.84733], "size": [6, 7, 6], "uv": [46, 70]},
						{"origin": [3.1, 0.49667, -2.84733], "size": [1, 8, 6], "uv": [70, 70]},
						{"origin": [-4.1, 0.49667, -2.84733], "size": [1, 8, 6], "uv": [16, 70]},
						{"origin": [2.3, 7.49667, -1.84733], "size": [1, 7, 4], "uv": [30, 76]},
						{"origin": [-3.3, 7.49667, -1.84733], "size": [1, 7, 4], "uv": [74, 9]},
						{"origin": [-3, 0.49667, -4.2], "size": [6, 8, 2], "uv": [0, 76]},
						{"origin": [-2, 7.49667, -3.2], "size": [4, 7, 1], "uv": [58, 28]},
						{"origin": [-2, 7.49667, 2.8], "size": [4, 7, 1], "uv": [24, 30]},
						{"origin": [-3, 0.49667, 2.8], "size": [6, 8, 2], "uv": [75, 53]}
					]
				},
				{
					"name": "magnet",
					"parent": "magnet_shroom",
					"pivot": [0, 0, 0],
					"cubes": [
						{"origin": [-2, 18, -4.5], "size": [4, 6, 9], "uv": [23, 40]},
						{"origin": [1.44867, 18.30172, -4.6], "size": [2, 6, 9], "pivot": [3.44867, 21.30172, 0], "rotation": [0, 0, -10], "uv": [30, 61]},
						{"origin": [-3.44867, 18.30172, -4.6], "size": [2, 6, 9], "pivot": [-3.44867, 21.30172, 0], "rotation": [0, 0, 10], "uv": [55, 55]},
						{"origin": [2.56122, 18.70015, -4.5], "size": [3, 6, 9], "pivot": [4.06122, 21.70015, 0], "rotation": [0, 0, -25], "uv": [15, 55]},
						{"origin": [-5.56122, 18.70015, -4.5], "size": [3, 6, 9], "pivot": [-4.06122, 21.70015, 0], "rotation": [0, 0, 25], "uv": [0, 46]},
						{"origin": [-6.72162, 19.63147, -4.6], "size": [3, 6, 9], "pivot": [-5.22162, 22.63147, 0], "rotation": [0, 0, 52.5], "uv": [53, 13]},
						{"origin": [3.72162, 19.63147, -4.6], "size": [3, 6, 9], "pivot": [5.22162, 22.63147, 0], "rotation": [0, 0, -52.5], "uv": [40, 46]},
						{"origin": [4.27588, 22.4781, -4.6], "size": [10, 6, 9], "pivot": [5.77588, 25.4781, 0], "rotation": [0, 0, -90], "uv": [0, 15]},
						{"origin": [-14.27588, 22.4781, -4.6], "size": [10, 6, 9], "pivot": [-5.77588, 25.4781, 0], "rotation": [0, 0, 90], "uv": [0, 0], "mirror": true},
						{"origin": [-6.23628, 20.87396, -4.5], "size": [2, 6, 9], "pivot": [-5.73628, 23.87396, 0], "rotation": [0, 0, 82.5], "uv": [0, 61]},
						{"origin": [4.23628, 20.87396, -4.5], "size": [2, 6, 9], "pivot": [5.73628, 23.87396, 0], "rotation": [0, 0, -82.5], "uv": [55, 40]}
					]
				}
			]
		}
	]
}