{
	"format_version": "1.12.0",
	"minecraft:geometry": [
		{
			"description": {
				"identifier": "geometry.mummy",
				"texture_width": 128,
				"texture_height": 128,
				"visible_bounds_width": 3,
				"visible_bounds_height": 5.5,
				"visible_bounds_offset": [0, 1.25, 0]
			},
			"bones": [
				{
					"name": "waist",
					"pivot": [0, 12, 0]
				},
				{
					"name": "body",
					"parent": "waist",
					"pivot": [0, 24, 0],
					"cubes": [
						{"origin": [-4, 12, -2], "size": [8, 12, 4], "uv": [26, 26]}
					]
				},
				{
					"name": "head",
					"parent": "body",
					"pivot": [0, 24, 0],
					"cubes": [
						{"origin": [-4, 24, -3.6], "size": [8, 8, 7.6], "uv": [0, 15]}
					]
				},
				{
					"name": "hat",
					"parent": "head",
					"pivot": [0, 24, 0],
					"cubes": [
						{"origin": [-4.6, 31, -5], "size": [9, 1.2, 9], "uv": [0, 0]},
						{"origin": [-0.75, 32, -5], "size": [1.5, 1.5, 1], "uv": [10, 3]},
						{"origin": [-0.25, 33, -5], "size": [0.5, 1.5, 1], "uv": [10, 4]},
						{"origin": [-6, 26, -4], "size": [2, 6, 8], "uv": [28, 7]},
						{"origin": [4, 26, -4], "size": [2, 6, 8], "uv": [0, 30]},
						{"origin": [-5.3, 32, -3], "size": [10.8, 1.5, 7], "uv": [50, 24]},
						{"origin": [-5.3, 33, -2], "size": [10.8, 1.5, 6], "uv": [50, 24]},
						{"origin": [-4.3, 34, -1], "size": [8.8, 1.5, 5], "uv": [50, 24]},
						{"origin": [-3.3, 35, 0], "size": [6.8, 2.5, 4], "uv": [50, 24]},
						{"origin": [-2.3, 37, 2], "size": [4.8, 3.5, 2], "uv": [50, 24]}
					]
				},
				{
					"name": "bone",
					"parent": "head",
					"pivot": [-6, 10, -9],
					"rotation": [7.5, 0, 0]
				},
				{
					"name": "rightArm",
					"parent": "body",
					"pivot": [-5, 22, 0],
					"cubes": [
						{"origin": [-8, 12, -2], "size": [4, 12, 4], "uv": [48, 48]}
					]
				},
				{
					"name": "rightItem",
					"parent": "rightArm",
					"pivot": [-6, 15, 1]
				},
				{
					"name": "leftArm",
					"parent": "body",
					"pivot": [5, 22, 0],
					"mirror": true,
					"cubes": [
						{"origin": [4, 12, -2], "size": [4, 12, 4], "uv": [0, 44], "mirror": false}
					]
				},
				{
					"name": "rightLeg",
					"parent": "body",
					"pivot": [-1.9, 12, 0],
					"cubes": [
						{"origin": [-3.9, 0, -2], "size": [4, 12, 4], "uv": [32, 42]}
					]
				},
				{
					"name": "leftLeg",
					"parent": "body",
					"pivot": [1.9, 12, 0],
					"mirror": true,
					"cubes": [
						{"origin": [-0.1, 0, -2], "size": [4, 12, 4], "uv": [16, 42], "mirror": false}
					]
				}
			]
		}
	]
}