{
	"format_version": "1.12.0",
	"minecraft:geometry": [
		{
			"description": {
				"identifier": "geometry.orange",
				"texture_width": 128,
				"texture_height": 128,
				"visible_bounds_width": 3,
				"visible_bounds_height": 2.5,
				"visible_bounds_offset": [0, 0.75, 0]
			},
			"bones": [
				{
					"name": "Citr",
					"pivot": [0, 0, 0],
					"cubes": [
						{"origin": [-5.625, 0, -5.625], "size": [11.25, 11.25, 11.25], "inflate": -0.25, "uv": [33, 33]},
						{"origin": [-5.125, 0.75, -6.375], "size": [10, 10, 12.75], "inflate": -0.25, "uv": [0, 22]}
					]
				},
				{
					"name": "bone3",
					"parent": "Citr",
					"pivot": [0, 0, 0],
					"cubes": [
						{"origin": [-5.125, 0.75, -6.375], "size": [10, 10, 12.75], "inflate": -0.25, "pivot": [-0.125, 5.75, 0], "rotation": [0, -90, 0], "uv": [0, 0]}
					]
				},
				{
					"name": "bone2",
					"parent": "Citr",
					"pivot": [-0.125, 5.75, 0]
				},
				{
					"name": "bone",
					"parent": "Citr",
					"pivot": [-0.125, 5.75, 0],
					"cubes": [
						{"origin": [-5.125, 0.75, -6.125], "size": [10, 10, 4], "inflate": -0.25, "pivot": [-0.125, 5.75, 0], "rotation": [-90, 0, 0], "uv": [40, 18]}
					]
				}
			]
		}
	]
}