{
	"format_version": "1.12.0",
	"minecraft:geometry": [
		{
			"description": {
				"identifier": "geometry.peashooter_zombie",
				"texture_width": 64,
				"texture_height": 64,
				"visible_bounds_width": 3,
				"visible_bounds_height": 4,
				"visible_bounds_offset": [0, 1, 0]
			},
			"bones": [
				{
					"name": "peashooter",
					"pivot": [0, 26, 0]
				},
				{
					"name": "leaves",
					"parent": "peashooter",
					"pivot": [0, 17, 0]
				},
				{
					"name": "leaf1",
					"parent": "leaves",
					"pivot": [0, 17, 0]
				},
				{
					"name": "leaf2",
					"parent": "leaves",
					"pivot": [0, 17, 0]
				},
				{
					"name": "leaf3",
					"parent": "leaves",
					"pivot": [0, 17, 0]
				},
				{
					"name": "leaf4",
					"parent": "leaves",
					"pivot": [0, 17, 0]
				},
				{
					"name": "stem",
					"parent": "peashooter",
					"pivot": [0, 17, 0]
				},
				{
					"name": "stem1",
					"parent": "stem",
					"pivot": [0, 17, 0]
				},
				{
					"name": "stem2",
					"parent": "stem",
					"pivot": [0, 17, 0]
				},
				{
					"name": "head",
					"parent": "peashooter",
					"pivot": [0, 27, 0],
					"rotation": [5, 0, 0]
				},
				{
					"name": "snout",
					"parent": "head",
					"pivot": [0, 17, 0],
					"cubes": [
						{"origin": [-2.1, 25.2, -7.5], "size": [1, 4.2, 1.5], "uv": [10, 28]},
						{"origin": [1.2, 25.2, -7.5], "size": [1, 4.2, 1.5], "uv": [5, 18]},
						{"origin": [-2, 28.6, -7.5], "size": [4, 1.2, 1.5], "uv": [19, 20]},
						{"origin": [-2, 24.9, -7.5], "size": [4, 1.2, 1.5], "uv": [0, 28]},
						{"origin": [-1.8, 25.2, -6.5], "size": [3.7, 4.2, 1.5], "uv": [0, 3]},
						{"origin": [-1.51, 25.8, -6.2], "size": [3.1, 3, 3], "uv": [20, 0]}
					]
				},
				{
					"name": "upleaf",
					"parent": "head",
					"pivot": [0, 18, 3],
					"rotation": [10, 0, 0],
					"cubes": [
						{"origin": [-0.65, 28.21519, 7.02635], "size": [1, 1, 2.1], "uv": [0, 16]},
						{"origin": [-1.5, 28.5, 9], "size": [2.8, 0.7, 3.275], "pivot": [0, 29.1231, 9.02301], "rotation": [-25, 0, 0], "uv": [0, 0]},
						{"origin": [-1, 27.18372, 11.7901], "size": [1.8, 0.7, 2], "pivot": [0, 27.61735, 11.80378], "rotation": [-55, 0, 0], "uv": [4, 14]}
					]
				},
				{
					"name": "base",
					"parent": "head",
					"pivot": [0, 17, 0],
					"cubes": [
						{"origin": [-1.4, 24, -1.4], "size": [2.8, 0.7, 2.8], "uv": [0, 14]},
						{"origin": [-2.8, 24.7, -2.8], "size": [5.6, 6.6, 7.6], "uv": [21, 7]},
						{"origin": [-2.8, 25, -3.8], "size": [5.6, 5.8, 9.6], "uv": [0, 14]},
						{"origin": [-3.4, 24.9, -3.2], "size": [6.7, 6, 8.6], "uv": [0, 0]},
						{"origin": [-3.9, 25.2, -2], "size": [7.9, 5.5, 6.9], "uv": [0, 34]}
					]
				},
				{
					"name": "body",
					"parent": "peashooter",
					"pivot": [0, 17, 0],
					"cubes": [
						{"origin": [-4, 12, -2], "size": [8, 12, 4], "uv": [24, 24]}
					]
				},
				{
					"name": "rightArm",
					"parent": "body",
					"pivot": [0, 17, 0],
					"cubes": [
						{"origin": [-8, 12, -2], "size": [4, 12, 4], "uv": [0, 45]}
					]
				},
				{
					"name": "rightItem",
					"parent": "rightArm",
					"pivot": [-4, 12, -2]
				},
				{
					"name": "leftArm",
					"parent": "body",
					"pivot": [0, 17, 0],
					"cubes": [
						{"origin": [4, 12, -2], "size": [4, 12, 4], "uv": [0, 45]}
					]
				},
				{
					"name": "rightLeg",
					"parent": "body",
					"pivot": [0, 17, 0],
					"cubes": [
						{"origin": [-4, 0, -2], "size": [4, 12, 4], "uv": [45, 0]}
					]
				},
				{
					"name": "leftLeg",
					"parent": "body",
					"pivot": [0, 17, 0],
					"cubes": [
						{"origin": [0, 0, -2], "size": [4, 12, 4], "uv": [45, 0]}
					]
				}
			]
		}
	]
}