{
	"format_version": "1.12.0",
	"minecraft:geometry": [
		{
			"description": {
				"identifier": "geometry.peashooter",
				"texture_width": 48,
				"texture_height": 48,
				"visible_bounds_width": 3,
				"visible_bounds_height": 2,
				"visible_bounds_offset": [0, 0, 0]
			},
			"bones": [
				{
					"name": "peashooter",
					"pivot": [0, 0, 0]
				},
				{
					"name": "leaves",
					"parent": "peashooter",
					"pivot": [0, 0, 0]
				},
				{
					"name": "leaf1",
					"parent": "leaves",
					"pivot": [0, 0, 0],
					"cubes": [
						{"origin": [0, 0, -1.05], "size": [4.2, 0.7, 2.1], "pivot": [0, 0, 0], "rotation": [0, 0, -30], "uv": [15, 36]},
						{"origin": [3.40192, 2.3, -0.8], "size": [2.2, 0.7, 1.6], "pivot": [3, 3, 0], "rotation": [0, 0, 45], "uv": [2, 39]}
					]
				},
				{
					"name": "leaf2",
					"parent": "leaves",
					"pivot": [0, 0, 0],
					"cubes": [
						{"origin": [-1.05, 0, 0], "size": [2.1, 0.7, 4.2], "pivot": [0, 0, 0], "rotation": [10, 0, 0], "uv": [15, 37]},
						{"origin": [-0.8, 0.7, 3.8], "size": [1.6, 0.7, 2.2], "pivot": [0, 1, 4], "rotation": [-25, 0, 0], "uv": [2, 38]}
					]
				},
				{
					"name": "leaf3",
					"parent": "leaves",
					"pivot": [0, 0, 0],
					"cubes": [
						{"origin": [-4.2, 0, -1.05], "size": [4.2, 0.7, 2.1], "pivot": [0, 0, 0], "rotation": [0, 0, 15], "uv": [15, 39]},
						{"origin": [-5.4, 0.8, -0.8], "size": [2, 0.7, 1.6], "pivot": [-4, 1, 0], "rotation": [0, 0, -30], "uv": [2, 38]}
					]
				},
				{
					"name": "leaf4",
					"parent": "leaves",
					"pivot": [0, 0, 0],
					"cubes": [
						{"origin": [-0.8, 1.6, -5.63584], "size": [1.6, 0.7, 2.2], "pivot": [0, 2, -3], "rotation": [5, 0, 0], "uv": [2, 38]},
						{"origin": [-1.05, 0, -4.2], "size": [2.1, 0.7, 4.2], "pivot": [0, 0, 0], "rotation": [-25, 0, 0], "uv": [15, 37]}
					]
				},
				{
					"name": "stem",
					"parent": "peashooter",
					"pivot": [0, 0, 0]
				},
				{
					"name": "stem1",
					"parent": "stem",
					"pivot": [0, 0, 0],
					"cubes": [
						{"origin": [-0.7, 4.7, 0.3], "size": [1.4, 3, 1.4], "pivot": [0, 5, 1], "rotation": [15, 0, 0], "uv": [8, 30]}
					]
				},
				{
					"name": "stem2",
					"parent": "stem",
					"pivot": [0, 0, 0],
					"cubes": [
						{"origin": [-0.7, 0.2, -0.7], "size": [1.4, 5, 1.4], "pivot": [0, 0, 0], "rotation": [-11, 0, 0], "uv": [0, 0]}
					]
				},
				{
					"name": "head",
					"parent": "peashooter",
					"pivot": [0, 10, 0],
					"rotation": [5, 0, 0]
				},
				{
					"name": "snout",
					"parent": "head",
					"pivot": [0, 0, 0],
					"cubes": [
						{"origin": [-2.1, 8.2, -7.5], "size": [1, 4.2, 1.5], "uv": [4, 30]},
						{"origin": [1.2, 8.2, -7.5], "size": [1, 4.2, 1.5], "uv": [0, 30]},
						{"origin": [-2, 11.6, -7.5], "size": [4, 1.2, 1.5], "uv": [10, 28]},
						{"origin": [-2, 7.9, -7.5], "size": [4, 1.2, 1.5], "uv": [0, 28]},
						{"origin": [-1.8, 8.2, -6.5], "size": [3.7, 4.2, 1.5], "uv": [0, 14]},
						{"origin": [-1.51, 8.8, -6.2], "size": [3.1, 3, 3], "uv": [19, 0]}
					]
				},
				{
					"name": "upleaf",
					"parent": "head",
					"pivot": [0, 1, 3],
					"rotation": [10, 0, 0],
					"cubes": [
						{"origin": [-0.65, 11.21519, 7.02635], "size": [1, 1, 2.1], "uv": [22, 2]},
						{"origin": [-1.5, 11.5, 9], "size": [2.8, 0.7, 3.275], "pivot": [0, 12.1231, 9.02301], "rotation": [-25, 0, 0], "uv": [16, 38]},
						{"origin": [-1, 10.18372, 11.7901], "size": [1.8, 0.7, 2], "pivot": [0, 10.61735, 11.80378], "rotation": [-55, 0, 0], "uv": [2, 38]}
					]
				},
				{
					"name": "base",
					"parent": "head",
					"pivot": [0, 0, 0],
					"cubes": [
						{"origin": [-1.4, 7, -1.4], "size": [2.8, 0.7, 2.8], "uv": [29, 0]},
						{"origin": [-2.8, 7.7, -2.8], "size": [5.6, 6.6, 7.6], "uv": [21, 7]},
						{"origin": [-2.8, 8, -3.8], "size": [5.6, 5.8, 9.6], "uv": [0, 0]},
						{"origin": [-3.4, 7.9, -3.2], "size": [6.7, 6, 8.6], "uv": [0, 14]},
						{"origin": [-3.9, 8.2, -2], "size": [7.9, 5.5, 6.9], "uv": [22, 22]}
					]
				}
			]
		}
	]
}