{
	"format_version": "1.12.0",
	"minecraft:geometry": [
		{
			"description": {
				"identifier": "geometry.pepper_pult",
				"texture_width": 96,
				"texture_height": 96,
				"visible_bounds_width": 5,
				"visible_bounds_height": 3,
				"visible_bounds_offset": [0, 0, 0]
			},
			"bones": [
				{
					"name": "pepper_pult",
					"pivot": [0, 0, 0]
				},
				{
					"name": "base",
					"parent": "pepper_pult",
					"pivot": [0, 0, 0],
					"cubes": [
						{"origin": [1, -0.5, -6], "size": [6, 8, 6], "pivot": [3, -1, -2], "rotation": [-7.5, 0, -12.5], "uv": [32, 0]},
						{"origin": [-4, 0, -4], "size": [8, 13, 8], "uv": [0, 0]},
						{"origin": [0, 8.5, -0.39257], "size": [5, 6, 5], "pivot": [6, 11, 4], "rotation": [2.5, 0, -7.5], "uv": [0, 51]},
						{"origin": [-5, 8, 0], "size": [5, 6, 5], "pivot": [-5, 8, 4], "rotation": [5, 0, 7.5], "uv": [50, 50]},
						{"origin": [0, 8, -5], "size": [5, 6, 5], "pivot": [4, 8, -5], "rotation": [0, 0, -10], "uv": [35, 44]},
						{"origin": [-5, 7.5, -5], "size": [5, 6, 5], "pivot": [-1, 8, -1], "rotation": [0, 0, 7.5], "uv": [51, 9]},
						{"origin": [-6, 0, 1], "size": [5, 7, 5], "pivot": [-5, 0, 2], "rotation": [7.5, 0, 7.5], "uv": [0, 35]},
						{"origin": [1, 0, 1], "size": [5, 7, 5], "pivot": [2, 0, 5], "rotation": [10, 0, -5], "uv": [15, 44]},
						{"origin": [-6, 0, -6], "size": [6, 9, 6], "pivot": [-6, 0, -2], "rotation": [-7.5, 0, 10], "uv": [30, 15]}
					]
				},
				{
					"name": "leaves",
					"parent": "pepper_pult",
					"pivot": [0, 0, 0],
					"cubes": [
						{"origin": [-9, 0, 2], "size": [5, 1, 2], "pivot": [-4, 0, 2], "rotation": [0, 0, 7.5], "uv": [0, 47]},
						{"origin": [-9, 0, -1], "size": [7, 1, 4], "pivot": [-2, 0, -1], "rotation": [0, -10, 15], "uv": [60, 61]},
						{"origin": [-7, 0, -6], "size": [6, 1, 4], "pivot": [-1, 0, -6], "rotation": [0, -45, 7.5], "uv": [65, 49]},
						{"origin": [-2, 0, -2], "size": [7, 1, 4], "pivot": [5, 0, -2], "rotation": [0, -135, -10], "uv": [16, 61]},
						{"origin": [-2, 0, 4], "size": [7, 1, 4], "pivot": [5, 0, 4], "rotation": [0, -135, -10], "uv": [55, 36]},
						{"origin": [-2, 0, 7], "size": [7, 1, 4], "pivot": [5, 0, 7], "rotation": [0, -135, -10], "uv": [55, 31]},
						{"origin": [-6, 0, 6], "size": [7, 1, 4], "pivot": [1, 0, 6], "rotation": [0, 147.5, -10], "uv": [54, 20]},
						{"origin": [-8, 0, 0], "size": [7, 1, 4], "pivot": [-1, 0, 0], "rotation": [0, 80, -10], "uv": [50, 44]},
						{"origin": [-9, 0, 0], "size": [7, 1, 4], "pivot": [-2, 0, 0], "rotation": [0, 47.5, -10], "uv": [50, 26]},
						{"origin": [-12, 0, 0], "size": [7, 1, 4], "pivot": [-5, 0, 0], "rotation": [0, 47.5, -10], "uv": [50, 0]},
						{"origin": [-2, 0, -3], "size": [7, 1, 4], "pivot": [5, 0, -3], "rotation": [0, -97.5, 7.5], "uv": [20, 56]},
						{"origin": [-5, 0, -3], "size": [6, 1, 4], "pivot": [1, 0, -3], "rotation": [0, -97.5, 7.5], "uv": [0, 62]},
						{"origin": [-9, 0, -5], "size": [7, 1, 4], "pivot": [-2, 0, -5], "rotation": [0, -10, 5], "uv": [38, 61]}
					]
				},
				{
					"name": "stem",
					"parent": "pepper_pult",
					"pivot": [0, 0, 0],
					"cubes": [
						{"origin": [-2, 13, -2], "size": [4, 1, 4], "uv": [66, 5]},
						{"origin": [-2.07406, 20.12682, 1.37516], "size": [2, 10, 2], "pivot": [-1.07406, 20.12682, 2.37516], "rotation": [-105, 0, 0], "uv": [0, 67]},
						{"origin": [-1, 13, -2], "size": [2, 9, 2], "pivot": [0, 13, -1], "rotation": [-30, 0, -7.5], "uv": [8, 67]}
					]
				},
				{
					"name": "pult",
					"parent": "pepper_pult",
					"pivot": [0, 0, 0],
					"cubes": [
						{"origin": [-5.5, 19.5, 5], "size": [10, 9, 5], "pivot": [-1.07406, 18.12682, 9.37516], "rotation": [-105, 0, 0], "uv": [25, 30]},
						{"origin": [-5.07406, 20.12682, 4.37516], "size": [9, 8, 6], "pivot": [-1.07406, 18.12682, 9.37516], "rotation": [-105, 0, 0], "uv": [0, 21]},
						{"origin": [-0.5, 21, 13], "size": [4, 5, 4], "pivot": [0, 21, 13], "rotation": [-25, 0, -10], "uv": [64, 66]},
						{"origin": [-4.5, 22, 13], "size": [4, 5, 4], "pivot": [-4, 22, 13], "rotation": [-25, 0, 10], "uv": [48, 66]},
						{"origin": [-1.5, 25, 16], "size": [2, 4, 2], "pivot": [-2, 25, 16], "rotation": [-25, 0, 10], "uv": [0, 0]},
						{"origin": [-1.2, 28.57016, 17.69047], "size": [3, 3, 3], "pivot": [-1.37049, 28.57016, 17.69047], "rotation": [-57.5, 0, 10], "uv": [24, 0]},
						{"origin": [-4.5, 20, 16], "size": [4, 5, 4], "pivot": [-4, 20, 16], "rotation": [-5, 0, 10], "uv": [32, 66]},
						{"origin": [-0.5, 19, 16], "size": [4, 5, 4], "pivot": [0, 19, 16], "rotation": [-5, 0, -15], "uv": [16, 66]}
					]
				},
				{
					"name": "fire",
					"parent": "pepper_pult",
					"pivot": [0, 0, 0],
					"cubes": [
						{"origin": [-1, 21, 21], "size": [2, 4, 1], "pivot": [0, 21, 21], "rotation": [-10, 0, 0], "uv": [52, 75]},
						{"origin": [1, 22, 22], "size": [2, 4, 1], "pivot": [2, 22, 22], "rotation": [-10, 0, 0], "uv": [46, 75]},
						{"origin": [2, 21, 22], "size": [2, 4, 1], "pivot": [3, 21, 22], "rotation": [-10, 25, 0], "uv": [40, 75]},
						{"origin": [5, 21, 19], "size": [2, 4, 1], "pivot": [6, 21, 19], "rotation": [-10, 25, 0], "uv": [34, 75]},
						{"origin": [6, 25, 19], "size": [2, 4, 1], "pivot": [7, 25, 19], "rotation": [-10, 57.5, 0], "uv": [38, 55]},
						{"origin": [6, 30, 23], "size": [2, 4, 1], "pivot": [7, 30, 23], "rotation": [-10, 57.5, 0], "uv": [0, 21]},
						{"origin": [8, 25, 15], "size": [2, 4, 1], "pivot": [9, 25, 15], "rotation": [-10, 57.5, 0], "uv": [30, 44]},
						{"origin": [-2, 25, 25], "size": [2, 4, 1], "pivot": [-1, 25, 25], "rotation": [-10, 20, 0], "uv": [15, 35]},
						{"origin": [4, 22, 21], "size": [2, 4, 1], "pivot": [5, 22, 21], "rotation": [-10, 25, 0], "uv": [28, 75]},
						{"origin": [2, 24, 23], "size": [2, 4, 1], "pivot": [3, 24, 23], "rotation": [-10, 25, 0], "uv": [44, 55]},
						{"origin": [2, 29, 26], "size": [2, 4, 1], "pivot": [3, 29, 26], "rotation": [-10, 25, 0], "uv": [24, 21]},
						{"origin": [4, 19, 19], "size": [2, 4, 1], "pivot": [5, 19, 19], "rotation": [-10, 25, 0], "uv": [22, 75]},
						{"origin": [2, 19, 21], "size": [2, 4, 1], "pivot": [3, 19, 21], "rotation": [-10, 25, 0], "uv": [16, 75]},
						{"origin": [0, 19, 20], "size": [2, 4, 1], "pivot": [1, 19, 20], "rotation": [-10, -2.5, 0], "uv": [74, 41]},
						{"origin": [1, 19, 21], "size": [2, 4, 1], "pivot": [2, 19, 21], "rotation": [-10, -2.5, 0], "uv": [73, 29]},
						{"origin": [1, 19, 19], "size": [2, 4, 1], "pivot": [2, 19, 19], "rotation": [-10, -2.5, 0], "uv": [72, 0]},
						{"origin": [3, 19, 20], "size": [2, 4, 1], "pivot": [4, 19, 20], "rotation": [-10, -2.5, 0], "uv": [71, 15]},
						{"origin": [5, 19, 18], "size": [2, 4, 1], "pivot": [6, 19, 18], "rotation": [-10, 65, 0], "uv": [71, 10]},
						{"origin": [3, 17, 17], "size": [2, 4, 1], "pivot": [4, 17, 17], "rotation": [-10, 65, 0], "uv": [70, 54]},
						{"origin": [4, 19, 17], "size": [2, 4, 1], "pivot": [5, 19, 17], "rotation": [-10, 65, 0], "uv": [68, 41]},
						{"origin": [5, 21, 17], "size": [2, 4, 1], "pivot": [6, 21, 17], "rotation": [-10, 65, 0], "uv": [68, 25]}
					]
				}
			]
		}
	]
}