{
	"format_version": "1.12.0",
	"minecraft:geometry": [
		{
			"description": {
				"identifier": "geometry.puffshroom",
				"texture_width": 80,
				"texture_height": 80,
				"visible_bounds_width": 2,
				"visible_bounds_height": 3,
				"visible_bounds_offset": [0, 0.5, 0]
			},
			"bones": [
				{
					"name": "puffshroom",
					"pivot": [0, 0, 0],
					"rotation": [0, 90, 0]
				},
				{
					"name": "base",
					"parent": "puffshroom",
					"pivot": [0, 0, 0]
				},
				{
					"name": "upper",
					"parent": "base",
					"pivot": [0, 0, 0],
					"cubes": [
						{"origin": [-3.7, 7, -3.5], "size": [7, 1, 7], "pivot": [-3.46789, 7.18274, -3.25], "rotation": [0, 0, -3], "uv": [33, 15]},
						{"origin": [-5.7, 7.5, -5.5], "size": [11, 1, 11], "pivot": [-3.46789, 8.18274, -3.25], "rotation": [0, 0, -3], "uv": [0, 29]},
						{"origin": [-6.7, 8, -6.5], "size": [13, 2, 13], "pivot": [-3.46789, 9.18274, -3.25], "rotation": [0, 0, -3], "uv": [0, 0]},
						{"origin": [-5.7, 9, -5.5], "size": [11, 3, 11], "pivot": [-3.46789, 10.18274, -3.25], "rotation": [0, 0, -3], "uv": [0, 15]},
						{"origin": [-4.7, 10, -4.5], "size": [9, 3, 9], "pivot": [-3.46789, 11.18274, -3.25], "rotation": [0, 0, -3], "uv": [35, 35]},
						{"origin": [-3.2, 11, -3], "size": [6, 3, 6], "pivot": [-3.46789, 12.18274, -3.25], "rotation": [0, 0, -3], "uv": [0, 41]}
					]
				},
				{
					"name": "lower",
					"parent": "base",
					"pivot": [0, 0, 0],
					"cubes": [
						{"origin": [-3.5, 0, -3.5], "size": [7, 1, 7], "uv": [39, 0]},
						{"origin": [-3.25, 0.8, -3.25], "size": [6.5, 6.5, 6.5], "pivot": [0, 1, 0], "rotation": [0, 0, -2], "uv": [38, 23]},
						{"origin": [2, 2.8, -1.25], "size": [2, 2, 2.5], "pivot": [5, 1, 0], "rotation": [0, 0, -2], "uv": [4, 4]},
						{"origin": [4.5, 2.4, -1.6], "size": [0, 3, 3.2], "pivot": [6, 1, 0], "rotation": [0, 0, -2], "uv": [17, 62]},
						{"origin": [3.9, 2.4, -1.6], "size": [0.5, 3, 3.2], "pivot": [6, 1, 0], "rotation": [0, 0, -2], "uv": [48, 23]},
						{"origin": [4.5, 5.1, -1.6], "size": [0.5, 0.5, 3.2], "pivot": [6, 1, 0], "rotation": [0, 0, -2], "uv": [4, 4]},
						{"origin": [4.5, 2.2, -1.6], "size": [0.5, 0.5, 3.2], "pivot": [6, -2, 0], "rotation": [0, 0, -2], "uv": [4, 4]},
						{"origin": [4.5, 2.4, 1.4], "size": [0.5, 3, 0.5], "pivot": [6, -2, 3], "rotation": [0, 0, -2], "uv": [5, 4]},
						{"origin": [4.5, 2.4, -1.9], "size": [0.5, 3, 0.5], "pivot": [6, -2, 0], "rotation": [0, 0, -2], "uv": [5, 4]}
					]
				}
			]
		}
	]
}