{
	"format_version": "1.12.0",
	"minecraft:geometry": [
		{
			"description": {
				"identifier": "geometry.regular_zombie_body",
				"texture_width": 64,
				"texture_height": 64,
				"visible_bounds_width": 3,
				"visible_bounds_height": 3,
				"visible_bounds_offset": [0, 1.5, 0]
			},
			"bones": [
				{
					"name": "bone",
					"pivot": [0, 1, 11],
					"rotation": [87.5, 0, 0]
				},
				{
					"name": "rightLeg",
					"parent": "bone",
					"pivot": [-1.9, 13, 11],
					"rotation": [0, 5, 2],
					"cubes": [
						{"origin": [-6.90144, 7.29411, 9.46091], "size": [4, 5, 4], "pivot": [0, 1, 11.72222], "rotation": [0, 0, 15], "uv": [0, 16]},
						{"origin": [-6.8933, 0.25133, 9.46091], "size": [4, 12, 4], "inflate": 0.25, "pivot": [0, 1, 11.72222], "rotation": [0, 0, 12.5], "uv": [0, 32]}
					]
				},
				{
					"name": "bone4",
					"parent": "rightLeg",
					"pivot": [-2, 7.25, 10.5],
					"cubes": [
						{"origin": [-6.85789, 0.12584, 9.46091], "size": [4, 7, 4], "pivot": [0, 1, 11.72222], "rotation": [0, 0, 15], "uv": [0, 21]}
					]
				},
				{
					"name": "leftLeg",
					"parent": "bone",
					"pivot": [1.9, 13, 11],
					"rotation": [0, -7, -2],
					"cubes": [
						{"origin": [0, 8, 9.72222], "size": [4, 5, 4], "uv": [16, 48]},
						{"origin": [0, 1, 9.72222], "size": [4, 12, 4], "inflate": 0.25, "uv": [0, 48]}
					]
				},
				{
					"name": "bone5",
					"parent": "leftLeg",
					"pivot": [2, 8.25, 10.5],
					"cubes": [
						{"origin": [0, 1, 9.72222], "size": [4, 7, 4], "uv": [16, 53]}
					]
				},
				{
					"name": "body",
					"parent": "bone",
					"pivot": [0, 25, 10],
					"rotation": [5, -2, 0],
					"cubes": [
						{"origin": [-4, 13, 8.72222], "size": [8, 12, 4], "uv": [16, 16]},
						{"origin": [-4, 13, 7.72222], "size": [8, 12, 4], "inflate": 0.25, "uv": [16, 32]},
						{"origin": [-4, 13, 7.72222], "size": [8, 12, 4], "uv": [16, 16]},
						{"origin": [-4, 13, 9.72222], "size": [8, 12, 4], "uv": [16, 16]}
					]
				},
				{
					"name": "rightArm",
					"parent": "body",
					"pivot": [-5, 22.5, 10],
					"rotation": [-8, 0, 3],
					"cubes": [
						{"origin": [-8, 18, 8.72222], "size": [4, 7, 4], "uv": [40, 16]},
						{"origin": [-8, 13, 8.72222], "size": [4, 12, 4], "inflate": 0.25, "uv": [40, 32]}
					]
				},
				{
					"name": "bone2",
					"parent": "rightArm",
					"pivot": [-5, 20, 10],
					"cubes": [
						{"origin": [-8, 13, 8.72222], "size": [4, 7, 4], "uv": [40, 21]}
					]
				},
				{
					"name": "leftArm",
					"parent": "body",
					"pivot": [5, 22.5, 10],
					"rotation": [-8, 0, -3],
					"cubes": [
						{"origin": [4, 20, 8.72222], "size": [4, 5, 4], "uv": [40, 16]},
						{"origin": [7.89482, 12.09543, 8.61194], "size": [4, 12, 4], "inflate": 0.25, "pivot": [0, 1, 11.72222], "rotation": [0, 0, -10], "uv": [40, 16]}
					]
				},
				{
					"name": "bone3",
					"parent": "leftArm",
					"pivot": [5, 20, 10],
					"cubes": [
						{"origin": [-1.98908, 13.32175, 8.88765], "size": [4, 7, 4], "uv": [40, 16]}
					]
				},
				{
					"name": "head",
					"parent": "body",
					"pivot": [0, 25, 10],
					"rotation": [0, 0, -5]
				}
			]
		}
	]
}