{
	"format_version": "1.12.0",
	"minecraft:geometry": [
		{
			"description": {
				"identifier": "geometry.mound",
				"texture_width": 16,
				"texture_height": 16,
				"visible_bounds_width": 2,
				"visible_bounds_height": 1,
				"visible_bounds_offset": [0, 0, 0]
			},
			"bones": [
				{
					"name": "bone",
					"pivot": [0, 0, 0],
					"cubes": [
						{"origin": [-3, 2.3, -3], "size": [6, 1.4, 6], "pivot": [0, 2, 0], "rotation": [180, 0, 0], "uv": [0, 0]},
						{"origin": [-3.5, 1, -3.5], "size": [1, 1.4, 7], "uv": [0, 0]},
						{"origin": [2.5, 1, -3.5], "size": [1, 1.4, 7], "uv": [0, 0]},
						{"origin": [-3.5, 1, -2.5], "size": [1, 1.4, 7], "pivot": [-0.5, 1, 0.5], "rotation": [0, 90, 0], "uv": [0, 0]},
						{"origin": [-3.5, 1, -8.5], "size": [1, 1.4, 7], "pivot": [-0.5, 1, -5.5], "rotation": [0, 90, 0], "uv": [0, 0]}
					]
				}
			]
		}
	]
}