{
	"format_version": "1.10.0",
	"minecraft:client_entity": {
		"description": {
			"identifier": "pvz:cactus",
			"materials": {
				"default": "villager_v2"
			},
			"textures": {
				"default": "textures/entity/cactus"
			},
			"geometry": {
				"default": "geometry.cactus"
			},
			"render_controllers": [
				"controller.render.default"
			],
			"spawn_egg": {
        "texture": "cactus",
        "texture_index": 8
			},
			"scripts": {
				"animate": [
					"general"
				]
			},
			"animations": {
				"general": "controller.animation.cactus.general",
				"idle": "animation.cactus.idle",
				"attack": "animation.cactus.attack"
			}
		}
	}
}