{
	"format_version": "1.10.0",
	"minecraft:client_entity": {
		"description": {
			"identifier": "pvz:gatling_peashooter",
			"materials": {
				"default": "villager_v2"
			},
			"textures": {
				"default": "textures/entity/gatling_peashooter"
			},
			"geometry": {
				"default": "geometry.gatling_peashooter"
			},
			"render_controllers": [
				"controller.render.default"
			],
			"spawn_egg": {
        "texture": "gatling_peashooter",
        "texture_index": 15
			},
			"scripts": {
				"animate": [
					"general"
				]
			},
			"animations": {
				"general": "controller.animation.gatling_peashooter.general",
				"idle": "animation.gatling_peashooter.idle",
				"attack": "animation.gatling_peashooter.attack"
			}
		}
	}
}