{
	"format_version": "1.10.0",
	"minecraft:client_entity": {
		"description": {
			"identifier": "pvz:ice_shroom",
			"materials": {
				"default": "villager_v2"
			},
			"textures": {
				"default": "textures/entity/ice_shroom"
			},
			"geometry": {
				"default": "geometry.ice_shroom"
			},
			"render_controllers": [
				"controller.render.default"
			],
			"spawn_egg": {
        "texture": "ice",
        "texture_index": 42
			},
			"scripts": {
				"animate": [
					"general"
				]
			},
			"animations": {
				"general": "controller.animation.wallnut.general",
				"idle": "animation.ice_shroom.idle",
				"attack": "animation.wallnut.attack"
			}
		}
	}
}