{
	"format_version": "1.10.0",
	"minecraft:client_entity": {
		"description": {
			"identifier": "pvz:kernel_pult",
			"materials": {
				"default": "villager_v2"
			},
			"textures": {
				"default": "textures/entity/kernel_pult"
			},
			"geometry": {
				"default": "geometry.kernel_pult"
			},
			"render_controllers": [
				"controller.render.default"
			],
			"spawn_egg": {
        "texture": "kernel_pult",
        "texture_index": 25
			},
			"scripts": {
				"animate": [
					"general"
				]
			},
			"animations": {
				"general": "controller.animation.kernel_pult.general",
				"idle": "animation.kernel_pult.idle",
				"range_attack": "animation.kernel_pult.attack"
			}
		}
	}
}