{
	"format_version": "1.10.0",
	"minecraft:client_entity": {
		"description": {
			"identifier": "pvz:lightning_rod",
			"materials": {
				"default": "villager_v2"
			},
			"textures": {
				"default": "textures/entity/lightning_rod"
			},
			"geometry": {
				"default": "geometry.lightning_rod"
			},
			"render_controllers": [
				"controller.render.default"
			],
			"spawn_egg": {
        "texture": "lightning_reed",
        "texture_index": 37
			},
			"scripts": {
				"animate": [
					"general"
				]
			},
			"animations": {
				"general": "controller.animation.lightning_rod.general",
				"idle": "animation.lightning_rod.idle",
				"attack": "animation.lightning_rod.attack"
			}
		}
	}
}