{
	"format_version": "1.10.0",
	"minecraft:client_entity": {
		"description": {
			"identifier": "pvz:potato_mine",
			"materials": {
				"default": "villager_v2"
			},
			"textures": {
				"default": "textures/entity/potato_mine"
			},
			"geometry": {
				"default": "geometry.potato_mine"
			},
			"render_controllers": [
				"controller.render.default"
			],
			"spawn_egg": {
        "texture": "potato_mine",
        "texture_index": 10
			},
			"scripts": {
				"animate": [
					"general"
				]
			},
			"animations": {
				"general": "controller.animation.potato_mine.general",
				"idle": "animation.potato_mine.readying",
				"attack": "animation.nightshade.attack"
			}
		}
	}
}