{
	"format_version": "1.10.0",
	"minecraft:client_entity": {
		"description": {
			"identifier": "pvz:snapdragon",
			"materials": {
				"default": "villager_v2"
			},
			"textures": {
				"default": "textures/entity/snapdragon"
			},
			"geometry": {
				"default": "geometry.snapdragon"
			},
			"render_controllers": [
				"controller.render.default"
			],
			"spawn_egg": {
        "texture": "snapdragon",
        "texture_index": 31
			},
			"scripts": {
				"animate": [
					"general"
				]
			},
			"animations": {
				"general": "controller.animation.snapdraon.general",
				"idle": "animation.snapdagon.idle",
				"attack": "animation.snapragon.attack"
			}
		}
	}
}