{"format_version":"1.8.0","minecraft:client_entity":{"description":{"identifier":"ed:wasabi","materials":{"default":"skeleton"},"textures":{"default":"textures/entity/pamobile/ed_wasabi"},"geometry":{"default":"geometry.ed_wasabi"},"scripts":{"pre_animation":["variable.tcos0 = (Math.cos(query.modified_distance_moved * 38.17) * query.modified_move_speed / variable.gliding_speed_value) * 57.3;"]},"animations":{"humanoid_base_pose":"animation.humanoid.base_pose.v1.0","look_at_target_default":"animation.humanoid.look_at_target.default.v1.0","look_at_target_gliding":"animation.humanoid.look_at_target.gliding.v1.0","look_at_target_swimming":"animation.humanoid.look_at_target.swimming.v1.0","move":"animation.humanoid.move.v1.0","riding.arms":"animation.humanoid.riding.arms.v1.0","riding.legs":"animation.humanoid.riding.legs.v1.0","holding":"animation.humanoid.holding.v1.0","brandish_spear":"animation.humanoid.brandish_spear.v1.0","charging":"animation.humanoid.charging.v1.0","attack.rotations":"animation.wsb.attack.rotations","sneaking":"animation.humanoid.sneaking.v1.0","bob":"animation.humanoid.bob.v1.0","damage_nearby_mobs":"animation.humanoid.damage_nearby_mobs.v1.0","bow_and_arrow":"animation.humanoid.bow_and_arrow.v1.0","swimming":"animation.humanoid.swimming.v1.0","use_item_progress":"animation.humanoid.use_item_progress.v1.0","wither_skeleton_attack":"animation.wsb.fight"},"animation_controllers":[{"humanoid_base_pose":"controller.animation.humanoid.base_pose"},{"look_at_target":"controller.animation.humanoid.look_at_target"},{"move":"controller.animation.humanoid.move"},{"riding":"controller.animation.humanoid.riding"},{"holding":"controller.animation.humanoid.holding"},{"brandish_spear":"controller.animation.humanoid.brandish_spear"},{"charging":"controller.animation.humanoid.charging"},{"attack":"controller.animation.humanoid.attack"},{"sneaking":"controller.animation.humanoid.sneaking"},{"damage_nearby_mobs":"controller.animation.humanoid.damage_nearby_mobs"},{"bow_and_arrow":"controller.animation.humanoid.bow_and_arrow"},{"swimming":"controller.animation.humanoid.swimming"},{"use_item_progress":"controller.animation.humanoid.use_item_progress"},{"wither_skeleton_attack":"controller.animation.wither_skeleton.attack"}],"render_controllers":["controller.render.wither_skeleton"],"spawn_egg":{"texture":"ed:wasabi","texture_index":0}}}}