{
	"format_version": "1.10.0",
	"minecraft:client_entity": {
		"description": {
			"identifier": "gw:heal_flower",
			"materials": {
				"default": "villager_v2"
			},
			"textures": {
				"default": "textures/entities/heal_flower"
			},
			"geometry": {
				"default": "geometry.heal_flower"
			},
			"render_controllers": [
				"controller.render.default"
			],
			"spawn_egg": {
        "texture": "chili_bean_bomb",
        "texture_index": 8
			},
			"scripts": {
				"animate": [
					"general"
				]
			},
			"animations": {
				"general": "controller.animation.tallnut.general",
				"idle": "animation.tallnut.idle",
				"attack": "animation.tallnut.attack"
			}
		}
	}
}