{
	"format_version": "1.10.0",
	"minecraft:client_entity": {
		"description": {
			"identifier": "pvz:balloon_zombie",
			"materials": {
				"default": "zombie"
			},
			"textures": {
				"default": "textures/entity/balloon_zombie"
			},
			"geometry": {
				"default": "geometry.balloon_zombie"
			},
			"render_controllers": [
				"controller.render.default"
			],
      "spawn_egg": {
 				"base_color": "#1acee9",
				"overlay_color": "#b4d6db"
			},
			"scripts": {
				"animate": [
					"general"
				]
			},
			"animations": {
				"general": "controller.animation.pelican.general",
				"idle": "animation.balloon_zombie.idle",
				"attack": "animation.pelican_zombie.attack"
			}
		}
	}
}