{
	"format_version": "1.10.0",
	"minecraft:client_entity": {
		"description": {
			"identifier": "pvz:coconut_cannon",
			"materials": {
				"default": "villager_v2"
			},
			"textures": {
				"default": "textures/entity/coconut_cannon"
			},
			"geometry": {
				"default": "geometry.coconut_cannon"
			},
			"render_controllers": [
				"controller.render.default"
			],
			"spawn_egg": {
        "texture": "coconut_cannon",
        "texture_index": 38
			},
			"scripts": {
				"animate": [
					"general"
				]
			},
			"animations": {
				"general": "controller.animation.peashooter.general",
				"idle": "animation.peashooter.idle",
				"attack": "animation.peashooter.attack"
			}
		}
	}
}