{
	"format_version": "1.10.0",
	"minecraft:client_entity": {
		"description": {
			"identifier": "pvz:cob_cannon",
			"materials": {
				"default": "villager_v2"
			},
			"textures": {
				"default": "textures/entity/cob_cannon"
			},
			"geometry": {
				"default": "geometry.cob_cannon"
			},
			"render_controllers": [
				"controller.render.default"
			],
			"spawn_egg": {
        "texture": "cob_cannon",
        "texture_index": 54
			},
			"scripts": {
				"animate": [
					"general"
				]
			},
			"animations": {
				"general": "controller.animation.cold_snapdragon.general",
				"idle": "animation.cold_snapdragon.idle",
				"attack": "animation.cold_snapdragon.attack"
			}
		}
	}
}