{
	"format_version": "1.10.0",
	"minecraft:client_entity": {
		"description": {
			"identifier": "pvz:cherrybomb",
			"materials": {
				"default": "creeper"
			},
			"textures": {
				"default": "textures/entity/cherrybomb"
			},
			"geometry": {
				"default": "geometry.cherrybomb"
			},
			"render_controllers": [
				"controller.render.default"
			],
			"spawn_egg": {
        "texture": "cherrybomb",
        "texture_index": 11
			},
			"scripts": {
				"animate": [
					"general"
				]
			},
			"animations": {
				"general": "controller.animation.cherrybomb.eneral",
				"idle": "animation.cherrybombl.idle",
				"attack": "animation.cherrybmb.attack"
			}
		}
	}
}