{
  "format_version": "1.10.0",
  "minecraft:client_entity": {
    "description": {
      "identifier": "pvz:potato_mine",
      "materials": {
        "default": "villager_v2"
      },
      "textures": {
        "default": "textures/entity/potato_mine",
       "readying": "textures/entity/potato_mine2"
      },
      "geometry": {
        "default": "geometry.potato_mine"
      },
      "spawn_egg": {
        "texture": "potato_mine",
        "texture_index": 10
      },
      "scripts": {
        "animate": [

          {
            "readying": "query.is_baby"
          }
        ]
      },
      "animations": {
        "readying": "animation.potato_mine.readying"
      },
      "render_controllers": [
        "controller.render.potato_mine"
      ],
      "enable_attachables": true
    }
  }
}