{
	"format_version": "1.10.0",
	"minecraft:client_entity": {
		"description": {
			"identifier": "pvz:spikeweed",
			"materials": {
				"default": "villager_v2"
			},
			"textures": {
				"default": "textures/entity/spikeweed"
			},
			"geometry": {
				"default": "geometry.spikeweed"
			},
			"render_controllers": [
				"controller.render.default"
			],
			"spawn_egg": {
        "texture": "spikeweed",
        "texture_index": 30
			},
			"scripts": {
				"animate": [
					"general"
				]
			},
			"animations": {
				"general": "controller.animation.spikeweed.general",
				"idle": "animation.spikeweed.idle",
				"attack": "animation.spikeweed.attack"
			}
		}
	}
}