{
	"format_version": "1.10.0",
	"minecraft:client_entity": {
		"description": {
			"identifier": "pvz:sunshroom",
			"materials": {
				"default": "villager_v2"
			},
			"textures": {
				"default": "textures/entity/sunflower"
			},
			"geometry": {
				"default": "geometry.sunflower"
			},
			"render_controllers": [
				"controller.render.default"
			],
			"spawn_egg": {
        "texture": "sunshroom",
        "texture_index": 19
			},
			"scripts": {
				"animate": [
					"general",
					{
						"readying": "query.is_baby"
					}
				]
			},
			"animations": {
				"readying": "animation.sunshroom.readying",
				"general": "controller.animation.sunshroom.general",
				"idle": "animation.sunshroom.idle"
			}
		}
	}
}