{
  "format_version": "1.8.0",
  "minecraft:entity": {
    "description": {
      "scripts": {
        "animate": [
          ""
        ]
      },
      "animations": {
        "": "controller.animation."
      },
      "identifier": "pvz:snow_pea",
      "is_spawnable": false,
      "is_summonable": true,
      "is_experimental": false,
      "runtime_identifier": "minecraft:snowball"
    },
    "component_groups": {
      "despawn": {
        "minecraft:despawn": {}
      },
      "snow": {
        "minecraft:variant": {
          "value": 1
        }, 
        "minecraft:projectile": {
          "onHit": {
            "impact_damage": {
              "filter": "monster",
              "damage": [ 4, 4 ],
              "knockback": true,
              "semirandomdiffdamage": false,
              "destroyonhit": true
            },
            "mob_effect": {
              "effect": "slowness",
              "durationeasy": 100,
              "durationnormal": 90,
              "durationhard": 80,
              "amplifier": 2
            },
            "remove_on_hit": {}
          },
          "power": 1.6,
          "destroyOnHurt": true,
          "critParticleOnHurt": true,
          "gravity": 0.0,
          "anchor": 1,
          "uncertainty_base": 25,
          "offset": [
            0,
            0.99,
            0
          ]
        }
      },
      "goo": {
        "minecraft:variant": {
          "value": 2
        }, 
        "minecraft:projectile": {
          "onHit": {
            "impact_damage": {
              "filter": "monster",
              "damage": 6,
              "knockback": true,
              "semirandomdiffdamage": false,
              "destroyonhit": true
            },
            "mob_effect": {
              "effect": "wither",
              "durationeasy": 60,
              "durationnormal": 60,
              "durationhard": 60,
              "amplifier": 3
            },
            "remove_on_hit": {}
          },
          "power": 1.6,
          "destroyOnHurt": true,
          "critParticleOnHurt": true,
          "gravity": 0.0,
          "uncertainty_base": 25,
          "anchor": 1,
          "offset": [
            0,
            0.99,
            0
          ]
        }
      },
      "threepeater": {
        "minecraft:variant": {
          "value": 0
        }, 
        "minecraft:projectile": {
          "onHit": {
            "impact_damage": {
              "filter": "monster",
              "damage": [ 2, 4 ],
              "knockback": true,
              "semirandomdiffdamage": false,
              "destroyonhit": false
            }
          },
          "power": 1.6,
          "destroyOnHurt": false,
          "critParticleOnHurt": true,
          "gravity": 0,
          "anchor": 1,
          "uncertainty_base": 25,
          "uncertainty_multiplier": 4,
          "offset": [
            0,
            0.99,
            0
          ],
          "angle_offset": 0.99
        },
        "minecraft:spawn_entity": [
          {
            "min_wait_time": 0,
            "max_wait_time": 0,
            "single_use": true,
            "spawn_entity": "unused:entity",
            "spawn_sound": "ffgg",
            "num_to_spawn": 1
          }
        ]
      }
    },
    "components": {
      "minecraft:variant": {
        "value": 0
      }, 
      "minecraft:type_family": {
        "family": [
          "player"
        ]
      },
      "minecraft:collision_box": {
        "width": 0.15,
        "height": 0.15
      },
      "minecraft:projectile": {
        "onHit": {
          "impact_damage": {
            "filter": "monster",
            "damage": [ 2, 4 ],
            "knockback": true,
            "semirandomdiffdamage": false,
            "destroyonhit": true
          },
          "remove_on_hit": {}
        },
        "power": 1.6,
        "gravity": 0.0,
        "anchor": 1,
        "uncertainty_base": 25,
        "offset": [
          0,
          0.95,
          0
        ],
        "angle_offset": 0.99
      },
      "minecraft:damage_sensor": [
        {
          "on_damage": {
            "filters": {
              "test": "is_family",
              "subject": "other",
              "value": "plant"
            }
          },
          "deals_damage": false
        }
      ],
      "minecraft:physics": {},
      "minecraft:timer": {
        "looping": false,
        "time": 4,
        "time_down_event": {
          "event": "minecraft:despawn_event"
        }
      }
    },
    "events": {
      "minecraft:threepeater": {
        "add": {
          "component_groups": [
            "threepeater"
          ]
        }
      },
      "minecraft:despawn_event": {
        "add": {
          "component_groups": [
            "despawn"
          ]
        }
      },
      "minecraft:test": {
        "add": {
          "component_groups": [
            "threepeater"
          ]
        }
      },
      "minecraft:entity_spawned": {
        "sequence": [
          {
            "filters": {
              "test": "is_family",
              "subject": "other",
              "value": "freeze"
            },
            "add": {
              "component_groups": [
                "snow"
              ]
            }
          },
          {
            "filters": {
              "test": "is_family",
              "subject": "other",
              "value": "goofamily"
            },
            "add": {
              "component_groups": [
                "goo"
              ]
            }
          },
          {
            "filters": {
              "test": "is_family",
              "subject": "other",
              "value": "threepeater"
            },
            "add": {
              "component_groups": [
                "threepeater2"
              ]
            }
          }
        ]
      }
    }
  }
}