{
	"format_version": "1.8.0",
	"animations": {
		"animation.cherrybomb.idle": {
       "loop": true,
			"animation_length": 1.8,
			"bones": {
				"cherrybomb": {
					"rotation": {
						"0.0": [0, 0, 0],
						"0.6": [-5, 0, 0],
						"1.2": [0, 0, 0],
						"1.8": [-5, 0, 0]
					},
					"position": [0, 0, 0],
					"scale": 1
				},
				"heads": {
					"rotation": {
						"0.0": [0, 0, 0],
						"1.8": [0, 0, 0]
					},
					"position": [0, 0, 0],
					"scale": {
						"0.0": [1, 1, 1],
						"0.6": [1.1, 1.2, 1],
						"1.2": [1, 1.1, 1],
						"1.8": [1.1, 1.2, 1]
					}
				}
			}
		}
	}
}