{
	"format_version": "1.8.0",
	"animations": {
		"animation.endurian.idle": {
       "loop": true,
			"animation_length": 1.8,
			"bones": {
				"endurian": {
					"rotation": {
						"0.0": [0, 0, 0],
						"0.6": [-10, 0, 0],
						"1.2": [5, 0, 0],
						"1.8": [0, 0, 0]
					}
				}
			}
		},
		"animation.endurian.attack": {
			"animation_length": 1.8,
			"bones": {
				"endurian": {
					"rotation": {
						"0.0": [0, 0, 0],
						"0.6": [5, 0, 0],
						"1.2": [0, 0, 0],
						"1.8": [0, 0, 0]
					}
				},
				"spikes": {
					"scale": {
						"0.0": [1, 1, 1],
						"0.6": [1.1, 1, 1],
						"1.2": [0.9, 1, 1],
						"1.8": [1.2, 1, 1]
					}
				}
			}
		}
	}
}