{
	"format_version": "1.8.0",
	"animations": {
		"animation.fumeshroom.idle": {
       "loop": true,
			"animation_length": 1.8,
			"bones": {
				"fumeshroom": {
					"rotation": {
						"0.0": [0, 0, 0],
						"0.6": [-5, 0, 0],
						"1.2": [5, 0, 0],
						"1.8": [-2.5, 0, 0]
					},
					"position": {
						"0.0": [0, 0, 0],
						"0.6": [0, 0, 0]
					}
				},
				"upper": {
					"rotation": {
						"0.0": [0, 0, 0],
						"0.6": [-5, 0, 0],
						"1.2": [0, 0, 0],
						"1.8": [2.5, 0, 0]
					},
					"position": {
						"0.0": [0, 0, 0],
						"0.6": [0, 0, -1],
						"1.2": [0, 0, 1]
					}
				}
			}
		},
		"animation.fumeshroom.attack": {
			"loop": true
		}
	}
}