{
  "format_version": "1.8.0",
  "animations": {
    "animation.mzombie.look_at_target": {
      "loop": true,
      "bones": {
        "head": {
          "relative_to": { "rotation": "entity" },
          "rotation": [ "query.target_x_rotation - this", "query.target_y_rotation -this", 0.0 ]
        }
      }
    },
    "animation.mzombie.look_at_target_head": {
      "loop": true,
      "bones": {
        "head": {
          "relative_to": { "rotation": "entity" },
          "rotation": [ "query.target_x_rotation - this", "query.target_y_rotation - this", 0.0 ]
 
        }
      }
    },
    

    
		"animation.mzombie.smash": {
			"loop": true,
			"animation_length": 1.67,
			"bones": {
				"body": {
					"rotation": {
						"0.0": [10, 0, 0],
						"0.1667": [15, 0, 0],
						"0.2833": [0, 0, 0],
						"0.4": [-5, 0, 0],
						"0.75": [-10, 0, 0],
						"0.9667": [80, 0, 0],
						"1.0833": [75, 0, 0],
						"1.4333": [5, 0, 0],
						"1.5167": [5.55, 0, 0],
						"1.6": [10, 0, 0],
						"1.67": [10, 0, 0]
					},
					"position": [0, -1, 0]
				},
				"topbody": {
					"rotation": {
						"0.0": [15, 0, 0],
						"0.1667": [25, 0, 0],
						"0.2833": [-15, 0, 0],
						"0.4": [-20, 0, 0],
						"0.75": [-25, 0, 0],
						"0.9667": [40, 0, 0],
						"1.0833": [45, 0, 0],
						"1.4333": [10, 0, 0],
						"1.4833": [12.5, 0, 0],
						"1.6": [15, 0, 0],
						"1.67": [15, 0, 0]
					}
				},
				"head": {
					"rotation": {
						"0.0": [-25, 0, 0],
						"0.1667": [-13, 0, 0],
						"0.2833": [-38, 0, 0],
						"0.5167": [32, 0, 0],
						"0.75": [42, 0, 0],
						"0.9667": [-78, 0, 0],
						"1.4333": [-15, 0, 0],
						"1.6": [-25, 0, 0],
						"1.67": [-25, 0, 0]
					}
				},
				"leftarm": {
					"rotation": {
						"0.0": [-25, 0, -15],
						"0.1667": [-5, -25, -15],
						"0.2833": [-60, -5, -15],
						"0.4": [-115, -5, -15],
						"0.75": [-160, -5, -15],
						"0.9667": [-140, -5, -15],
						"1.0833": [-140, -5, -15],
						"1.4333": [-20, 0, -15],
						"1.6": [-25, 0, -15],
						"1.67": [-25, 0, -15]
					}
				},
				"leftarm2": {
					"rotation": {
						"0.0": [-45, 0, 0],
						"0.7": [-60, 0, 0],
						"0.9167": [-85, 0, 0],
						"0.9667": [-55, 0, 0],
						"1.4333": [-45, 0, 0],
						"1.6": [-45, 0, 0],
						"1.67": [-45, 0, 0]
					}
				},
				"rightarm": {
					"rotation": {
						"0.0": [-25, 0, 15],
						"0.1667": [-5, 25, 15],
						"0.2833": [-60, -5, 15],
						"0.4": [-115, -5, 15],
						"0.75": [-160, -5, 15],
						"0.9667": [-145, -5, 15],
						"1.0833": [-150, -5, 15],
						"1.4333": [-20, 0, 15],
						"1.6": [-25, 0, 15],
						"1.67": [-25, 0, 15]
					}
				},
				"rightarm2": {
					"rotation": {
						"0.0": [-45, 0, 0],
						"0.7": [-55, 0, 0],
						"0.9167": [-90, 0, 0],
						"0.9667": [-45, 0, 0],
						"1.4333": [-45, 0, 0],
						"1.6": [-45, 0, 0],
						"1.67": [-45, 0, 0]
					}
				},
				"rightleg": {
					"rotation": {
						"0.0": [-25, 0, 0],
						"1.4333": [-25, 0, 0],
						"1.6": [-25, 0, 0],
						"1.67": [-25, 0, 0]
					},
					"position": [0, -1, 0]
				},
				"rightleg2": {
					"rotation": [25, 0, 0],
					"position": [0, 0, 0]
				},
				"leftleg": {
					"rotation": [-25, 0, 0],
					"position": [0, -1, 0]
				},
				"leftleg2": {
					"rotation": [25, 0, 0],
					"position": [0, 0, 0]
				}
			}
		},

    "animation.mzombie.casting": {
      "loop": true,
      "animation_length": 4.5,
      "bones": {
    	"body": {
					"rotation": {
						"0.0": [10, 0, 0],
						"0.15": [25, 0, 0],
						"0.4": [5, 0, 0],
						"0.6167": [4.32, 0, 1.5],
						"0.9333": [3.71, 0, -1.5],
						"1.2833": [2.92, 0, 1.5],
						"1.6": [2.36, 0, -1.5],
						"2.0": [0, 0, 0],
						"2.5": [45, 0, 0],
						"4.0": [45, 0, 0],
						"4.5": [10, 0, 0]
					},
					"position": {
						"0.0": [0, -1, 0],
						"0.15": [0, -1, 0],
						"0.4": [0, 0, 0],
						"2.0": [0, 0, 0],
						"2.5": [0, -1, 0],
						"3.75": [0, -2, 0],
						"4.0": [0, -1, 0],
						"4.5": [0, -1, 0]
					}
				},
				"topbody": {
					"rotation": {
						"0.0": [15, 0, 0],
						"0.15": [65, 0, 0],
						"0.4": [-15, 0, 0],
						"0.6167": [-15.68, 0, 5],
						"0.9333": [-16.67, 0, -5],
						"1.2833": [-17.75, 0, 5],
						"1.6": [-18.75, 0, -5],
						"2.0": [-20, 0, 0],
						"2.6333": [45, 0, 0],
						"4.0": [45, 0, 0],
						"4.5": [15, 0, 0]
					},
					"position": {
						"2.6333": [0, 0, 0],
						"3.75": [0, -1, -1],
						"4.0": [0, 0, 0]
					}
				},
				"head": {
					"rotation": {
						"0.0": [-25, 0, 0],
						"0.15": [25, 0, 0],
						"0.4": [-45, 0, 0],
						"0.6167": [-65.73, -10, 0],
						"0.9333": [-66.8, 10, 0],
						"1.2833": [-67.97, -10, 0],
						"1.6": [-69.05, 10, 0],
						"1.8833": [-70, 0, 0],
						"2.8": [35, 0, 0],
						"4.0": [35, 0, 0],
						"4.5": [-25, 0, 0]
					},
					"position": {
						"2.8": [0, 0, 0],
						"3.75": [0, 0, -1],
						"4.0": [0, 0, 0]
					}
				},
				"leftarm": {
					"rotation": {
						"0.0": [-25, 0, -15],
						"0.15": [-80, 0, -25],
						"0.4": [25, -34, -25],
						"2.0": [25, -40, -25],
						"2.7": [-90, 0, 0],
						"4.0": [-90, 0, 0],
						"4.5": [-25, 0, -15]
					},
					"position": {
						"2.7": [0, 0, 0],
						"3.75": [0, 0, 2],
						"4.0": [0, 0, 0]
					}
				},
				"leftarm2": {
					"rotation": {
						"0.0": [-45, 0, 0],
						"0.15": [-85, 0, 0],
						"0.4": [-78, 0, 0],
						"2.0": [-68, 0, 0],
						"2.75": [0, 0, 0],
						"4.0": [0, 0, 0],
						"4.5": [-45, 0, 0]
					}
				},
				"rightarm": {
					"rotation": {
						"0.0": [-25, 0, 15],
						"0.15": [-80, 0, 25],
						"0.4": [15, 25, 25],
						"2.0": [25, 20, 25],
						"2.65": [-90, 0, 0],
						"4.0": [-90, 0, 0],
						"4.5": [-25, 0, 15]
					},
					"position": {
						"2.65": [0, 0, 0],
						"3.75": [0, 0, 2],
						"4.0": [0, 0, 0]
					}
				},
				"rightarm2": {
					"rotation": {
						"0.0": [-45, 0, 0],
						"0.15": [-85, 0, 0],
						"0.4": [-75, 0, 0],
						"2.0": [-60, 0, 0],
						"2.7": [0, 0, 0],
						"4.0": [0, 0, 0],
						"4.5": [-45, 0, 0]
					}
				},
				"rightleg": {
					"rotation": {
						"0.0": [-25, 0, 0],
						"0.15": [-35, 0, 0],
						"0.4": [-5, 0, 5],
						"4.0": [-5, 0, 5],
						"4.5": [-25, 0, 0]
					},
					"position": [0, -1, 0]
				},
				"rightleg2": {
					"rotation": {
						"0.0": [25, 0, 0],
						"0.15": [45, 0, 0],
						"0.4": [5, 0, 0],
						"4.0": [5, 0, 0],
						"4.5": [25, 0, 0]
					}
				},
				"leftleg": {
					"rotation": {
						"0.0": [-25, 0, 0],
						"0.15": [-35, 0, 0],
						"0.4": [-5, 0, -5],
						"4.0": [-5, 0, -5],
						"4.5": [-25, 0, 0]
					},
					"position": [0, -1, 0]
				},
				"leftleg2": {
					"rotation": {
						"0.0": [25, 0, 0],
						"0.15": [45, 0, 0],
						"0.4": [5, 0, 0],
						"4.0": [5, 0, 0],
						"4.5": [25, 0, 0]
					}
				}
			}
		},
    

    "animation.mzombie.attack_bare_hand": {
      "loop": true,
      "bones": {
        "rightArm": {
          "rotation": [
            "Math.sin(1.0 - Math.pow(1.0 - variable.attack_time, -10.0) * 180.0) * (variable.is_brandishing_spear ? -1.0 : 1.0 )",
            "variable.is_brandishing_spear ? 0.0 : variable.attack_body_rot_y * 2.0",
            0.0
          ]
        },
        "leftarm": {
          "rotation": [
            "Math.sin(1.0 - Math.pow(1.0 - variable.attack_time, 10.0) * 180.0) * (variable.is_brandishing_spear ? -1.0 : 1.0 )",
            "variable.is_brandishing_spear ? 0.0 : variable.attack_body_rot_y * -2.0",
            0.0
          ]
        }

      }
    },  
    
    
    "animation.mzombie.trident": {
      "loop": true,

      "bones": {

				"tridentR": {
					"rotation":	[0, 185, -15]
					
				},
				"rightarm": {
					"rotation":	[-75, 0, -15]
					
				},
				"rightarm2": {
					"rotation": [-60, 0, 0]
				}
			}
		},
    
    
    "animation.mzombie.general": {
      "loop": true,
       "animation_length": 4.0,
      "bones": {
    				"body": {
							"rotation": [10, 0, 0],
			
					"position": [0, -1, 0]
			     	
				},
				"topbody": {
							"rotation": [15, 0, 0]
   	                
				},
				"head": {
					"rotation": {
						"0.0": [0, 0, 0],
						"2.0": [0, 0, 0],
						"4.0": [0, 0, 0]
					}
				},
				"leftarm": {
					"rotation": {
						"0.0": [-25, 0, -15],
						"2.0": [-25, 0, -15],
						"4.0": [-25, 0, -15]
					}
				},
				"leftarm2": {
					"rotation": [-45, 0, 0]
				},
				"rightarm": {
					"rotation": {
						"0.0": [-25, 0, 15],
						"2.0": [-25, 0, 15],
						"4.0": [-25, 0, 15]
					}
				},
				"rightarm2": {
					"rotation": [-45, 0, 0]
				},
				"rightleg": {
					"rotation": [-25, 0, 0],
					"position": [0, -1, 0]
				},
				"rightleg2": {
					"rotation": [25, 0, 0],
					"position": [0, 0, 0]
				},
				"leftleg": {
					"rotation": [-25, 0, 0],
					"position": [0, -1, 0]
				},
				"leftleg2": {
					"rotation": [25, 0, 0],
					"position": [0, 0, 0]
				}
			}
		},
		
		
    "animation.mzombie.swim": {
      "loop": true,
       "animation_length": 4.0,
      "bones": {
    				"body": {
							"rotation": [-3, 0, 0],
			
					"position": [0, 0, 0]
			     	
				},
				"topbody": {
							"rotation": [-5, 0, 0]
   	                
				},
				"head": {
					"rotation": {
						"0.0": [0, 0, 0],
						"2.0": [0, 0, 0],
						"4.0": [0, 0, 0]
					}
				},
				"leftarm": {
					"rotation": {
						"0.0": [25, 0, -5],
						"2.0": [20, 0, -8],
						"4.0": [25, 0, -5]
					}
				},
				"leftarm2": {
					"rotation": [5, 0, 0]
				},
				"rightarm": {
					"rotation": {
						"0.0": [25, 0, 5],
						"2.0": [20, 0, 8],
						"4.0": [25, 0, 5]
					}
				},
				"rightarm2": {
					"rotation": [5, 0, 0]
				},
				"rightleg": {
					"rotation": [35, 0, 0],
					"position": [0, 0, 0]
				},
				"rightleg2": {
					"rotation": [-5, 0, 0],
					"position": [0, 0, 0]
				},
				"leftleg": {
					"rotation": [35, 0, 0],
					"position": [0, 0, 0]
				},
				"leftleg2": {
					"rotation": [-5, 0, 0],
					"position": [0, 0, 0]
				}
			}
		},


    "animation.mzombie.general_2": {

      
      "loop": true,
  
      "bones": {

        "leftarm": {
          "rotation": ["Math.cos(query.life_time * 55) * -4", "Math.cos(query.life_time * 60) * -4","Math.cos(query.life_time * 75) * -4"]
        },
        "rightarm": {
          "rotation": ["Math.cos(query.life_time * 50) * -4", "Math.cos(query.life_time * 65) * 4", "Math.cos(query.life_time * 75) * 4" ]
        },
    "body": {
          "rotation": ["Math.cos(query.life_time * 70) * -2", 0, 0]
        },
        "topbody": {
          "rotation": ["Math.cos(query.life_time * 75) * -2", 0, 0 ]
        }
      }
    },	
		
    "animation.mzombie.move": {
      "anim_time_update": "query.modified_distance_moved",

      "loop": true,
  
      "bones": {
      	 	      "body": {
          "rotation": [3, 0, 0]
        },
        "topbody": {
          "rotation": [6, 0, 0]
        },
      
      	 	      "rightarm": {
          "rotation": ["Math.cos(query.anim_time * 35 + 70) *50.0", 0, 5]
        },
        "leftarm": {
          "rotation": ["Math.cos(query.anim_time * 35 + 70) *-50.0", 0, -5]
        },
      	 	      "rightarm2": {
          "rotation": ["Math.cos(query.anim_time * 35 + 70) *25.0", 0, 0]
        },
        "leftarm2": {
          "rotation": ["Math.cos(query.anim_time * 35 + 70) *-25.0", 0, 0]
        },


        "leftleg": {
          "rotation": ["Math.cos(query.anim_time * 35 + 70) *50.0", 0, 0]
        },
        "rightleg": {
          "rotation": ["Math.cos(query.anim_time * 35 + 70) *-50.0", 0, 0]
        
        },
        "leftleg2": {
          "rotation": ["Math.cos(query.anim_time * 35 + 70) *15.0", 0, 0]
        },
        "rightleg2": {
          "rotation": ["Math.cos(query.anim_time * 35 + 70) *-15.0", 0, 0]
        
        }
      }
    },
    "animation.mzombie.move_legs": {
      "anim_time_update": "query.modified_distance_moved",

      "loop": true,
  
      "bones": {
      	 	      "body": {
          "rotation": [3, 0, 0]
        },
        "topbody": {
          "rotation": [6, 0, 0]
        },
      

        "leftarm": {
          "rotation": ["Math.cos(query.anim_time * 35 + 70) *-50.0", 0, -5]
        },

        "leftarm2": {
          "rotation": ["Math.cos(query.anim_time * 35 + 70) *-25.0", 0, 0]
        },


        "leftleg": {
          "rotation": ["Math.cos(query.anim_time * 35 + 70) *50.0", 0, 0]
        },
        "rightleg": {
          "rotation": ["Math.cos(query.anim_time * 35 + 70) *-50.0", 0, 0]
        
        },
        "leftleg2": {
          "rotation": ["Math.cos(query.anim_time * 35 + 70) *15.0", 0, 0]
        },
        "rightleg2": {
          "rotation": ["Math.cos(query.anim_time * 35 + 70) *-15.0", 0, 0]
        
        }
      }
    },
    "animation.mzombie.move_smash": {
      "anim_time_update": "query.modified_distance_moved",

      "loop": true,
  
      "bones": {


        "leftleg": {
          "rotation": ["Math.cos(query.anim_time * 35 + 70) *50.0", 0, 0]
        },
        "rightleg": {
          "rotation": ["Math.cos(query.anim_time * 35 + 70) *-50.0", 0, 0]
        
        },
        "leftleg2": {
          "rotation": ["Math.cos(query.anim_time * 35 + 70) *15.0", 0, 0]
        },
        "rightleg2": {
          "rotation": ["Math.cos(query.anim_time * 35 + 70) *-15.0", 0, 0]
        
        }
      }
    },
		"animation.mzombie.stunned_death": {
			"loop": true,
			"animation_length": 7,
			"bones": {
				"body": {
					"rotation": {
						"0.0": [10, 0, 0],
						"0.1667": [-5.95, 0, 0],
						"0.6": [24.4, 0, 0],
						"2.5167": [24.4, 0, 0],
						"3.0": [10, 0, 0],
						"3.4833": [10, 0, 0],
						"3.5667": [10, 0, -0.5],
						"3.7167": [10, 0, 0.5],
						"3.8833": [10, 0, -0.5],
						"4.0333": [10, 0, 0.5],
						"4.2": [15, 0, -0.5],
						"4.3667": [15, 0, 0.5],
						"4.5167": [20, 0, -0.5],
						"4.7167": [53.08, 0, -0.5],
						"4.8833": [76.54, 0, -0.5],
						"5.0333": [80, 0, -0.5],
						"7.0": [80, 0, -0.5]
					},
					"position": {
						"0.0": [0, -1, 0],
						"0.2833": [0, 5.7, 3],
						"0.6": [0, -9, 10],
						"0.8833": [0, -7, 11],
						"2.5167": [0, -7, 11],
						"2.9667": [0, 0.12, 0],
						"3.0833": [0, -1, 0],
						"3.7167": [0, -1, 0],
						"3.8833": [0, -1.5, 0],
						"4.5167": [0, -1.5, 0],
						"4.7167": [0, -12.82, 0.56],
						"4.8833": [0, -14.66, 1.28],
						"5.0333": [0, -15, 2],
						"5.2": [0, -13, 2],
						"7.0": [0, -13, 2]
					}
				},
				"topbody": {
					"rotation": {
						"0.0": [15, 0, 0],
						"0.2833": [3.78, 0, 0],
						"0.5833": [49.13, 0, 0],
						"2.0": [49.13, 0, 0],
						"2.5167": [49.13, 0, 0],
						"3.0": [15, 0, 0],
						"3.4833": [15, 0, 0],
						"3.6833": [15, 0, 0],
						"4.0": [30, 0, 0],
						"4.5167": [40, 0, 0],
						"5.0333": [10, 0, 0],
						"5.2833": [15, 0, 0],
						"7.0": [15, 0, 0]
					}
				},
				"head": {
					"rotation": {
						"0.0": [-15, 0, 0],
						"0.2833": [-37.9, 0, 0],
						"0.5833": [41.46, 0, 0],
						"1.8833": [41.46, 0, 0],
						"2.0": [-31.54, 0, 0],
						"2.4833": [-33.54, 0, 0],
						"3.0": [-25, 0, 0],
						"3.4833": [-25, 0, 0],
						"3.6833": [25, 0, 0],
						"4.0": [40, 0, 0],
						"4.5167": [40, 0, 0],
						"4.7167": [40, 0, 0],
						"4.8833": [0, 0, 0],
						"5.0333": [-35, 25, 0],
						"5.1667": [-35, 50, 0],
						"7.0": [-35, 50, 0]
					},
					"position": {
						"0.0": [0, 0, 0],
						"4.5167": [0, 0, 0],
						"4.8833": [0, 0, 1.38],
						"5.0333": [0, 0, 3.5],
						"5.1667": [0, 0, 2],
						"7.0": [0, 0, 2]
					}
				},
				"leftarm": {
					"rotation": {
						"0.0": [-25, 0, -5],
						"0.2833": [-40, -26.4, -5],
						"0.6": [-25, -8, -5],
						"0.7167": [-55, -8, -5],
						"1.8833": [-55, -8, -5],
						"2.0": [-60, -10, -5],
						"2.5167": [-60, -10, -5],
						"3.0333": [-25, 0, -15],
						"3.4833": [-25, 0, -15],
						"4.5167": [-50, 0, -5],
						"4.6333": [-80, -5, -5],
						"4.8333": [-155, -45, 25],
						"5.0333": [-180, -75, 50],
						"5.2": [-200, -105, 55],
						"7.0": [-200, -105, 55]
					}
				},
				"leftarm2": {
					"rotation": {
						"0.0": [-45, 0, 0],
						"0.2833": [-80, 0, 0],
						"0.6": [-50, 0, 0],
						"1.8833": [-55, 0, 0],
						"2.0": [-55, 0, 0],
						"2.5167": [-50, 0, 0],
						"3.0333": [-45, 0, 0],
						"3.4833": [-45, 0, 0],
						"4.5167": [-15, 0, 0],
						"4.6833": [-45, 0, 0],
						"5.0333": [-70, 0, 0],
						"5.2": [-70, 0, 0],
						"7.0": [-70, 0, 0]
					}
				},
				"rightarm": {
					"rotation": {
						"0.0": [-25, 0, 5],
						"0.2833": [-59.2, 26.4, 5],
						"0.5833": [-65, 12.92, 5],
						"0.7167": [-65, -2.08, 5],
						"2.4833": [-65, -2.08, 5],
						"3.0": [-25, 0, 15],
						"3.4833": [-25, 0, 15],
						"4.5167": [-45, 0, 5],
						"4.8": [-115, 0, -25],
						"5.0333": [-175, 0, -25],
						"5.2": [-160, 0, -25],
						"7.0": [-160, 0, -25]
					},
					"position": {
						"0.0": [0, 0, 0],
						"0.4": [0, 0, 1],
						"0.6": [0, 0.5, 1.5],
						"2.5": [0, 0, 1],
						"3.0": [0, 0, 0],
						"4.5167": [0, 0, 0],
						"4.8": [0, 0, 2.5],
						"5.0333": [0, 0, 2],
						"5.2": [0, 0, 0],
						"7.0": [0, 0, 0]
					}
				},
				"rightarm2": {
					"rotation": {
						"0.0": [-45, 0, 0],
						"0.5833": [-5, 0, 0],
						"0.6": [-5, 0, 0],
						"2.5167": [-5, 0, 0],
						"3.0333": [-45, 0, 0],
						"3.4833": [-45, 0, 0],
						"4.5167": [-25, 0, 0],
						"4.6333": [-50, 0, 0],
						"4.8833": [-60, 0, 0],
						"5.0333": [-25, 0, 0]
					}
				},
				"rightleg": {
					"rotation": {
						"0.0": [-25, 0, 0],
						"0.2833": [-65.6, 0, 0],
						"0.5833": [5, 0, 0],
						"2.5167": [5, 0, 0],
						"3.0": [-25, 0, 0],
						"3.4833": [-25, 0, 0],
						"4.5167": [-50, 0, 0],
						"4.6833": [20, -3.08, 0],
						"5.0333": [80, -10, 0],
						"5.2": [70, -10, 0],
						"7.0": [70, -10, 0]
					},
					"position": {
						"0.0": [0, -1, 0],
						"0.2833": [0, 5.47, 3.5],
						"0.6": [0, -8.5, 8],
						"0.8833": [0, -7.5, 10],
						"2.5167": [0, -7.5, 10],
						"3.0": [0, -1, 0],
						"3.4833": [0, -1, 0],
						"4.5167": [0, -3.5, 1],
						"4.6833": [0, -6, 1.31],
						"4.8833": [0, -14.83, 1.69],
						"5.0333": [0, -16.5, 2],
						"5.2": [0, -14.5, 2],
						"7.0": [0, -14.5, 2]
					}
				},
				"rightleg2": {
					"rotation": {
						"0.0": [25, 0, 0],
						"0.2833": [28.8, 0, 0],
						"0.5833": [85, 0, 0],
						"2.5167": [85, 0, 0],
						"3.0": [25, 0, 0],
						"3.4833": [25, 0, 0],
						"4.5167": [60, 0, 0],
						"5.0333": [20, 0, 0],
						"7.0": [20, 0, 0]
					},
					"scale": [1, 1, 1]
				},
				"leftleg": {
					"rotation": {
						"0.0": [-25, 0, 0],
						"0.2833": [-49, 0, 0],
						"0.5833": [-75, 0, 0],
						"2.5167": [-75, 0, 0],
						"3.0": [-25, 0, 0],
						"3.4833": [-25, 0, 0],
						"4.5167": [-50, 0, 0],
						"4.6833": [8.46, 1.54, 0],
						"5.0333": [75, 5, 0],
						"5.2": [70, 5, 0],
						"7.0": [70, 5, 0]
					},
					"position": {
						"0.0": [0, -1, 0],
						"0.2833": [0, 6.2, 2.5],
						"0.6": [0, -8, 8],
						"0.8833": [0, -7, 9],
						"2.5167": [0, -7, 9],
						"3.0": [0, -1, 0],
						"3.4833": [0, -1, 0],
						"4.5167": [0, -4.5, 0.5],
						"4.6833": [0, -4.54, 1.12],
						"4.8833": [0, -14.41, 1.89],
						"5.0333": [0, -16, 2.5],
						"5.2": [0, -14.5, 2.5],
						"7.0": [0, -14.5, 2.5]
					}
				},
				"leftleg2": {
					"rotation": {
						"0.0": [25, 0, 0],
						"0.2833": [19, 0, 0],
						"0.5833": [75, 0, 0],
						"2.5167": [75, 0, 0],
						"3.0": [25, 0, 0],
						"3.4833": [25, 0, 0],
						"4.5167": [65, 0, 0],
						"5.0333": [20, 0, 0],
						"7.0": [20, 0, 0]
					},
					"position": [0, 0, 0]
				}
			}
		},
    
		"animation.mzombie.item_roar": {
			"loop": true,
			"animation_length": 4.5,

			"bones": {
				"body": {
					"rotation": {
						"0.0": [10, 0, 0],
						"0.15": [25, 0, 0],
						"0.4": [5, 0, 0],
						"0.6167": [4.32, 0, 1.5],
						"0.9333": [3.71, 0, -1.5],
						"1.2833": [2.92, 0, 1.5],
						"1.6": [2.36, 0, -1.5],
						"2.0": [0, 0, 0],
						"2.5": [15, 0, 0],
						"4.0": [20, 0, 0],
						"4.5": [10, 0, 0]
					},
					"position": {
						"0.0": [0, -1, 0],
						"0.15": [0, -1, 0],
						"0.4": [0, 0, 0],
						"2.0": [0, 0, 0],
						"2.5": [0, -1, 0],
						"3.75": [0, -2, 0],
						"4.0": [0, -1, 0],
						"4.5": [0, -1, 0]
					}
				},
				"topbody": {
					"rotation": {
						"0.0": [15, 0, 0],
						"0.15": [65, 0, 0],
						"0.4": [-15, 0, 0],
						"0.6167": [-15.68, 0, 1],
						"0.9333": [-16.67, 0, -1],
						"1.2833": [-17.75, 0, 1],
						"1.6": [-18.75, 0, -1],
						"2.0": [-20, 0, 0],
						"2.6333": [30, 0, 0],
						"3.35": [30, 0, 0],
						"4.0": [30, 0, 0],
						"4.5": [15, 0, 0]
					}
				},
				"head": {
					"rotation": {
						"0.0": [-25, 0, 0],
						"0.15": [25, 0, 0],
						"0.4": [-35, 0, 0],
						"0.6167": [-35.73, -10, 0],
						"0.9333": [-36.8, 10, 0],
						"1.2833": [-37.97, -10, 0],
						"1.6": [-39.05, 10, 0],
						"1.8833": [-40, 0, 0],
						"2.8": [35, 0, 0],
						"3.4833": [35, 0, 0],
						"3.6333": [-25, 0, 0],
						"4.0": [-40, 0, 0],
						"4.5": [-25, 0, 0]
					},
					"position": {
						"2.8": [0, 0, 0],
						"3.75": [0, 0, -1],
						"4.0": [0, 0, 0]
					}
				},
				"leftarm": {
					"rotation": {
						"0.0": [-25, 0, -15],
						"0.15": [-80, 0, -25],
						"0.4": [25, -34, -25],
						"2.0": [-65, -20, -25],
						"2.7": [-45, 0, 0],
						"4.0": [-50, 0, 0],
						"4.5": [-25, 0, -15]
					}
				},
				"leftarm2": {
					"rotation": {
						"0.0": [-45, 0, 0],
						"0.15": [-85, 0, 0],
						"0.4": [-53, 0, 0],
						"1.0": [-78, 0, 0],
						"2.0": [-43, 0, 0],
						"2.75": [0, 0, 0],
						"4.0": [0, 0, 0],
						"4.5": [-45, 0, 0]
					}
				},
				"rightarm": {
					"rotation": {
						"0.0": [-25, 0, 15],
						"0.15": [-80, 0, 25],
						"0.4": [15, 25, 25],
						"1.0333": [-121, 22.25, 25],
						"2.0": [-125, 20, 25],
						"2.65": [-45, 0, 0],
						"4.0": [-60, 0, 0],
						"4.5": [-25, 0, 15]
					}
				},
				"rightarm2": {
					"rotation": {
						"0.0": [-45, 0, 0],
						"0.15": [-85, 0, 0],
						"0.4": [-35, 0, 0],
						"1.0333": [-23.75, 0, 0],
						"2.0": [0, 0, 0],
						"2.7": [0, 0, 0],
						"4.0": [-10, 0, 0],
						"4.5": [-45, 0, 0]
					}
				},
				"rightleg": {
					"rotation": {
						"0.0": [-25, 0, 0],
						"0.15": [-35, 0, 0],
						"0.4": [-5, 0, 5],
						"4.0": [-5, 0, 5],
						"4.5": [-25, 0, 0]
					},
					"position": [0, -1, 0]
				},
				"rightleg2": {
					"rotation": {
						"0.0": [25, 0, 0],
						"0.15": [45, 0, 0],
						"0.4": [5, 0, 0],
						"4.0": [5, 0, 0],
						"4.5": [25, 0, 0]
					}
				},
				"leftleg": {
					"rotation": {
						"0.0": [-25, 0, 0],
						"0.15": [-35, 0, 0],
						"0.4": [-5, 0, -5],
						"4.0": [-5, 0, -5],
						"4.5": [-25, 0, 0]
					},
					"position": [0, -1, 0]
				},
				"leftleg2": {
					"rotation": {
						"0.0": [25, 0, 0],
						"0.15": [45, 0, 0],
						"0.4": [5, 0, 0],
						"4.0": [5, 0, 0],
						"4.5": [25, 0, 0]
					}
				},
				"tridentR": {
					"rotation": {
						"0.0": [0, 0, 0],
						"0.1667": [0, 0, 0],
						"0.4": [0, 0, 0],
						"0.6333": [0, 0, 0],
						"1.0833": [0, 40, 0],
						"1.2333": [0, 50, 0],
						"2.0": [0, 50, 0],
						"2.6333": [0, 0, 0],
						"4.0": [0, 0, 0],
						"4.5167": [0, 0, 0]
					}
				}
			}
		},
    
    "animation.mzombie.raise": {
      "loop": false,
      "animation_length": 2.5,
      "bones": {
    	"body": {
					"rotation": {
						"0.0": [10, 0, 0],

						"2.0": [-15, 0, 0],
						"2.5": [10, 0, 0]
					},
					"position": {
						"0.0": [0, -1, 0],
						"2.5": [0, -1, 0]
					}
				},
				"topbody": {
					"rotation": {
						"0.0": [15, 0, 0],

						"2.0": [-10, 0, 0],

						"2.5": [15, 0, 0]
					}
				},
				"head": {
					"rotation": {
						"0.0": [0, 0, 0],

						"2.0": [-20, 0, 0],

						"2.5": [0, 0, 0]
					}
				},
				"rightleg": {
					"rotation": [-25, 0, 0],
					"position": [0, -1, 0]
				},
				"rightleg2": {
					"rotation": [25, 0, 0],
					"position": [0, 0, 0]
				},
				"leftleg": {
					"rotation": [-25, 0, 0],
					"position": [0, -1, 0]
				},
				"leftleg2": {
					"rotation": [25, 0, 0],
					"position": [0, 0, 0]
				},
				"leftarm": {
					"rotation": {
						"0.0": [-25, 0, -15],
						"0.15": [-80, 0, -25],
						"0.4": [-15, -34, -25],
						"2.0": [-75, -40, -25],
						"2.5": [-25, 0, -15]
					}
				},
				"leftarm2": {
					"rotation": {
						"0.0": [-45, 0, 0],
						"0.15": [-85, 0, 0],
						"0.4": [-78, 0, 0],
						"1.0": [-78, 0, 0],
						"2.0": [-68, 0, 0],
						"2.5": [-45, 0, 0]
					}
				},
				"rightarm": {
					"rotation": {
						"0.0": [-25, 0, 15],
						"0.15": [-80, 0, 25],
						"0.4": [-15, 25, 25],
						"2.0": [-75, 20, 25],
						"2.5": [-25, 0, 15]
					}
				},
				"rightarm2": {
					"rotation": {
						"0.0": [-45, 0, 0],
						"0.15": [-85, 0, 0],
						"0.4": [-75, 0, 0],
						"2.0": [-60, 0, 0],
						"2.5": [-45, 0, 0]
					}
				}
	
			}
		},
    "animation.mzombie.casting_2": {
      "loop": true,
      "animation_length": 4.5,
      "bones": {
    	"body": {
					"rotation": {
						"0.0": [10, 0, 0],
						"0.15": [25, 0, 0],
						"0.4": [5, 0, 0],
						"0.6167": [4.32, 0, 1.5],
						"0.9333": [3.71, 0, -1.5],
						"1.2833": [2.92, 0, 1.5],
						"1.6": [2.36, 0, -1.5],
						"2.0": [0, 0, 0],
						"2.5": [45, 0, 0],
						"4.0": [45, 0, 0],
						"4.5": [10, 0, 0]
					},
					"position": {
						"0.0": [0, -1, 0],
						"0.15": [0, -1, 0],
						"0.4": [0, 0, 0],
						"2.0": [0, 0, 0],
						"2.5": [0, -1, 0],
						"3.75": [0, -2, 0],
						"4.0": [0, -1, 0],
						"4.5": [0, -1, 0]
					}
				},
				"topbody": {
					"rotation": {
						"0.0": [15, 0, 0],
						"0.15": [65, 0, 0],
						"0.4": [-15, 0, 0],
						"0.6167": [-15.68, 0, 5],
						"0.9333": [-16.67, 0, -5],
						"1.2833": [-17.75, 0, 5],
						"1.6": [-18.75, 0, -5],
						"2.0": [-20, 0, 0],
						"2.6333": [45, 0, 0],
						"4.0": [45, 0, 0],
						"4.5": [15, 0, 0]
					},
					"position": {
						"2.6333": [0, 0, 0],
						"3.75": [0, -1, -1],
						"4.0": [0, 0, 0]
					}
				},
				"head": {
					"rotation": {
						"0.0": [-25, 0, 0],
						"0.15": [25, 0, 0],
						"0.4": [-45, 0, 0],
						"0.6167": [-65.73, -10, 0],
						"0.9333": [-66.8, 10, 0],
						"1.2833": [-67.97, -10, 0],
						"1.6": [-69.05, 10, 0],
						"1.8833": [-70, 0, 0],
						"2.8": [35, 0, 0],
						"4.0": [35, 0, 0],
						"4.5": [-25, 0, 0]
					},
					"position": {
						"2.8": [0, 0, 0],
						"3.75": [0, 0, -1],
						"4.0": [0, 0, 0]
					}
				},
				"leftarm": {
					"rotation": {
						"0.0": [-25, 0, -15],
						"0.15": [-80, 0, -25],
						"0.4": [-15, -34, -25],
						"2.0": [-75, -40, -25],
						"2.7": [-90, 0, 0],
						"4.0": [-90, 0, 0],
						"4.5": [-25, 0, -15]
					},
					"position": {
						"2.7": [0, 0, 0],
						"3.75": [0, 0, 2],
						"4.0": [0, 0, 0]
					}
				},
				"leftarm2": {
					"rotation": {
						"0.0": [-45, 0, 0],
						"0.15": [-85, 0, 0],
						"0.4": [-78, 0, 0],
						"1.0": [-78, 0, 0],
						"2.0": [-68, 0, 0],
						"2.75": [0, 0, 0],
						"4.0": [0, 0, 0],
						"4.5": [-45, 0, 0]
					}
				},
				"rightarm": {
					"rotation": {
						"0.0": [-25, 0, 15],
						"0.15": [-80, 0, 25],
						"0.4": [-15, 25, 25],
						"2.0": [-75, 20, 25],
						"2.65": [-90, 0, 0],
						"4.0": [-90, 0, 0],
						"4.5": [-25, 0, 15]
					},
					"position": {
						"2.65": [0, 0, 0],
						"3.75": [0, 0, 2],
						"4.0": [0, 0, 0]
					}
				},
				"rightarm2": {
					"rotation": {
						"0.0": [-45, 0, 0],
						"0.15": [-85, 0, 0],
						"0.4": [-75, 0, 0],
						"2.0": [-60, 0, 0],
						"2.7": [0, 0, 0],
						"4.0": [0, 0, 0],
						"4.5": [-45, 0, 0]
					}
				},
				"rightleg": {
					"rotation": {
						"0.0": [-25, 0, 0],
						"0.15": [-35, 0, 0],
						"0.4": [-5, 0, 5],
						"4.0": [-5, 0, 5],
						"4.5": [-25, 0, 0]
					},
					"position": [0, -1, 0]
				},
				"rightleg2": {
					"rotation": {
						"0.0": [25, 0, 0],
						"0.15": [45, 0, 0],
						"0.4": [5, 0, 0],
						"4.0": [5, 0, 0],
						"4.5": [25, 0, 0]
					}
				},
				"leftleg": {
					"rotation": {
						"0.0": [-25, 0, 0],
						"0.15": [-35, 0, 0],
						"0.4": [-5, 0, -5],
						"4.0": [-5, 0, -5],
						"4.5": [-25, 0, 0]
					},
					"position": [0, -1, 0]
				},
				"leftleg2": {
					"rotation": {
						"0.0": [25, 0, 0],
						"0.15": [45, 0, 0],
						"0.4": [5, 0, 0],
						"4.0": [5, 0, 0],
						"4.5": [25, 0, 0]
					}
				}
			}
		},
    
    "animation.mzombie.big_head": {
      "loop": true,
      "bones": {
        "head": { "scale": 1.4 },
        
        "rightleg2": { 
        "scale": 1.15 ,
    	"position": [0, 1, 0]  },
        "rightleg": { "scale": 1.05 },
        
        "leftleg2": { 
        "scale": 1.15 ,
        "position": [0, 1, 0] },
        
        "leftleg": { "scale": 1.05  },
        "rightarm2": { "scale": 1.15,	"position": [0, 1, 0] },
        "rightarm": { "scale": 1.05 },
        "leftarm2": { "scale": 1.15, "position": [0, 1, 0]  },
        "leftarm": { "scale": 1.05 }
      }
    }
  }
}
