{
	"format_version": "1.8.0",
	"animations": {
		"animation.shadow_peashooter.idle": {
       "loop": true,
			"animation_length": 3,
			"bones": {
				"stem": {
					"rotation": {
						"0.0": [0, 0, 0],
						"1.0": [-15, 0, 0],
						"2.0": [-5, 0, 0],
						"3.0": [0, 0, 0]
					},
					"position": {
						"0.0": [0, 0, 0],
						"1.0": [0, 0, 0],
						"2.0": [0, 0, 0],
						"3.0": [0, 0, 0]
					}
				},
				"head": {
					"rotation": {
						"0.0": [0, 0, 0],
						"0.48": [-2.4, -32.5, 0],
						"1.0": [-5, 0, 0],
						"1.52": [2.8, 22.5, 0],
						"2.0": [10, 0, 0],
						"2.44": [3.4, 0, 0],
						"3.0": [-5, 0, 0]
					},
					"position": {
						"0.0": [0, 0, 0],
						"1.0": [0, 0, 2],
						"2.0": [0, 0, 0],
						"3.0": [0, 0, 0]
					}
				},
				"abyssleaf": {
					"rotation": {
						"0.0": [5, 0, 0],
						"0.52": [-12.3, 0, 0],
						"1.0": [15, 0, 0],
						"1.52": [-7.5, 0, 0],
						"2.0": [7.5, 0, 0],
						"2.44": [-12.5, 0, 0],
						"3.0": [7.5, 0, 0]
					},
					"position": {
						"0.0": [0, 0, 2],
						"0.52": [0, 0, -1.96],
						"1.0": [0, 0, 4],
						"1.52": [0, 0, -1],
						"2.0": [0, 0, 2],
						"2.44": [0, 0, -3],
						"3.0": [0, 0, 3]
					}
				}
			}
		}
	}
}