{
	"format_version": "1.8.0",
	"animations": {
		"animation.snapdragon.idle": {
       "loop": true,
			"animation_length": 1.8,
			"bones": {
				"stem": {
					"rotation": {
						"0.0": [0, 0, 0],
						"0.6": [-10, 0, 0],
						"1.2": [20, 0, 0],
						"1.8": [5, 0, 0]
					},
					"position": {
						"0.0": [0, 0, 0],
						"0.6": [0, 0, 0]
					},
					"scale": 1
				},
				"leaves": {
					"rotation": {
						"0.0": [0, 0, 0],
						"0.6": [0, 0, 5],
						"1.2": [0, 0, -5],
						"1.8": [0, 0, 0]
					},
					"position": [0, 0, 0],
					"scale": 1
				},
				"body": {
					"rotation": {
						"0.0": [0, 0, 0],
						"0.6": [-10, 0, 0],
						"1.2": [0, 0, 0],
						"1.8": [-5, 0, 0]
					},
					"position": {
						"0.0": [0, 0, 0],
						"0.6": [0, 0, 2],
						"1.2": [0, 0, -4],
						"1.8": [0, 0, -1]
					},
					"scale": 1
				}
			}
		},
		"animation.snapdragon.attack": {
			"animation_length": 2,
			"bones": {
				"stem": {
					"rotation": {
						"0.0": [0, 0, 0],
						"0.6": [10, 0, 0],
						"1.4": [20, 0, 0],
						"2.0": [5, 0, 0]
					},
					"position": [0, 0, 0],
					"scale": 1
				},
				"leaves": {
					"rotation": {
						"0.0": [0, 0, 0],
						"0.6": [0, 0, 5],
						"1.2333": [0, 0, 0],
						"1.6": [0, 0, 5]
					},
					"position": [0, 0, 0]
				},
				"body": {
					"rotation": {
						"0.0": [0, 0, 0],
						"1.4": [-5, 0, 0],
						"2.0": [-5, 0, 0]
					},
					"position": {
						"0.0": [0, 0, 0],
						"1.4": [0, 0, -5],
						"2.0": [0, 0, -2]
					}
				},
				"upper": {
					"rotation": {
						"0.0": [0, 0, 0],
						"1.4": [-10, 0, 0],
						"2.0": [5, 0, 0]
					},
					"position": [0, 0, 0]
				},
				"lower": {
					"rotation": {
						"0.0": [0, 0, 0],
						"1.4": [10, 0, 0],
						"2.0": [5, 0, 0]
					},
					"position": [0, 0, 0]
				}
			}
		}
	}
}