{
	"format_version": "1.8.0",
	"animations": {
		"animation.sunshroom.idle": {
			"loop": true,
			"animation_length": 1.8,
			"bones": {
				"sunshroom": {
					"rotation": {
						"0.0": [0, 0, 0],
						"0.6": [0, 0, -5],
						"1.2": [0, 0, 5],
						"1.8": [0, 0, 0]
					},
					"position": [0, 0, 0],
					"scale": {
						"0.0": [1, 1, 1],
						"0.6": [1, 1, 1],
						"1.2": [1.1, 1, 1],
						"1.8": [1, 1, 1]
					}
				},
				"lower": {
					"rotation": [0, 0, 0]
				}
			}
		},
		"animation.sunshroom.readying": {
			"loop": true,
			"bones": {
				"sunshroom": {
					"scale": [0.6, 0.6, 0.6]
				}
			}
		}
	}
}