{
	"format_version": "1.8.0",
	"animations": {
		"animation.twin_sunflower.idle": {
       "loop": true,
			"animation_length": 1.8,
			"bones": {
				"sunflower": {
					"rotation": {
						"0.0": [0, 0, 0],
						"0.6": [0, 0, 10],
						"1.2": [0, 0, -5],
						"1.8": [0, 0, 5]
					},
					"position": [0, 0, 0],
					"scale": 1
				},
				"leaves": {
					"rotation": {
						"0.0": [0, 0, 0],
						"0.6": [0, 0, 10],
						"1.2": [0, 0, -15],
						"1.8": [0, 0, 5]
					},
					"position": [0, 0, 0],
					"scale": 1
				},
				"sunflower2": {
					"rotation": {
						"0.0": [0, 0, 0],
						"0.6": [0, 0, -15],
						"1.2": [0, 0, 0],
						"1.8": [0, 0, -5]
					},
					"position": [0, 0, 0],
					"scale": 1
				}
			}
		}
	}
}