{
	"format_version": "1.10.0",
	"minecraft:client_entity": {
		"description": {
			"identifier": "pvz:brain_lawn",
			"materials": {
				"default": "villager_v2"
			},
			"textures": {
				"default": "textures/entity/lawn_mower"
			},
			"geometry": {
				"default": "geometry.lawn_mower"
			},
			"render_controllers": [
				"controller.render.default"
			],
			"spawn_egg": {
        "texture": "lawn_mower",
        "texture_index": 53
			},
			"scripts": {
				"animate": [
					"general"
				]
			},
			"animations": {
				"general": "controller.animation.wallnut.general",
				"idle": "animation.wallnut.idle",
				"attack": "animation.wallnut.attack"
			}
		}
	}
}