{
	"format_version": "1.10.0",
	"minecraft:client_entity": {
		"description": {
			"identifier": "pvz:citron",
			"materials": {
				"default": "villager_v2"
			},
			"textures": {
				"default": "textures/entity/citron"
			},
			"geometry": {
				"default": "geometry.citron"
			},
			"render_controllers": [
				"controller.render.default"
			],
			"spawn_egg": {
        "texture": "citron",
        "texture_index": 58
			},
			"scripts": {
				"animate": [
					"general"
				]
			},
			"animations": {
				"general": "controller.animation.fire_peashooter.general",
				"idle": "animation.citron.idle",
				"attack": "animation.fire_peashooter.attack"
			}
		}
	}
}