{
	"format_version": "1.10.0",
	"minecraft:client_entity": {
		"description": {
			"identifier": "pvz:melon_pult",
			"materials": {
				"default": "villager_v2"
			},
			"textures": {
				"default": "textures/entity/melon_pult"
			},
			"geometry": {
				"default": "geometry.melon_pult"
			},
			"render_controllers": [
				"controller.render.default"
			],
			"spawn_egg": {
        "texture": "melon_pult",
        "texture_index": 26
			},
			"scripts": {
				"animate": [
					"general"
				]
			},
			"animations": {
				"general": "controller.animation.melon_pult.general",
				"idle": "animation.melon_pult.idle",
				"attack": "animation.melon_pult.attack"
			}
		}
	}
}