{
	"format_version": "1.10.0",
	"minecraft:client_entity": {
		"description": {
			"identifier": "pvz:pea-nut",
			"materials": {
				"default": "villager_v2"
			},
			"textures": {
				"default": "textures/entity/pea-nut"
			},
			"geometry": {
				"default": "geometry.peanut"
			},
			"render_controllers": [
				"controller.render.default"
			],
			"spawn_egg": {
        "texture": "peanut",
        "texture_index": 41
			},
			"scripts": {
				"animate": [
					"general"
				]
			},
			"animations": {
				"general": "controller.animation.peanut.general",
				"idle": "animation.peanut.idle",
				"attack": "animation.peanut.attack"
			}
		}
	}
}