{
	"format_version": "1.10.0",
	"minecraft:client_entity": {
		"description": {
			"identifier": "pvz:seashroom",
			"materials": {
				"default": "villager_v2"
			},
			"textures": {
				"default": "textures/entity/seashroom"
			},
			"geometry": {
				"default": "geometry.seashroom"
			},
			"render_controllers": [
				"controller.render.default"
			],
			"spawn_egg": {
        "texture": "seashroom",
        "texture_index": 64
			},
			"scripts": {
				"animate": [
					"general"
				]
			},
			"animations": {
				"general": "controller.animation.puffshroom.general",
				"idle": "animation.puffshroom.idle",
          "attack": "animation.puffshroom.attack"
			}
		}
	}
}