{
	"format_version": "1.10.0",
	"minecraft:client_entity": {
		"description": {
			"identifier": "pvz:tallnut",
			"materials": {
				"default": "villager_v2"
			},
			"textures": {
				"default": "textures/entity/tallnut"
			},
			"geometry": {
				"default": "geometry.tallnut"
			},
			"render_controllers": [
				"controller.render.default"
			],
			"spawn_egg": {
        "texture": "tallnut",
        "texture_index": 5
			},
			"scripts": {
				"animate": [
					"general"
				]
			},
			"animations": {
				"general": "controller.animation.tallnut.general",
				"idle": "animation.tallnut.idle",
				"attack": "animation.tallnut.attack"
			}
		}
	}
}