{
	"format_version": "1.8.0",
	"minecraft:entity": {
		"description": {
			"scripts": {
				"animate": [
					"pvz_explosion",
					"kill_self"
				]
			},
			"animations": {
				"pvz_explosion": "controller.animation.pvz_common.explosion",
				"kill_self": "controller.animation.kill_self"
			},
			"identifier": "pvz:cherrybomb",
			"is_spawnable": true,
			"is_summonable": true,
			"is_experimental": false
		},
		"component_groups": {

			"minecraft:armed": {
				"minecraft:damage_sensor": [{
						"on_damage": {
							"filters": {
								"test": "is_family",
								"subject": "other",
								"value": "villager"
							}
						},
						"deals_damage": false
					},
					{
						"on_damage": {
							"filters": {
								"all_of": [{
									"test": "has_damage",
									"value": "fatal"
								}]
							},
							"event": "minecraft:event_explode"
						}
					}
				],
				"minecraft:collision_box": {
					"width": 0.20,
					"height": 0.15
				}
			},
			"minecraft:exploding": {
				"minecraft:area_attack": {
					"cause": "contact",
					"damage_per_tick": 90,
					"damage_range": 4,
					"entity_filter": {
						"all_of": [{
							"test": "is_family",
							"subject": "other",
							"value": "monster"
						}]
					}
				},
				"minecraft:transformation": {
					"into": "pvz:cherrybomb<minecraft:kill>"
				}
			},
			"minecraft:exploding_a": {
				"minecraft:variant": {
					"value": 0
				},
				"minecraft:health": {
					"value": 0,
					"max": 0
				},
				"minecraft:is_saddled": {}
			}
		},
		"components": {
			"minecraft:damage_sensor": [{
				"on_damage": {
					"filters": {
						"test": "is_family",
						"subject": "other",
						"value": "villager"
					}
				},
				"deals_damage": false
			}],
			"minecraft:behavior.swell": {
				"start_distance": 2.5,
				"stop_distance": 6.0,
				"priority": 2
			},
			"minecraft:type_family": {
				"family": [
					"villager","player","plant"
				]
			},
			"minecraft:behavior.nearest_attackable_target": {
				"priority": 2,
				"within_radius": 25,
				"reselect_targets": true,
				"entity_types": [{
					"filters": {
						"any_of": [{
							"test": "is_family",
							"subject": "other",
							"value": "monster"
						}]
					},
					"max_dist": 35
				}],
				"must_see": true,
				"must_see_forget_duration": 17.0
			},
			"minecraft:push_through": {
				"value": 1
			},
			"minecraft:scale": {
				"value": 1
			},
			"minecraft:knockback_resistance": {
				"value": 100
			},
			"minecraft:health": {
				"value": 1,
				"max": 1
			},
			"minecraft:behavior.look_at_player": {
				"priority": 2,
				"look_distance": 1.0
			},
			"minecraft:behavior.random_look_around": {
				"priority": 3
			},
			"minecraft:behavior.melee_attack": {
				"priority": 4,
				"speed_multiplier": 1.25,
				"track_target": false,
				"reach_multiplier": 0.0
			},
			"minecraft:breathable": {
				"totalSupply": 15,
				"suffocateTime": 0
			},
			"minecraft:nameable": {},
			"minecraft:collision_box": {
				"width": 0.20,
				"height": 0.15
			},
			"minecraft:movement": {
				"value": 0
			},
			"minecraft:navigation.walk": {
				"avoid_water": true
			},
			"minecraft:movement.basic": {},
			"minecraft:can_climb": {},
			"minecraft:fall_damage": {
				"value": 0.0
			},
			"minecraft:pushable": {
				"is_pushable": false,
				"is_pushable_by_piston": false
			},
			"minecraft:balloonable": {},
			"minecraft:physics": {}
		},
		"events": {
			"minecraft:entity_spawned": {
				"add": {
					"component_groups": [
						"minecraft:armed"
					]
				}
			},
			"minecraft:event_explode": {
				"add": {
					"component_groups": [
						"minecraft:exploding"
					]
				},
				"remove": {
					"component_groups": [
						"minecraft:armed"
					]
				}
			},
			"minecraft:kill": {
				"add": {
					"component_groups": [
						"minecraft:exploding_a"
					]
				},
				"remove": {
					"component_groups": [
						"minecraft:exploding"
					]
				}
			}
		}
	}
}