{
  "format_version": "1.10.0",
  "animation_controllers": {
    "controller.animation.ggt.attack.rotations": {
      "states": {
        "default": {
          "transitions": [
            {
              "attack": "variable.attack>0"
            }
          ],
          "blend_transition": 0.2
        },
        "attack": {
          "animations": [
            "animation.ggt.attack.rotations"
          ],
          "transitions": [
            {
              "default": "query.all_animations_finished"
            }
          ],
          "blend_transition": 0.2
        }
      }
    }
  }
}