{
	"format_version": "1.12.0",
	"minecraft:geometry": [
		{
			"description": {
				"identifier": "geometry.balloon_zombie",
				"texture_width": 100,
				"texture_height": 100,
				"visible_bounds_width": 4,
				"visible_bounds_height": 7,
				"visible_bounds_offset": [0, 1.5, 0]
			},
			"bones": [
				{
					"name": "unknown_bone",
					"pivot": [0, 0, 0],
					"cubes": [
						{"origin": [-6.04167, 46, -3.80833], "size": [12, 12, 12], "uv": [0, 0]},
						{"origin": [-4.04167, 47, -4.80833], "size": [8, 10, 1], "uv": [0, 0]},
						{"origin": [-4.04167, 47, 8.19167], "size": [8, 10, 1], "uv": [0, 0]},
						{"origin": [-7.04167, 47, -1.80833], "size": [1, 10, 8], "uv": [0, 0]},
						{"origin": [5.95833, 47, -1.80833], "size": [1, 10, 8], "uv": [0, 0]},
						{"origin": [-5.04167, 58, -2.80833], "size": [10, 2, 10], "uv": [2, 0]},
						{"origin": [-5.04167, 44, -2.80833], "size": [10, 2, 10], "uv": [0, 0]},
						{"origin": [-3.04167, 60, -0.80833], "size": [6, 1, 6], "uv": [0, 0]},
						{"origin": [-3.04167, 43, -0.80833], "size": [6, 1, 6], "uv": [0, 0]},
						{"origin": [-1.04167, 42, 1.19167], "size": [2, 1, 2], "uv": [0, 0]},
						{"origin": [-2.04167, 41, 0.19167], "size": [4, 1, 4], "uv": [0, 0]},
						{"origin": [-5.04167, 28, -3.80833], "size": [10, 8, 13], "uv": [54, 32]},
						{"origin": [-5.04167, 28, 9.19167], "size": [10, 8, 5], "uv": [19, 57]},
						{"origin": [-5.04167, 12, 9.19167], "size": [5, 16, 5], "uv": [30, 58]},
						{"origin": [-0.04167, 12, 9.19167], "size": [5, 16, 5], "uv": [29, 58]},
						{"origin": [-5.04167, 29, -12.80833], "size": [10, 10, 9], "uv": [62, 81]},
						{"origin": [-9.04167, 20, -3.80833], "size": [4, 13, 4], "uv": [84, 37]},
						{"origin": [4.95833, 20, -3.80833], "size": [4, 13, 4], "uv": [84, 34]},
						{"origin": [-0.54167, 36, 1.69167], "size": [1, 6, 1], "uv": [61, 36]},
						{"origin": [-6.54167, 27, 1.69167], "size": [13, 10, 1], "uv": [63, 28]},
						{"origin": [-4.04167, 33, -13.80833], "size": [4, 4, 1], "uv": [90, 37]},
						{"origin": [1.45833, 34, -13.80833], "size": [2.5, 2.5, 1], "uv": [90, 37]},
						{"origin": [2.45833, 35, -13.90833], "size": [0.5, 0.5, 0.1], "uv": [94, 0]},
						{"origin": [-3.04167, 34, -13.90833], "size": [1, 1, 0.1], "uv": [96, 0]}
					]
				}
			]
		}
	]
}