{
	"format_version": "1.10.0",
	"geometry.cattail_spike": {
		"texturewidth": 32,
		"textureheight": 32,
		"visible_bounds_width": 2,
		"visible_bounds_height": 1.5,
		"visible_bounds_offset": [0, 0.25, 0],
		"bones": [
			{
				"name": "body",
				"pivot": [0, 1, 0],
				"cubes": [
					{"origin": [-0.96, 0.04, 0], "size": [1.92, 1.92, 1.92], "uv": [0, 10]},
					{"origin": [-0.816, 0.136, -0.48], "size": [1.68, 1.68, 0.96], "uv": [14, 16]},
					{"origin": [-0.672, 0.232, -0.96], "size": [1.44, 1.44, 3.36], "uv": [0, 0]},
					{"origin": [-0.48, 0.52, -1.92], "size": [0.96, 0.96, 0.96], "uv": [12, 10]},
					{"origin": [-0.24, 0.76, -3.36], "size": [0.48, 0.48, 1.92], "uv": [13, 0]}
				]
			}
		]
	}
}