{
	"format_version": "1.12.0",
	"minecraft:geometry": [
		{
			"description": {
				"identifier": "geometry.conehead_mummy",
				"texture_width": 64,
				"texture_height": 64,
				"visible_bounds_width": 2,
				"visible_bounds_height": 3,
				"visible_bounds_offset": [0, 0, 0]
			},
			"bones": [
				{
					"name": "waist",
					"pivot": [0, 12, 0]
				},
				{
					"name": "body",
					"parent": "waist",
					"pivot": [0, 24, 0],
					"cubes": [
						{"origin": [-4, 12, -2], "size": [8, 12, 4], "uv": [0, 27]}
					]
				},
				{
					"name": "head",
					"parent": "body",
					"pivot": [0, 24, 0],
					"cubes": [
						{"origin": [-4, 24, -4], "size": [8, 8, 8], "uv": [0, 11]}
					]
				},
				{
					"name": "hat",
					"parent": "head",
					"pivot": [0, 26, 0],
					"cubes": [
						{"origin": [-4, 34, -4], "size": [8, 1, 8], "inflate": 0.5, "uv": [24, 24]},
						{"origin": [-5, 32, -5], "size": [10, 1, 10], "inflate": 0.5, "uv": [0, 0]},
						{"origin": [-3, 36, -3], "size": [6, 1, 6], "inflate": 0.5, "uv": [30, 0]},
						{"origin": [-2, 38, -2], "size": [4, 1, 4], "inflate": 0.5, "uv": [40, 33]},
						{"origin": [-1, 40, -1], "size": [2, 1, 2], "inflate": 0.5, "uv": [0, 0]}
					]
				},
				{
					"name": "rightArm",
					"parent": "body",
					"pivot": [-5, 22, 0],
					"cubes": [
						{"origin": [-8, 12, -2], "size": [4, 12, 4], "uv": [0, 43]}
					]
				},
				{
					"name": "rightItem",
					"parent": "rightArm",
					"pivot": [-6, 15, 1]
				},
				{
					"name": "leftArm",
					"parent": "body",
					"pivot": [5, 22, 0],
					"mirror": true,
					"cubes": [
						{"origin": [4, 12, -2], "size": [4, 12, 4], "uv": [40, 40], "mirror": false}
					]
				},
				{
					"name": "rightLeg",
					"parent": "body",
					"pivot": [-1.9, 12, 0],
					"cubes": [
						{"origin": [-3.9, 0, -2], "size": [4, 12, 4], "uv": [36, 7]}
					]
				},
				{
					"name": "leftLeg",
					"parent": "body",
					"pivot": [1.9, 12, 0],
					"mirror": true,
					"cubes": [
						{"origin": [-0.1, 0, -2], "size": [4, 12, 4], "uv": [24, 33], "mirror": false}
					]
				}
			]
		}
	]
}