{
	"format_version": "1.12.0",
	"minecraft:geometry": [
		{
			"description": {
				"identifier": "geometry.fire_peashooter",
				"texture_width": 64,
				"texture_height": 64,
				"visible_bounds_width": 3,
				"visible_bounds_height": 2,
				"visible_bounds_offset": [0, 0, 0]
			},
			"bones": [
				{
					"name": "peashooter",
					"pivot": [0, 0, 0]
				},
				{
					"name": "leaves",
					"parent": "peashooter",
					"pivot": [0, 0, 0]
				},
				{
					"name": "leaf1",
					"parent": "leaves",
					"pivot": [0, 0, 0],
					"cubes": [
						{"origin": [0, 0, -1.05], "size": [4.2, 0.7, 2.1], "pivot": [0, 0, 0], "rotation": [0, 0, -30], "uv": [32, 52]},
						{"origin": [3.40192, 2.3, -0.8], "size": [2.2, 0.7, 1.6], "pivot": [3, 3, 0], "rotation": [0, 0, 45], "uv": [35, 50]}
					]
				},
				{
					"name": "leaf2",
					"parent": "leaves",
					"pivot": [0, 0, 0],
					"cubes": [
						{"origin": [-1.05, 0, 0], "size": [2.1, 0.7, 4.2], "pivot": [0, 0, 0], "rotation": [10, 0, 0], "uv": [32, 49]},
						{"origin": [-0.8, 0.7, 3.8], "size": [1.6, 0.7, 2.2], "pivot": [0, 1, 4], "rotation": [-25, 0, 0], "uv": [35, 51]}
					]
				},
				{
					"name": "leaf3",
					"parent": "leaves",
					"pivot": [0, 0, 0],
					"cubes": [
						{"origin": [-4.2, 0, -1.05], "size": [4.2, 0.7, 2.1], "pivot": [0, 0, 0], "rotation": [0, 0, 15], "uv": [32, 48]},
						{"origin": [-5.4, 0.8, -0.8], "size": [2, 0.7, 1.6], "pivot": [-4, 1, 0], "rotation": [0, 0, -30], "uv": [33, 48]}
					]
				},
				{
					"name": "leaf4",
					"parent": "leaves",
					"pivot": [0, 0, 0],
					"cubes": [
						{"origin": [-0.8, 1.6, -5.63584], "size": [1.6, 0.7, 2.2], "pivot": [0, 2, -3], "rotation": [5, 0, 0], "uv": [36, 49]},
						{"origin": [-1.05, 0, -4.2], "size": [2.1, 0.7, 4.2], "pivot": [0, 0, 0], "rotation": [-25, 0, 0], "uv": [32, 49]}
					]
				},
				{
					"name": "stem",
					"parent": "peashooter",
					"pivot": [0, 0, 0]
				},
				{
					"name": "stem1",
					"parent": "stem",
					"pivot": [0, 0, 0],
					"cubes": [
						{"origin": [-0.7, 4.7, 0.3], "size": [1.4, 3, 1.4], "pivot": [0, 5, 1], "rotation": [15, 0, 0], "uv": [0, 37]}
					]
				},
				{
					"name": "stem2",
					"parent": "stem",
					"pivot": [0, 0, 0],
					"cubes": [
						{"origin": [-0.7, 0.2, -0.7], "size": [1.4, 5, 1.4], "pivot": [0, 0, 0], "rotation": [-11, 0, 0], "uv": [0, 0]}
					]
				},
				{
					"name": "head",
					"parent": "peashooter",
					"pivot": [0, 10, 0],
					"rotation": [5, 0, 0]
				},
				{
					"name": "snout",
					"parent": "head",
					"pivot": [0, 0, 0],
					"cubes": [
						{"origin": [-2.1, 8.2, -7.5], "size": [1, 4.2, 1.5], "uv": [10, 42]},
						{"origin": [1.2, 8.2, -7.5], "size": [1, 4.2, 1.5], "uv": [6, 42]},
						{"origin": [-2, 11.6, -7.5], "size": [4, 1.2, 1.5], "uv": [31, 5]},
						{"origin": [-2, 7.9, -7.5], "size": [4, 1.2, 1.5], "uv": [27, 20]},
						{"origin": [-1.8, 8.2, -6.5], "size": [3.7, 4.2, 1.5], "uv": [32, 0]},
						{"origin": [-1.51, 8.8, -6.2], "size": [3.1, 3, 3], "uv": [20, 0]}
					]
				},
				{
					"name": "flames",
					"parent": "head",
					"pivot": [0, 1, 3],
					"rotation": [10, 0, 0]
				},
				{
					"name": "flame1",
					"parent": "flames",
					"pivot": [0, 1, 3],
					"cubes": [
						{"origin": [1.6, 8.31927, 8.78688], "size": [2, 7, 1], "pivot": [0, 12.07347, 8.03768], "rotation": [-25, 25, 0], "uv": [30, 33]},
						{"origin": [1.0824, 9.57444, 9.18266], "size": [2, 7, 1], "pivot": [0, 12.07347, 8.03768], "rotation": [-40, 25, 0], "uv": [12, 28]},
						{"origin": [-3.70148, 8.4, 9.06036], "size": [2, 7, 1], "pivot": [0, 12.07347, 8.03768], "rotation": [-25, -25, 0], "uv": [24, 33]},
						{"origin": [-3.0745, 9.5, 9.2], "size": [2, 7, 1], "pivot": [0, 12.07347, 8.03768], "rotation": [-40, -25, 0], "uv": [6, 28]},
						{"origin": [-1.2, 8.02635, 8.07555], "size": [2, 7, 1], "pivot": [0, 12.07347, 8.03768], "rotation": [-25, 0, 0], "uv": [18, 33]},
						{"origin": [-2.41593, 8.14964, 8.33995], "size": [2, 8.5, 1], "pivot": [0, 12.07347, 8.03768], "rotation": [-25, -15, 0], "uv": [0, 28]},
						{"origin": [-1.64798, 12.55512, 8.38465], "size": [2, 5.5, 1], "pivot": [0, 12.07347, 8.03768], "rotation": [-40, -15, 0], "uv": [5, 36]},
						{"origin": [0.01593, 8.1, 8.4], "size": [2, 8.5, 1], "pivot": [0, 12.07347, 8.03768], "rotation": [-25, 15, 0], "uv": [0, 14]},
						{"origin": [-0.75202, 12.48482, 8.6], "size": [2, 5.5, 1], "pivot": [0, 12.07347, 8.03768], "rotation": [-35, 15, 0], "uv": [11, 36]}
					]
				},
				{
					"name": "flame2",
					"parent": "flames",
					"pivot": [0, 1, 3],
					"cubes": [
						{"origin": [-6.09439, 14.87198, 11.32988], "size": [2, 3, 1], "pivot": [-6, 15.93718, 9.07296], "rotation": [-20, -15, 0], "uv": [41, 41]},
						{"origin": [3.73756, 15.45478, 11.82318], "size": [2, 3, 1], "pivot": [5, 15.93718, 9.07296], "rotation": [-20, 15, 0], "uv": [28, 41]},
						{"origin": [-4.4749, 16.22965, 13.39815], "size": [2, 3, 1], "pivot": [5, 15.93718, 9.07296], "rotation": [-20, 5, 0], "uv": [0, 41]},
						{"origin": [0.59026, 16.2928, 12.81491], "size": [2, 3, 1], "pivot": [5, 15.93718, 9.07296], "rotation": [-20, 5, 0], "uv": [40, 0]},
						{"origin": [-0.99277, 16.22627, 12.33936], "size": [2, 3, 1], "pivot": [0, 22.18102, 12.81654], "rotation": [-20, -5, 0], "uv": [35, 40]},
						{"origin": [1.99581, 14.20474, 12.43362], "size": [2, 3, 1], "pivot": [0, 22.18102, 12.81654], "rotation": [-20, 5, 0], "uv": [38, 7]},
						{"origin": [-4.36359, 14.21033, 12.44899], "size": [2, 3, 1], "pivot": [0, 22.18102, 12.81654], "rotation": [-20, -10, 0], "uv": [36, 36]},
						{"origin": [4.92057, 8.27171, 8.95337], "size": [2, 3, 1], "pivot": [5, 8.14042, 11.12493], "rotation": [-20, 15, 0], "uv": [22, 41]},
						{"origin": [-6.14459, 9.66013, 13.60431], "size": [2, 3, 1], "pivot": [-6, 15.93718, 9.07296], "rotation": [-20, -15, 0], "uv": [16, 41]}
					]
				},
				{
					"name": "base",
					"parent": "head",
					"pivot": [0, 0, 0],
					"cubes": [
						{"origin": [-1.4, 7, -1.4], "size": [2.8, 0.7, 2.8], "uv": [18, 48]},
						{"origin": [-2.8, 7.7, -2.8], "size": [5.6, 6.6, 7.6], "uv": [21, 7]},
						{"origin": [-2.8, 8, -3.8], "size": [5.6, 5.8, 9.6], "uv": [0, 14]},
						{"origin": [-3.4, 7.9, -3.2], "size": [6.7, 6, 8.6], "uv": [0, 0]},
						{"origin": [-3.9, 8.2, -2], "size": [7.9, 5.5, 6.9], "uv": [22, 22]}
					]
				}
			]
		}
	]
}