{
	"format_version": "1.12.0",
	"minecraft:geometry": [
		{
			"description": {
				"identifier": "geometry.football_zombie",
				"texture_width": 64,
				"texture_height": 64,
				"visible_bounds_width": 3,
				"visible_bounds_height": 3,
				"visible_bounds_offset": [0, 0, 0]
			},
			"bones": [
				{
					"name": "unknown_bone",
					"pivot": [0, 0, 0],
					"cubes": [
						{"origin": [-9, 19, -3], "size": [5, 6, 6.5], "uv": [41, 24]},
						{"origin": [4, 19, -3], "size": [5, 6, 6.5], "uv": [41, 0]}
					]
				},
				{
					"name": "waist",
					"pivot": [0, 12, 0]
				},
				{
					"name": "body",
					"parent": "waist",
					"pivot": [0, 24, 0],
					"cubes": [
						{"origin": [-4, 12, -3], "size": [8, 12, 6], "uv": [0, 0]}
					]
				},
				{
					"name": "head",
					"parent": "body",
					"pivot": [0, 24, 0]
				},
				{
					"name": "hat",
					"parent": "head",
					"pivot": [0, 26, 0],
					"cubes": [
						{"origin": [-3, 24, -3.4], "size": [6, 6, 7.5], "inflate": 0.5, "uv": [22, 11]},
						{"origin": [-20, 53, -4.4], "size": [2, 8, 8.5], "inflate": 0.5, "pivot": [-22, 35, -2], "rotation": [0, 0, 90], "uv": [0, 32]},
						{"origin": [-2.5, 45, 10], "size": [-0.5, -0.5, 3], "inflate": 0.5, "pivot": [-7, 27, 13], "rotation": [90, 0, 0], "uv": [0, 0]},
						{"origin": [-1.5, 45, 10], "size": [-0.5, -0.5, 3], "inflate": 0.5, "pivot": [-6, 27, 13], "rotation": [90, 0, 0], "uv": [0, 0]},
						{"origin": [-0.5, 45, 10], "size": [-0.5, -0.5, 3], "inflate": 0.5, "pivot": [-5, 27, 13], "rotation": [90, 0, 0], "uv": [0, 0]},
						{"origin": [0.5, 45, 10], "size": [-0.5, -0.5, 3], "inflate": 0.5, "pivot": [-4, 27, 13], "rotation": [90, 0, 0], "uv": [0, 0]},
						{"origin": [1.5, 45, 10], "size": [-0.5, -0.5, 3], "inflate": 0.5, "pivot": [-3, 27, 13], "rotation": [90, 0, 0], "uv": [0, 0]},
						{"origin": [2.5, 45, 10], "size": [-0.5, -0.5, 3], "inflate": 0.5, "pivot": [-2, 27, 13], "rotation": [90, 0, 0], "uv": [0, 0]},
						{"origin": [3.5, 45, 10], "size": [-0.5, -0.5, 3], "inflate": 0.5, "pivot": [-1, 27, 13], "rotation": [90, 0, 0], "uv": [0, 0]},
						{"origin": [5.5, 31, -11], "size": [-0.5, -0.5, 6], "inflate": 0.5, "pivot": [1, 13, -9], "rotation": [0, -90, 0], "uv": [0, 0]},
						{"origin": [5.5, 28, -11], "size": [-0.5, -0.5, 6], "inflate": 0.5, "pivot": [1, 10, -9], "rotation": [0, -90, 0], "uv": [0, 0]},
						{"origin": [5.5, 24, -11], "size": [-0.5, -0.5, 6], "inflate": 0.5, "pivot": [1, 6, -9], "rotation": [0, -90, 0], "uv": [0, 0]},
						{"origin": [-4.5, 23.5, -4.9], "size": [1, 7, 9.5], "uv": [19, 24]},
						{"origin": [3.5, 23.5, -4.9], "size": [1, 7, 9.5], "uv": [30, 31]}
					]
				},
				{
					"name": "rightArm",
					"parent": "body",
					"pivot": [-5, 22, 0],
					"cubes": [
						{"origin": [-8, 12, -2], "size": [4, 12, 4], "uv": [46, 46]}
					]
				},
				{
					"name": "rightItem",
					"parent": "rightArm",
					"pivot": [-6, 15, 1]
				},
				{
					"name": "leftArm",
					"parent": "body",
					"pivot": [5, 22, 0],
					"mirror": true,
					"cubes": [
						{"origin": [4, 12, -2], "size": [4, 12, 4], "uv": [16, 44], "mirror": false}
					]
				},
				{
					"name": "rightLeg",
					"parent": "body",
					"pivot": [-1.9, 12, 0],
					"cubes": [
						{"origin": [-3.9, 0, -2], "size": [4, 4, 4], "uv": [48, 12]},
						{"origin": [-3.9, 4, -3], "size": [8, 8, 6], "uv": [0, 18]},
						{"origin": [0.1, 0, -2], "size": [4, 4, 4], "uv": [0, 48]}
					]
				},
				{
					"name": "leftLeg",
					"parent": "body",
					"pivot": [1.9, 12, 0],
					"mirror": true
				}
			]
		}
	]
}