{
	"format_version": "1.12.0",
	"minecraft:geometry": [
		{
			"description": {
				"identifier": "geometry.gravestone",
				"texture_width": 16,
				"texture_height": 16,
				"visible_bounds_width": 2,
				"visible_bounds_height": 2.5,
				"visible_bounds_offset": [0, 0.75, 0]
			},
			"bones": [
				{
					"name": "gravestone",
					"pivot": [0, 0, 0],
					"cubes": [
						{"origin": [-5.75, 9, -1], "size": [11.5, 1, 2], "uv": [0, 0]},
						{"origin": [-6.25, 0, -1], "size": [12.5, 9, 2], "uv": [-13, 5]},
						{"origin": [-5.25, 10, -1], "size": [10.5, 1, 2], "uv": [0, 0]},
						{"origin": [-4.75, 11, -1], "size": [9.5, 1, 2], "uv": [0, 0]},
						{"origin": [-1, 12, -1], "size": [2, 8, 2], "uv": [0, 0]},
						{"origin": [-3, 16, -1], "size": [6, 2, 2], "uv": [0, 0]}
					]
				}
			]
		}
	]
}