{
	"format_version": "1.12.0",
	"minecraft:geometry": [
		{
			"description": {
				"identifier": "geometry.jalapeno",
				"texture_width": 32,
				"texture_height": 32,
				"visible_bounds_width": 3,
				"visible_bounds_height": 5,
				"visible_bounds_offset": [0, 1.5, 0]
			},
			"bones": [
				{
					"name": "Body",
					"pivot": [0, 4.125, 0],
					"cubes": [
						{"origin": [-4.49122, 13.26, -2.11349], "size": [8.9488, 14.382, 8.9488], "uv": [0, 17]},
						{"origin": [-5.45002, 19.9716, -2.43309], "size": [10.8664, 10.8664, 9.588], "uv": [4, 25]},
						{"origin": [-3.85202, 30.5184, -0.83509], "size": [7.3508, 1.9176, 6.7116], "uv": [24, 3]},
						{"origin": [-2.25402, 32.436, 0.12371], "size": [4.4744, 1.2784, 4.794], "uv": [28, 0]},
						{"origin": [-0.65602, 37.23, 0.76291], "size": [1.2784, 3.8352, 0.9588], "pivot": [-0.01682, 39.627, 1.24231], "rotation": [45, 0, 0], "uv": [29, 0]},
						{"origin": [-0.97562, 33.7144, 1.72171], "size": [1.9176, 4.794, 1.598], "uv": [26, 0]},
						{"origin": [-3.85202, 7.1876, -1.15469], "size": [7.6704, 7.6704, 7.0312], "pivot": [-0.01682, 12.9404, 2.36091], "rotation": [-20, 0, 0], "uv": [12, 27]},
						{"origin": [-2.89322, 2.78198, -1.65616], "size": [5.7528, 5.4332, 4.4744], "pivot": [-0.01682, 7.18128, 0.20985], "rotation": [-27.5, 0, 0], "uv": [13, 25]},
						{"origin": [-2.25402, 0.53821, -4.02506], "size": [4.4744, 5.4332, 3.196], "pivot": [-0.01682, 3.25481, -2.74666], "rotation": [-67.5, 0, 0], "uv": [12, 29]},
						{"origin": [-1.61482, 0.72053, -6.36555], "size": [3.196, 5.4332, 2.2372], "pivot": [-0.01682, 3.43713, -5.40675], "rotation": [-132.5, 0, 0], "uv": [1, 30]}
					]
				},
				{
					"name": "Face",
					"pivot": [0, 0, 0]
				},
				{
					"name": "FR",
					"parent": "Face",
					"pivot": [0, 0, 0],
					"cubes": [
						{"origin": [-5.13042, 23.4872, -3.07229], "size": [4.794, 4.794, 2.5568], "uv": [0, 0]},
						{"origin": [-3.53242, 25.0852, -3.39189], "size": [1.2784, 1.2784, 3.196], "uv": [22, 13]},
						{"origin": [2.22038, 23.8068, -3.39189], "size": [1.2784, 1.2784, 3.196], "uv": [22, 13]},
						{"origin": [0.62238, 23.4872, -3.07229], "size": [3.8352, 2.2372, 2.5568], "uv": [5, 5]},
						{"origin": [-1.93442, 20.2912, -3.07229], "size": [4.794, 2.2372, 2.5568], "uv": [10, 7]},
						{"origin": [-3.2, 19.652, -3.07229], "size": [1.3, 2.2372, 2.5568], "uv": [10, 7]},
						{"origin": [-1.61482, 19.0128, -3.39189], "size": [5.1136, 1.2784, 8.3096], "uv": [11, 26]},
						{"origin": [-5.13042, 27.3224, -3.39189], "size": [5.1136, 1.2784, 8.3096], "pivot": [-2.25402, 28.2812, 0.76291], "rotation": [0, 0, 5], "uv": [11, 26]},
						{"origin": [0.30278, 22.848, -3.71149], "size": [4.1548, 0.9588, 8.3096], "pivot": [3.49878, 23.8068, 0.76291], "rotation": [0, 0, 5], "uv": [11, 26]}
					]
				}
			]
		}
	]
}