{
	"format_version": "1.10.0",
	"geometry.newspaper_zombie": {
		"texturewidth": 64,
		"textureheight": 64,
		"visible_bounds_width": 2,
		"visible_bounds_height": 2,
		"visible_bounds_offset": [0, 0, 0],
		"bones": [
			{
				"name": "waist",
				"pivot": [0, 12, 0]
			},
			{
				"name": "body",
				"parent": "waist",
				"pivot": [0, 24, 0],
				"cubes": [
					{"origin": [-4, 12, -2], "size": [8, 12, 4], "uv": [0, 16]}
				]
			},
			{
				"name": "head",
				"parent": "body",
				"pivot": [0, 24, 0],
				"cubes": [
					{"origin": [-4, 24, -4], "size": [8, 8, 8], "uv": [0, 0]}
				]
			},
			{
				"name": "hat2",
				"parent": "head",
				"pivot": [0, 24, -1],
				"rotation": [12.5, 0, 0]
			},
			{
				"name": "rightArm",
				"parent": "body",
				"pivot": [-5, 22, 0],
				"rotation": [-75, 0, 0],
				"cubes": [
					{"origin": [-8, 14, -2], "size": [4, 10, 4], "uv": [36, 36]}
				]
			},
			{
				"name": "rightItem",
				"parent": "rightArm",
				"pivot": [-6, 15, 1]
			},
			{
				"name": "leftArm",
				"parent": "body",
				"pivot": [5, 22, 0],
				"rotation": [-72.5, 0, 0],
				"mirror": true,
				"cubes": [
					{"origin": [4, 14, -2], "size": [4, 10, 4], "uv": [32, 0], "mirror": false}
				]
			},
			{
				"name": "rightLeg",
				"parent": "body",
				"pivot": [-1.9, 12, 0],
				"cubes": [
					{"origin": [-3.9, 0, -2], "size": [4, 12, 4], "uv": [0, 32]}
				]
			},
			{
				"name": "leftLeg",
				"parent": "body",
				"pivot": [1.9, 12, 0],
				"mirror": true,
				"cubes": [
					{"origin": [-0.1, 0, -2], "size": [4, 12, 4], "uv": [24, 24], "mirror": false}
				]
			},
			{
				"name": "bone",
				"pivot": [-7, 17, -8],
				"rotation": [12.5, -20, -5],
				"cubes": [
					{"origin": [-1.86935, 15.92027, -12.31537], "size": [8, 10, -0.5], "uv": [32, 14]}
				]
			},
			{
				"name": "bone2",
				"pivot": [0, 0, 0],
				"rotation": [12.5, 25, 5],
				"cubes": [
					{"origin": [-4.26867, 17.21536, -6.26324], "size": [7, 10, -0.5], "uv": [16, 40]}
				]
			}
		]
	}
}