{
	"format_version": "1.12.0",
	"minecraft:geometry": [
		{
			"description": {
				"identifier": "geometry.pumpkin_",
				"texture_width": 48,
				"texture_height": 48,
				"visible_bounds_width": 3,
				"visible_bounds_height": 2.5,
				"visible_bounds_offset": [0, 0.75, 0]
			},
			"bones": [
				{
					"name": "unknown_bone",
					"pivot": [0, 0, 0],
					"cubes": [
						{"origin": [-6.5, -1, -5], "size": [11, 6, 10], "pivot": [0.5, 0, 2], "rotation": [0, 0, 10], "uv": [0, 21]},
						{"origin": [-6, -0.5, -5.5], "size": [10, 6, 11], "pivot": [0.5, 0, 2], "rotation": [0, 0, 10], "uv": [0, 0]},
						{"origin": [-1, 4.5, 0.5], "size": [1, 3, 1], "pivot": [0.5, 5, 8], "rotation": [0, 0, 10], "uv": [0, 0]}
					]
				}
			]
		}
	]
}