{
	"format_version": "1.12.0",
	"minecraft:geometry": [
		{
			"description": {
				"identifier": "geometry.pumpkin_pult",
				"texture_width": 35,
				"texture_height": 35,
				"visible_bounds_width": 3,
				"visible_bounds_height": 2.5,
				"visible_bounds_offset": [0, 0.75, 0]
			},
			"bones": [
				{
					"name": "All",
					"pivot": [0, 0, 0]
				},
				{
					"name": "Face",
					"parent": "All",
					"pivot": [0, 0, 0]
				},
				{
					"name": "Eyes",
					"parent": "Face",
					"pivot": [0, 0, 0]
				},
				{
					"name": "Reye",
					"parent": "Eyes",
					"pivot": [-0.25, 0, 0],
					"cubes": [
						{"origin": [-2.625, 4.25, -4.875], "size": [1.625, 1.625, 0.625], "inflate": 0.1, "pivot": [-1.375, 6.5, -4.5625], "rotation": [0, 0, -2.5], "uv": [1, 19]}
					]
				},
				{
					"name": "eyelashes",
					"parent": "Reye",
					"pivot": [-1.88716, 6.43606, -4.5625],
					"rotation": [0, 0, 12.5],
					"cubes": [
						{"origin": [-2.49123, 6.34792, -4.875], "size": [1.875, 0.625, 0.625], "inflate": 0.1, "pivot": [-1.86623, 5.41042, -4.5625], "rotation": [0, 0, 30], "uv": [2, 18]},
						{"origin": [-3.15809, 5.8992, -4.875], "size": [1.875, 0.625, 0.625], "inflate": 0.1, "pivot": [-2.22059, 6.2117, -4.5625], "rotation": [0, 0, 140], "uv": [0, 17]}
					]
				},
				{
					"name": "Leye",
					"parent": "Eyes",
					"pivot": [0.75, 0, 0],
					"cubes": [
						{"origin": [1.5, 4.25, -4.875], "size": [1.625, 1.625, 0.625], "inflate": 0.1, "pivot": [1.875, 6.5, -4.5625], "rotation": [0, 0, 2.5], "uv": [1, 19]}
					]
				},
				{
					"name": "eyelashes2",
					"parent": "Leye",
					"pivot": [2.38716, 6.43606, -4.5625],
					"rotation": [0, 0, -12.5],
					"cubes": [
						{"origin": [1.11623, 6.34792, -4.875], "size": [1.875, 0.625, 0.625], "inflate": 0.1, "pivot": [2.36623, 5.41042, -4.5625], "rotation": [0, 0, -30], "uv": [0, 17]},
						{"origin": [1.78309, 5.8992, -4.875], "size": [1.875, 0.625, 0.625], "inflate": 0.1, "pivot": [2.72059, 6.2117, -4.5625], "rotation": [0, 0, -140], "uv": [0, 17]}
					]
				},
				{
					"name": "Pult",
					"parent": "All",
					"pivot": [0, 0, 0],
					"cubes": [
						{"origin": [-0.375, 7.875, -0.5], "size": [1.5, 6.25, 1.5], "inflate": 0.1, "pivot": [0.375, 8.875, 0.25], "rotation": [-45, 0, 0], "uv": [5, 28]},
						{"origin": [-0.125, 7.75, 6.25], "size": [1, 6.25, 0.875], "inflate": 0.1, "pivot": [0.375, 8.875, 6.5], "rotation": [45, 0, 0], "uv": [15, 29]},
						{"origin": [-0.375, 8.44692, 6.88074], "size": [1.5, 0.75, 1.375], "inflate": 0.1, "pivot": [0.375, 8.44692, 7.44324], "rotation": [95, 0, 0], "uv": [3, 6]}
					]
				},
				{
					"name": "Pultplat",
					"parent": "Pult",
					"pivot": [0, 0, 0],
					"cubes": [
						{"origin": [-2.375, 7.25, 7.75], "size": [5.5, 2.625, 5.5], "inflate": 0.1, "uv": [9, 0]},
						{"origin": [-1.25, 6.375, 7.25], "size": [3.25, 2.625, 6.375], "inflate": 0.1, "pivot": [0.375, 7.6875, 10.4375], "rotation": [0, -90, 0], "uv": [0, 0]},
						{"origin": [-2.375, 9.875, 12.375], "size": [5.5, 0.875, 0.875], "inflate": 0.1, "uv": [6, 49]},
						{"origin": [4.375, 9.875, 10], "size": [5.5, 0.875, 0.875], "inflate": 0.1, "pivot": [4.875, 10.3125, 8.1875], "rotation": [0, -90, 0], "uv": [7, 35]},
						{"origin": [-0.125, 9.875, 10], "size": [5.5, 0.875, 0.875], "inflate": 0.1, "pivot": [0.375, 10.3125, 8.1875], "rotation": [0, -90, 0], "uv": [9, 49]},
						{"origin": [-2.375, 9.875, 7.75], "size": [5.5, 0.875, 0.875], "inflate": 0.1, "uv": [5, 32]},
						{"origin": [-1.25, 6.375, 7.25], "size": [3.25, 2.625, 6.375], "inflate": 0.1, "uv": [8, 0]}
					]
				},
				{
					"name": "Pump",
					"parent": "All",
					"pivot": [0, 6, 0],
					"cubes": [
						{"origin": [-3.5, 0.75, -3.5], "size": [7.5, 7.5, 7.5], "inflate": 0.1, "uv": [0, 0]}
					]
				},
				{
					"name": "Pum2",
					"parent": "Pump",
					"pivot": [0.375, 4.875, 0.25],
					"rotation": [0, -90, 0],
					"cubes": [
						{"origin": [-1.25, 0.75, -4], "size": [3.125, 8.25, 3.25], "inflate": 0.1, "uv": [13, 0]},
						{"origin": [-1.875, 1.5, -4.25], "size": [4.5, 6.375, 0.875], "inflate": 0.1, "uv": [4, 0]},
						{"origin": [-1.875, 1.5, 4.125], "size": [4.5, 6.375, 0.875], "inflate": 0.1, "uv": [27, 0]},
						{"origin": [-1.25, 0.75, 1.25], "size": [3.125, 8.25, 3.25], "inflate": 0.1, "uv": [0, 0]}
					]
				},
				{
					"name": "Pum3",
					"parent": "Pump",
					"pivot": [0.34375, 4.78125, 0.3125],
					"cubes": [
						{"origin": [-1.25, 0.75, -4], "size": [3.125, 8.25, 3.25], "inflate": 0.1, "uv": [15, 0]},
						{"origin": [-1.875, 1.5, -4.25], "size": [4.5, 6.375, 0.875], "inflate": 0.1, "uv": [19, 0]},
						{"origin": [-1.875, 1.5, 4.125], "size": [4.5, 6.375, 0.875], "inflate": 0.1, "uv": [0, 0]},
						{"origin": [-1.25, 0.75, 1.25], "size": [3.125, 8.25, 3.25], "inflate": 0.1, "uv": [0, 0]}
					]
				},
				{
					"name": "Leaf",
					"parent": "All",
					"pivot": [0, 0, 0]
				},
				{
					"name": "Leaf0",
					"parent": "Leaf",
					"pivot": [-7.5, 0.75, 0.25],
					"cubes": [
						{"origin": [5.875, 0, -0.5], "size": [2, 0.5, 1.5], "inflate": 0.1, "pivot": [5.75, 0.25, 0.25], "rotation": [0, 0, -17.5], "uv": [18, 34]},
						{"origin": [-7.375, 0.5, -0.5], "size": [2, 0.5, 1.5], "inflate": 0.1, "pivot": [-7.5, 0.75, 0.25], "rotation": [0, 0, 17.5], "uv": [14, 34]},
						{"origin": [-5.875, 0, -1], "size": [12, 0.5, 2.5], "inflate": 0.1, "uv": [0, 33]}
					]
				},
				{
					"name": "Leaf1",
					"parent": "Leaf",
					"pivot": [0.16667, 0.41667, 0.25],
					"rotation": [0, 90, 0],
					"cubes": [
						{"origin": [5.88657, 0.07518, -0.5], "size": [2, 0.5, 1.5], "inflate": 0.1, "pivot": [6, 0.25, 0.25], "rotation": [0, 0, -17.5], "uv": [15, 28]},
						{"origin": [-7.375, 0.5, -0.5], "size": [2, 0.5, 1.5], "inflate": 0.1, "pivot": [-7.5, 0.75, 0.25], "rotation": [0, 0, 17.5], "uv": [2, 34]},
						{"origin": [-5.875, 0, -1], "size": [12, 0.5, 2.5], "inflate": 0.1, "uv": [0, 33]}
					]
				},
				{
					"name": "Leafsmall2",
					"parent": "Leaf",
					"pivot": [0.16667, 0.41667, 0.25],
					"rotation": [0, 45, 0],
					"cubes": [
						{"origin": [5.625, 0, -0.5], "size": [1.5, 0.5, 1.5], "inflate": 0.1, "pivot": [6, 0.25, 0.25], "rotation": [0, 0, -17.5], "uv": [18, 34]},
						{"origin": [-6.875, 0.5, -0.5], "size": [1.5, 0.5, 1.5], "inflate": 0.1, "pivot": [-7.5, 0.75, 0.25], "rotation": [0, 0, 17.5], "uv": [19, 34]},
						{"origin": [-5.375, 0, -1], "size": [11, 0.5, 2.5], "inflate": 0.1, "uv": [9, 33]}
					]
				},
				{
					"name": "Leafsmall3",
					"parent": "Leaf",
					"pivot": [0.16667, 0.41667, 0.25],
					"rotation": [0, -45, 0],
					"cubes": [
						{"origin": [5.625, 0, -0.5], "size": [1.5, 0.5, 1.5], "inflate": 0.1, "pivot": [6, 0.25, 0.25], "rotation": [0, 0, -17.5], "uv": [19, 34]},
						{"origin": [-6.875, 0.5, -0.5], "size": [1.5, 0.5, 1.5], "inflate": 0.1, "pivot": [-7.5, 0.75, 0.25], "rotation": [0, 0, 17.5], "uv": [15, 34]},
						{"origin": [-5.375, 0, -1], "size": [11, 0.5, 2.5], "inflate": 0.1, "uv": [0, 33]}
					]
				}
			]
		}
	]
}