{
	"format_version": "1.12.0",
	"minecraft:geometry": [
		{
			"description": {
				"identifier": "geometry.shadow_pea",
				"texture_width": 32,
				"texture_height": 32,
				"visible_bounds_width": 2,
				"visible_bounds_height": 1,
				"visible_bounds_offset": [0, 0, 0]
			},
			"bones": [
				{
					"name": "unknown_bone",
					"pivot": [0, 0, 0],
					"cubes": [
						{"origin": [-2, 6, -2], "size": [4, 4, 4], "uv": [0, 0]},
						{"origin": [-1.7, 6.3, -2.2], "size": [3.5, 3.5, 4.5], "uv": [12, 12]},
						{"origin": [-2.2, 6.3, -2], "size": [4.5, 3.5, 4], "uv": [0, 8]}
					]
				}
			]
		}
	]
}