{
	"format_version": "1.12.0",
	"minecraft:geometry": [
		{
			"description": {
				"identifier": "geometry.snappea",
				"texture_width": 50,
				"texture_height": 50,
				"visible_bounds_width": 3,
				"visible_bounds_height": 3.5,
				"visible_bounds_offset": [0, 1.25, 0]
			},
			"bones": [
				{
					"name": "LEAF",
					"pivot": [0, 1.01597, 8.54839]
				},
				{
					"name": "1Leaf",
					"parent": "LEAF",
					"pivot": [0, 1.01597, 8.54839],
					"cubes": [
						{"origin": [-0.5, 4.28163, -10.64362], "size": [1, 0.5, 1], "pivot": [0.2129, 10.59984, 0.22848], "rotation": [0, 90, -107.5], "uv": [0, 49]},
						{"origin": [-2, 1.76395, -6.05193], "size": [4, 0.5, 2], "pivot": [0.2129, 10.59984, 0.22848], "rotation": [0, 90, -47.5], "uv": [0, 48]},
						{"origin": [-2.5, 1.9033, 4.78611], "size": [5, 0.5, 2], "pivot": [0.2129, 10.59984, 0.22848], "rotation": [0, 90, 7.5], "uv": [0, 48]},
						{"origin": [-2, 5.06897, 9.5686], "size": [4, 0.5, 2], "pivot": [0.2129, 10.59984, 0.22848], "rotation": [0, 90, 30], "uv": [0, 48]},
						{"origin": [-1.5, -1.8217, 2.08618], "size": [3, 0.5, 2], "pivot": [0.2129, 10.59984, 0.22848], "rotation": [0, 90, -25], "uv": [0, 48]},
						{"origin": [-1, -2.27951, -0.29766], "size": [2, 0.5, 1], "pivot": [0.2129, 10.59984, 0.22848], "rotation": [0, 90, -45], "uv": [0, 47]}
					]
				},
				{
					"name": "1Leaf2",
					"parent": "LEAF",
					"pivot": [0, 1.01597, -7.95161],
					"rotation": [-180, 0, 180],
					"cubes": [
						{"origin": [-0.5, 4.41499, -26.96175], "size": [1, 0.5, 1], "pivot": [-0.2129, 10.59984, -16.1317], "rotation": [0, 90, -107.5], "uv": [0, 49]},
						{"origin": [-2, 1.86704, -22.50657], "size": [4, 0.5, 2], "pivot": [-0.2129, 10.59984, -16.1317], "rotation": [0, 90, -47.5], "uv": [0, 48]},
						{"origin": [-2.5, 1.88505, -11.71269], "size": [5, 0.5, 2], "pivot": [-0.2129, 10.59984, -16.1317], "rotation": [0, 90, 7.5], "uv": [0, 48]},
						{"origin": [-2, 4.99905, -6.91267], "size": [4, 0.5, 2], "pivot": [-0.2129, 10.59984, -16.1317], "rotation": [0, 90, 30], "uv": [0, 48]},
						{"origin": [-1.5, -1.76261, -14.40072], "size": [3, 0.5, 2], "pivot": [-0.2129, 10.59984, -16.1317], "rotation": [0, 90, -25], "uv": [0, 48]},
						{"origin": [-1, -2.18063, -16.7567], "size": [2, 0.5, 1], "pivot": [-0.2129, 10.59984, -16.1317], "rotation": [0, 90, -45], "uv": [0, 49]}
					]
				},
				{
					"name": "1Leaf3",
					"parent": "LEAF",
					"pivot": [-0.5, 1.01597, 0.29839],
					"rotation": [0, -90, 0],
					"cubes": [
						{"origin": [-1, 3.90684, -11.40478], "size": [1, 0.5, 1], "pivot": [-0.56991, 10.59984, -0.41451], "rotation": [0, 90, -107.5], "uv": [0, 49]},
						{"origin": [-2.5, 1.47421, -6.42942], "size": [4, 0.5, 2], "pivot": [-0.56991, 10.59984, -0.41451], "rotation": [0, 90, -47.5], "uv": [0, 48]},
						{"origin": [-3, 1.9546, 4.53275], "size": [5, 0.5, 2], "pivot": [-0.56991, 10.59984, -0.41451], "rotation": [0, 90, 7.5], "uv": [0, 48]},
						{"origin": [-2.5, 5.26546, 9.26595], "size": [4, 0.5, 2], "pivot": [-0.56991, 10.59984, -0.41451], "rotation": [0, 90, 30], "uv": [0, 48]},
						{"origin": [-2, -1.98779, 1.79936], "size": [3, 0.5, 2], "pivot": [-0.56991, 10.59984, -0.41451], "rotation": [0, 90, -25], "uv": [0, 48]},
						{"origin": [-1.5, -2.55739, -0.66276], "size": [2, 0.5, 1], "pivot": [-0.56991, 10.59984, -0.41451], "rotation": [0, 90, -45], "uv": [0, 49]}
					]
				},
				{
					"name": "1Leaf4",
					"parent": "LEAF",
					"pivot": [8.5, 1.01597, 0.29839],
					"rotation": [0, 90, 0],
					"cubes": [
						{"origin": [8, 4.31293, -18.85094], "size": [1, 0.5, 1], "pivot": [8.56991, 10.59984, -7.98871], "rotation": [0, 90, -107.5], "uv": [0, 49]},
						{"origin": [6.5, 1.78814, -14.29128], "size": [4, 0.5, 2], "pivot": [8.56991, 10.59984, -7.98871], "rotation": [0, 90, -47.5], "uv": [0, 48]},
						{"origin": [6, 1.89902, -3.46361], "size": [5, 0.5, 2], "pivot": [8.56991, 10.59984, -7.98871], "rotation": [0, 90, 7.5], "uv": [1, 48]},
						{"origin": [6.5, 5.05256, 1.32299], "size": [4, 0.5, 2], "pivot": [8.56991, 10.59984, -7.98871], "rotation": [0, 90, 30], "uv": [0, 48]},
						{"origin": [7, -1.80783, -6.16074], "size": [3, 0.5, 2], "pivot": [8.56991, 10.59984, -7.98871], "rotation": [0, 90, -25], "uv": [0, 48]},
						{"origin": [7.5, -2.2563, -8.53805], "size": [2, 0.5, 1], "pivot": [8.56991, 10.59984, -7.98871], "rotation": [0, 90, -45], "uv": [0, 49]}
					]
				},
				{
					"name": "Body",
					"pivot": [0, 0, 0]
				},
				{
					"name": "Head",
					"parent": "Body",
					"pivot": [0, 0, 0]
				},
				{
					"name": "Body3",
					"parent": "Head",
					"pivot": [-5, 16, 0],
					"cubes": [
						{"origin": [-10.97891, 8.86691, -0.625], "size": [8.125, 1, 1.875], "pivot": [0.2129, 10.59984, 0.22848], "rotation": [90, 35, 90], "uv": [0, 48]},
						{"origin": [-5.14058, 9.11691, 6.79529], "size": [10.75, 0.5, 1.125], "pivot": [0.2129, 10.59984, 0.22848], "rotation": [55, 0, 0], "uv": [0, 49]},
						{"origin": [-2.51558, 9.49191, 4.29529], "size": [5.625, 1, 5.75], "pivot": [0.2129, 10.59984, 0.22848], "rotation": [55, 0, 0], "uv": [32, 42]},
						{"origin": [-12.29141, 9.36691, -0.3125], "size": [10.75, 0.5, 1.125], "pivot": [0.2129, 10.59984, 0.22848], "rotation": [90, 35, 90], "uv": [0, 49]},
						{"origin": [4.84222, 9.61691, -3.10555], "size": [4.5, 1, 6.625], "pivot": [0.2129, 10.59984, 0.22848], "rotation": [90, -35, -90], "uv": [30, 41]},
						{"origin": [-3.76558, 8.74191, 6.42029], "size": [8.125, 1, 1.875], "pivot": [0.2129, 10.59984, 0.22848], "rotation": [55, 0, 0], "uv": [0, 48]},
						{"origin": [-2.01558, 9.61691, 3.79529], "size": [4.5, 1, 6.625], "pivot": [0.2129, 10.59984, 0.22848], "rotation": [55, 0, 0], "uv": [30, 41]},
						{"origin": [-5.25, 18.625, -5.75], "size": [10.625, 5.625, 12.125], "pivot": [0.2129, 10.59984, 0.22848], "rotation": [0, 90, 0], "uv": [0, 0]},
						{"origin": [-4.375, 24.25, -5.125], "size": [8.125, 1.125, 10.25], "pivot": [0.2129, 10.59984, 0.22848], "rotation": [0, 90, 0], "uv": [0, 0]},
						{"origin": [-4.5, 19.25, -6.125], "size": [8.625, 4.375, 13.125], "pivot": [0.2129, 10.59984, 0.22848], "rotation": [0, 90, 0], "uv": [0, 0]},
						{"origin": [5.89009, 18.06203, -4.375], "size": [4.5, 2.75, 9.25], "pivot": [0.2129, 10.59984, 0.22848], "rotation": [-90, 82.5, -90], "uv": [0, 0]}
					]
				},
				{
					"name": "Body2",
					"parent": "Body3",
					"pivot": [0, 0, 0]
				},
				{
					"name": "teeth",
					"parent": "Body2",
					"pivot": [-2.125, 13.125, 0],
					"cubes": [
						{"origin": [-2.39058, 17.81098, -8.60974], "size": [1.75, 1.5, 0.75], "pivot": [0.2129, 10.59984, 0.22848], "rotation": [0, 0, 0], "uv": [13, 27]},
						{"origin": [0.85942, 17.68598, -8.60974], "size": [1.75, 1.5, 0.75], "pivot": [0.2129, 10.59984, 0.22848], "rotation": [0, 0, 0], "uv": [10, 27]},
						{"origin": [-8.26431, 11.4495, 3.125], "size": [1.75, 1.5, 0.75], "pivot": [0.2129, 10.59984, 0.22848], "rotation": [90, 7.5, 90], "uv": [13, 25]},
						{"origin": [-8.01431, 13.5745, 3.125], "size": [1.75, 1.5, 0.75], "pivot": [0.2129, 10.59984, 0.22848], "rotation": [90, 7.5, 90], "uv": [10, 27]},
						{"origin": [-8.01431, 16.0745, 3.125], "size": [1.75, 1.5, 0.75], "pivot": [0.2129, 10.59984, 0.22848], "rotation": [90, 7.5, 90], "uv": [14, 26]},
						{"origin": [-8.01431, 18.4495, 3.125], "size": [1.75, 1.5, 0.75], "pivot": [0.2129, 10.59984, 0.22848], "rotation": [90, 7.5, 90], "uv": [9, 27]}
					]
				},
				{
					"name": "DownBite",
					"parent": "teeth",
					"pivot": [-3.75, 18.125, 0],
					"cubes": [
						{"origin": [-4.07436, 11.61774, -4.125], "size": [6.75, 1.75, 8.625], "pivot": [0.2129, 10.59984, 0.22848], "rotation": [90, 60, 90], "uv": [0, 0]},
						{"origin": [-0.88223, 13.75095, -4.625], "size": [2.5, 7.625, 9.75], "pivot": [0.2129, 10.59984, 0.22848], "rotation": [-90, 62.5, -90], "uv": [0, 0]},
						{"origin": [-7.18398, 10.52423, -3.625], "size": [1.75, 1.5, 0.75], "pivot": [0.2129, 10.59984, 0.22848], "rotation": [90, 17.5, 90], "uv": [10, 25]},
						{"origin": [-3.66292, 12.5923, -3.625], "size": [1.75, 1.5, 0.75], "pivot": [0.2129, 10.59984, 0.22848], "rotation": [90, 42.5, 90], "uv": [12, 25]},
						{"origin": [0.05064, 13.36774, -3.625], "size": [1.75, 1.5, 0.75], "pivot": [0.2129, 10.59984, 0.22848], "rotation": [90, 60, 90], "uv": [10, 25]},
						{"origin": [-2.01558, 13.49274, -1.73427], "size": [1.75, 1.5, 0.75], "pivot": [0.2129, 10.59984, 0.22848], "rotation": [30, 0, 0], "uv": [9, 28]},
						{"origin": [0.73442, 13.36774, -1.60927], "size": [1.75, 1.5, 0.75], "pivot": [0.2129, 10.59984, 0.22848], "rotation": [30, 0, 0], "uv": [12, 26]},
						{"origin": [0.05064, 13.36774, 3.125], "size": [1.75, 1.5, 0.75], "pivot": [0.2129, 10.59984, 0.22848], "rotation": [90, 60, 90], "uv": [11, 25]},
						{"origin": [-3.66292, 12.5923, 3.125], "size": [1.75, 1.5, 0.75], "pivot": [0.2129, 10.59984, 0.22848], "rotation": [90, 42.5, 90], "uv": [8, 28]},
						{"origin": [-7.18398, 10.52423, 3.125], "size": [1.75, 1.5, 0.75], "pivot": [0.2129, 10.59984, 0.22848], "rotation": [90, 17.5, 90], "uv": [11, 26]}
					]
				},
				{
					"name": "teeth2",
					"parent": "teeth",
					"pivot": [-2.125, 13.125, -6.75],
					"cubes": [
						{"origin": [-8.26431, 11.4495, -3.625], "size": [1.75, 1.5, 0.75], "pivot": [0.2129, 10.59984, 0.22848], "rotation": [90, 7.5, 90], "uv": [10, 25]},
						{"origin": [-8.01431, 13.5745, -3.625], "size": [1.75, 1.5, 0.75], "pivot": [0.2129, 10.59984, 0.22848], "rotation": [90, 7.5, 90], "uv": [10, 25]},
						{"origin": [-8.01431, 16.0745, -3.625], "size": [1.75, 1.5, 0.75], "pivot": [0.2129, 10.59984, 0.22848], "rotation": [90, 7.5, 90], "uv": [16, 26]},
						{"origin": [-8.01431, 18.4495, -3.625], "size": [1.75, 1.5, 0.75], "pivot": [0.2129, 10.59984, 0.22848], "rotation": [90, 7.5, 90], "uv": [13, 25]}
					]
				},
				{
					"name": "Peashootet",
					"parent": "Body3",
					"pivot": [0, 0, 0],
					"cubes": [
						{"origin": [-3.8077, 13.74887, -2.375], "size": [5, 4.875, 4.875], "pivot": [0.2129, 10.59984, 0.22848], "rotation": [90, 77.5, 90], "uv": [32, 31]},
						{"origin": [1.1923, 14.74887, -1.5], "size": [1, 2.875, 3], "pivot": [0.2129, 10.59984, 0.22848], "rotation": [90, 77.5, 90], "uv": [42, 35]},
						{"origin": [2.1923, 14.37387, -1.875], "size": [1, 3.75, 4], "pivot": [0.2129, 10.59984, 0.22848], "rotation": [90, 77.5, 90], "uv": [40, 33]},
						{"origin": [2.58408, 14.73702, -1.5], "size": [0.75, 3, 3.25], "pivot": [0.2129, 10.59984, 0.22848], "rotation": [90, 77.5, 90], "uv": [44, 22]},
						{"origin": [-1.1827, 15.87387, -2.5], "size": [1.625, 1.875, 5.125], "pivot": [0.2129, 10.59984, 0.22848], "rotation": [90, 77.5, 90], "uv": [38, 23]},
						{"origin": [-0.8077, 16.62387, -2.625], "size": [0.875, 0.875, 5.375], "pivot": [0.2129, 10.59984, 0.22848], "rotation": [90, 77.5, 90], "uv": [10, 24]}
					]
				},
				{
					"name": "stem",
					"parent": "Head",
					"pivot": [0, 0, 0],
					"cubes": [
						{"origin": [-2, 0, -1.5], "size": [4, 4, 3.625], "pivot": [0.2129, 10.59984, 0.22848], "rotation": [0, 90, 0], "uv": [0, 0]},
						{"origin": [-4.26927, 3.83333, -1.125], "size": [2.875, 4, 2.75], "pivot": [0.2129, 10.59984, 0.22848], "rotation": [-90, 65, -90], "uv": [0, 0]},
						{"origin": [-4.88286, 9.44117, -0.875], "size": [2, 5.375, 2.25], "pivot": [0.2129, 10.59984, 0.22848], "rotation": [-90, 27.5, -90], "uv": [0, 0]},
						{"origin": [-2.47285, 15.54737, -0.625], "size": [1.75, 3.25, 1.875], "pivot": [0.2129, 10.59984, 0.22848], "rotation": [-90, 0, -90], "uv": [0, 0]},
						{"origin": [-7.85391, 5.24191, -0.625], "size": [1.75, 5.625, 1.875], "pivot": [0.2129, 10.59984, 0.22848], "rotation": [90, 35, 90], "uv": [0, 0]},
						{"origin": [-9.11108, 10.05683, -0.625], "size": [1.75, 3.25, 1.875], "pivot": [0.2129, 10.59984, 0.22848], "rotation": [90, 85, 90], "uv": [0, 0]},
						{"origin": [-8.09436, 11.546, -0.625], "size": [1.75, 3.25, 1.875], "pivot": [0.2129, 10.59984, 0.22848], "rotation": [-90, 65, -90], "uv": [0, 0]}
					]
				}
			]
		}
	]
}