{
	"format_version": "1.12.0",
	"minecraft:geometry": [
		{
			"description": {
				"identifier": "geometry.fireball",
				"texture_width": 128,
				"texture_height": 128,
				"visible_bounds_width": 3,
				"visible_bounds_height": 2.5,
				"visible_bounds_offset": [0, 0.75, 0]
			},
			"bones": [
				{
					"name": "red_bird",
					"pivot": [0, 0, 0]
				},
				{
					"name": "body",
					"parent": "red_bird",
					"pivot": [0, 0, 0],
					"cubes": [
						{"origin": [-5.04, 0, -5.04], "size": [10.08, 1.26, 10.08], "uv": [76, 26]},
						{"origin": [-5.04, 15.12, -5.04], "size": [10.08, 1.26, 10.08], "uv": [40, 80]},
						{"origin": [-6.3, 13.86, -6.3], "size": [12.6, 1.26, 12.6], "uv": [45, 0]},
						{"origin": [-6.3, 1.26, -6.3], "size": [12.6, 1.26, 12.6], "uv": [60, 13]},
						{"origin": [-7.56, 13.86, -5.04], "size": [15.12, 1.26, 10.08], "uv": [40, 69]},
						{"origin": [-7.56, 1.26, -5.04], "size": [15.12, 1.26, 10.08], "uv": [0, 70]},
						{"origin": [-5.04, 13.86, -7.56], "size": [10.08, 1.26, 15.12], "uv": [41, 26]},
						{"origin": [-5.04, 1.26, -7.56], "size": [10.08, 1.26, 15.12], "uv": [0, 54]},
						{"origin": [-7.56, 2.52, -7.56], "size": [15.12, 11.34, 15.12], "uv": [0, 0]},
						{"origin": [-8.82, 2.52, -6.3], "size": [17.64, 11.34, 12.6], "uv": [46, 46]},
						{"origin": [-6.3, 2.52, -8.82], "size": [12.6, 11.34, 17.64], "uv": [0, 26]},
						{"origin": [-3.78, 0, -6.3], "size": [7.56, 1.26, 12.6], "uv": [78, 69]},
						{"origin": [-3.78, 15.12, -6.3], "size": [7.56, 1.26, 12.6], "uv": [0, 81]},
						{"origin": [-6.3, 0, -3.78], "size": [12.6, 1.26, 7.56], "uv": [81, 0]},
						{"origin": [-6.3, 15.12, -3.78], "size": [12.6, 1.26, 7.56], "uv": [70, 82]}
					]
				},
				{
					"name": "beak",
					"parent": "red_bird",
					"pivot": [0, 0, 0]
				},
				{
					"name": "eyes",
					"parent": "red_bird",
					"pivot": [0, 0, 0]
				},
				{
					"name": "pupils",
					"parent": "eyes",
					"pivot": [0, 0, 0]
				}
			]
		}
	]
}