{
	"format_version": "1.12.0",
	"minecraft:geometry": [
		{
			"description": {
				"identifier": "geometry.spikerock",
				"texture_width": 96,
				"texture_height": 96,
				"visible_bounds_width": 4,
				"visible_bounds_height": 2.5,
				"visible_bounds_offset": [0, 0.75, 0]
			},
			"bones": [
				{
					"name": "spikerock",
					"pivot": [0, 0, 0]
				},
				{
					"name": "base",
					"parent": "spikerock",
					"pivot": [0, 0, 0],
					"cubes": [
						{"origin": [-12, 0, -4], "size": [24, 3, 10], "uv": [0, 0]},
						{"origin": [-6, -1.10834, -6.19747], "size": [12, 3, 4], "pivot": [0, 0.39166, -3.69747], "rotation": [-32.5, 0, 0], "uv": [0, 29]},
						{"origin": [-6, 0, -8], "size": [12, 1, 2], "uv": [28, 29]},
						{"origin": [-1.5, 9.92396, -1.2], "size": [3, 2, 3], "pivot": [0, 11.42396, 0.10252], "rotation": [-35, 0, 0], "uv": [0, 21]},
						{"origin": [-1, 10.50911, -0.83206], "size": [2, 5, 2], "pivot": [0, 11.50911, 0.16794], "rotation": [-45, 0, 0], "uv": [0, 0]},
						{"origin": [-2, 6.2255, -3.2], "size": [4, 5, 4], "pivot": [0, 7.7255, -1.60758], "rotation": [-20, 0, 0], "uv": [16, 42]},
						{"origin": [-2.5, 2, -4], "size": [5, 5, 5], "uv": [27, 32]},
						{"origin": [-6, 0, -5], "size": [12, 3, 13], "uv": [0, 13]},
						{"origin": [-2, 0, 4], "size": [4, 4, 4], "pivot": [0, 2, 6], "rotation": [-90, 0, -135], "uv": [12, 51]},
						{"origin": [2, 0, 4], "size": [4, 4, 4], "pivot": [4, 2, 6], "rotation": [-90, 0, -135], "uv": [44, 46]},
						{"origin": [2, 0, -1], "size": [4, 4, 4], "pivot": [4, 2, 1], "rotation": [-90, 0, -135], "uv": [0, 46]},
						{"origin": [-2, 0, -1], "size": [4, 4, 4], "pivot": [0, 2, 1], "rotation": [-90, 0, -135], "uv": [44, 38]},
						{"origin": [-6, 0, -1], "size": [4, 4, 4], "pivot": [-4, 2, 1], "rotation": [-90, 0, -135], "uv": [32, 42]},
						{"origin": [-6, 0, 4], "size": [4, 4, 4], "pivot": [-4, 2, 6], "rotation": [-90, 0, -135], "uv": [28, 50]},
						{"origin": [0, 0, 5], "size": [4, 2, 4], "pivot": [2, 2, 7], "rotation": [-90, 0, -135], "uv": [68, 7]},
						{"origin": [-4, 0, 5], "size": [4, 2, 4], "pivot": [-2, 2, 7], "rotation": [-90, 0, -135], "uv": [12, 68]},
						{"origin": [5, 0, 4], "size": [4, 2, 4], "pivot": [7, 2, 6], "rotation": [-90, 0, -135], "uv": [64, 66]},
						{"origin": [-9, 0, 4], "size": [4, 2, 4], "pivot": [-7, 2, 6], "rotation": [-90, 0, -135], "uv": [65, 23]},
						{"origin": [-12, 0, 3], "size": [4, 2, 4], "pivot": [-10, 2, 5], "rotation": [-90, 0, -135], "uv": [24, 65]},
						{"origin": [8, 0, 3], "size": [4, 2, 4], "pivot": [10, 2, 5], "rotation": [-90, 0, -135], "uv": [56, 50]},
						{"origin": [-7, 0, 2], "size": [4, 2, 4], "pivot": [-5, 2, 4], "rotation": [-90, 0, -135], "uv": [52, 64]},
						{"origin": [-4, 0, 2], "size": [4, 2, 4], "pivot": [-2, 2, 4], "rotation": [-90, 0, -135], "uv": [0, 64]},
						{"origin": [0, 0, 2], "size": [4, 2, 4], "pivot": [2, 2, 4], "rotation": [-90, 0, -135], "uv": [56, 36]},
						{"origin": [4, 0, 2], "size": [4, 2, 4], "pivot": [6, 2, 4], "rotation": [-90, 0, -135], "uv": [57, 13]},
						{"origin": [-10, 2, -3], "size": [4, 4, 4], "pivot": [-8, 3.5, -1], "rotation": [15, 52.5, 0], "uv": [53, 19]},
						{"origin": [6, 2, -3], "size": [4, 4, 4], "pivot": [8, 3.5, -1], "rotation": [15, -52.5, 0], "uv": [52, 28]},
						{"origin": [-10, 5.02709, -3.21234], "size": [3.5, 5, 3.5], "pivot": [-8.27673, 6.52709, -1.21234], "rotation": [-10, 52.5, 0], "uv": [37, 69]},
						{"origin": [6.7, 5.02709, -3.43189], "size": [3.5, 5, 3.5], "pivot": [8.10827, 6.52709, -1.43189], "rotation": [-10, -52.5, 0], "uv": [0, 13]},
						{"origin": [-8.95, 8.68471, -2.71038], "size": [3, 3, 3], "pivot": [-7.23199, 10.18471, -0.71038], "rotation": [-40, 52.5, 0], "uv": [49, 70]},
						{"origin": [5.8, 8.68471, -2.09888], "size": [3, 3, 3], "pivot": [7.70121, 10.18471, -0.09888], "rotation": [-40, -52.5, 0], "uv": [0, 70]},
						{"origin": [-7.53936, 11.3, -0.5], "size": [2, 4, 2], "pivot": [-6.53936, 12.5431, 0.15891], "rotation": [-52.5, 52.5, 0], "uv": [71, 17]},
						{"origin": [5.46064, 11.3, -0.5], "size": [2, 4, 2], "pivot": [6.46064, 12.5431, 0.15891], "rotation": [-52.5, -52.5, 0], "uv": [28, 71]},
						{"origin": [4, 0, -6.17157], "size": [4, 2, 3], "pivot": [6, 1, -5.17157], "rotation": [0, 15, 0], "uv": [69, 53]},
						{"origin": [-8.05437, 0, 2.24144], "size": [4, 2, 4], "pivot": [0, 1, 4.82843], "rotation": [0, 17.5, 0], "uv": [68, 38]},
						{"origin": [-8, 0, -6.17157], "size": [4, 2, 3], "pivot": [-6, 1, -5.17157], "rotation": [0, -15, 0], "uv": [69, 47]},
						{"origin": [4.05437, 0, 3.24144], "size": [4, 2, 4], "pivot": [0, 1, 5.82843], "rotation": [0, -12.5, 0], "uv": [68, 29]},
						{"origin": [7, 0, -6.17157], "size": [4, 3, 4], "pivot": [9, 1, -4.17157], "rotation": [0, 15, 0], "uv": [36, 62]},
						{"origin": [-10.69333, 0, 1.49906], "size": [4, 3, 4], "pivot": [0, 1, 5.82843], "rotation": [0, 17.5, 0], "uv": [58, 0]},
						{"origin": [-11, 0, -6.17157], "size": [4, 3, 4], "pivot": [-9, 1, -4.17157], "rotation": [0, -15, 0], "uv": [12, 61]},
						{"origin": [6.69333, 0, 1.49906], "size": [4, 3, 4], "pivot": [0, 1, 5.82843], "rotation": [0, -12.5, 0], "uv": [24, 58]},
						{"origin": [10, 0, -5.17157], "size": [4, 4, 4], "pivot": [12, 1, -3.17157], "rotation": [0, 45, 0], "uv": [56, 42]},
						{"origin": [-9.77817, 0, -5.36396], "size": [4, 4, 4], "pivot": [0, 1, 5.82843], "rotation": [0, 47.5, 0], "uv": [0, 55]},
						{"origin": [-14, 0, -5.17157], "size": [4, 4, 4], "pivot": [-12, 1, -3.17157], "rotation": [0, -45, 0], "uv": [56, 56]},
						{"origin": [5.77817, 0, -5.36396], "size": [4, 4, 4], "pivot": [0, 1, 5.82843], "rotation": [0, -42.5, 0], "uv": [40, 54]},
						{"origin": [-15.26147, 0, -2], "size": [5, 5, 5], "pivot": [-12.76147, 1, 0.33679], "rotation": [0, -42.5, 0], "uv": [37, 13]},
						{"origin": [9.73853, 0, -2], "size": [5, 5, 5], "pivot": [12.23853, 1, 0.33679], "rotation": [0, -42.5, 0], "uv": [0, 36]}
					]
				},
				{
					"name": "small spike",
					"parent": "spikerock",
					"pivot": [0, 0, 0],
					"cubes": [
						{"origin": [-3, 0, -9.5], "size": [2, 2, 2], "uv": [28, 42]},
						{"origin": [1, 0, -9.5], "size": [2, 2, 2], "uv": [15, 36]},
						{"origin": [1.3, 1.18459, -9.09789], "size": [1.5, 1, 1.5], "pivot": [2, 2.18459, -8.09789], "rotation": [-37.5, 0, 0], "uv": [0, 29]},
						{"origin": [1.5, 2.18459, -8.3], "size": [1, 2, 1], "pivot": [2, 3.18459, -8.09789], "rotation": [-37.5, 0, 0], "uv": [0, 7]},
						{"origin": [-2.5, 2.18459, -8.3], "size": [1, 2, 1], "pivot": [-2, 3.18459, -8.09789], "rotation": [-37.5, 0, 0], "uv": [4, 7]},
						{"origin": [-2.75, 1.18459, -9.09789], "size": [1.5, 1, 1.5], "pivot": [-2, 2.18459, -8.09789], "rotation": [-37.5, 0, 0], "uv": [6, 0]},
						{"origin": [-1, 0, -9], "size": [1, 2, 1], "uv": [9, 21]},
						{"origin": [0, 0, -9], "size": [1, 2, 1], "uv": [9, 13]},
						{"origin": [0.3, 2, -8.5], "size": [0.5, 0.8, 0.5], "pivot": [0.75, 2.4, -8.75], "rotation": [-30, 0, 0], "uv": [0, 0]},
						{"origin": [-0.7, 2, -8.5], "size": [0.5, 0.8, 0.5], "pivot": [-0.25, 2.4, -8.75], "rotation": [-30, 0, 0], "uv": [0, 0]}
					]
				}
			]
		}
	]
}