{
	"format_version": "1.12.0",
	"minecraft:geometry": [
		{
			"description": {
				"identifier": "geometry.tallnut",
				"texture_width": 96,
				"texture_height": 96,
				"visible_bounds_width": 2,
				"visible_bounds_height": 2,
				"visible_bounds_offset": [0, 0, 0]
			},
			"bones": [
				{
					"name": "wallnut",
					"pivot": [1, 0, 0],
					"rotation": [-180, 0, 180]
				},
				{
					"name": "base",
					"parent": "wallnut",
					"pivot": [1, 0, 0]
				},
				{
					"name": "eyes",
					"parent": "base",
					"pivot": [1, 0, 0],
					"cubes": [
						{"origin": [1.5, 15, 4], "size": [2.5, 1, 1], "uv": [44, 85]},
						{"origin": [1.5, 15, 4], "size": [2.5, 1, 1], "uv": [44, 85]},
						{"origin": [1.8, 14.8, 4], "size": [2, 0.5, 1], "uv": [35, 77]}
					]
				},
				{
					"name": "eyes2",
					"parent": "base",
					"pivot": [-2, 0, 0],
					"cubes": [
						{"origin": [-1.5, 15, 4], "size": [2.5, 1, 1], "uv": [26, 85]},
						{"origin": [-1.2, 14.8, 4], "size": [2, 0.5, 1], "uv": [35, 82]}
					]
				},
				{
					"name": "body",
					"parent": "base",
					"pivot": [1, 0, 0],
					"cubes": [
						{"origin": [-2, 0, -2], "size": [7, 5, 5], "uv": [57, 12]},
						{"origin": [-3, 0.5, -3], "size": [9, 11, 7], "uv": [0, 18]},
						{"origin": [-2.5, 0.5, -3.5], "size": [8, 10.5, 8], "uv": [0, 0]},
						{"origin": [-2, 7, -3.5], "size": [7, 9.5, 8], "uv": [32, 0]},
						{"origin": [-1.5, 16.5, -3.5], "size": [6, 2.5, 8], "uv": [52, 52]},
						{"origin": [-3.5, 0.8, -2.7], "size": [10, 10.5, 6.5], "uv": [26, 30]},
						{"origin": [-3, 7.8, -2.7], "size": [9, 8.5, 6.5], "uv": [30, 46]},
						{"origin": [-2.5, 12.8, -2.7], "size": [8, 5.5, 6.5], "uv": [54, 24]},
						{"origin": [-2.5, 7.5, -3], "size": [8, 9, 7], "uv": [0, 39]},
						{"origin": [-2, 12.5, -3], "size": [7, 6, 7], "uv": [32, 17]},
						{"origin": [-1.5, 14.5, -3], "size": [6, 5, 7], "uv": [54, 39]},
						{"origin": [-1, 15, -3], "size": [5, 5, 7], "uv": [0, 55]}
					]
				}
			]
		}
	]
}