{
	"format_version": "1.12.0",
	"minecraft:geometry": [
		{
			"description": {
				"identifier": "geometry.threepeater",
				"texture_width": 80,
				"texture_height": 80,
				"visible_bounds_width": 4,
				"visible_bounds_height": 2,
				"visible_bounds_offset": [0, 0, 0]
			},
			"bones": [
				{
					"name": "threepeater",
					"pivot": [0, 0, 0]
				},
				{
					"name": "leaves",
					"parent": "threepeater",
					"pivot": [0, 0, 0],
					"rotation": [0, 40, 0]
				},
				{
					"name": "leaf1",
					"parent": "leaves",
					"pivot": [0, 0, 0],
					"cubes": [
						{"origin": [0, 0, -1.05], "size": [4.2, 0.7, 3.1], "pivot": [0, 0, 0], "rotation": [0, 0, -30], "uv": [60, 75]},
						{"origin": [3.40192, 2.3, -0.8], "size": [2.2, 0.7, 2.6], "pivot": [3, 3, 0], "rotation": [0, 0, 45], "uv": [64, 69]}
					]
				},
				{
					"name": "leaf2",
					"parent": "leaves",
					"pivot": [0, 0, 0],
					"cubes": [
						{"origin": [-2.05, 0, 0], "size": [3.1, 0.7, 4.2], "pivot": [0, 0, 0], "rotation": [10, 0, 0], "uv": [61, 75]},
						{"origin": [-1.8, 0.7, 3.8], "size": [2.6, 0.7, 2.2], "pivot": [0, 1, 4], "rotation": [-25, 0, 0], "uv": [64, 71]}
					]
				},
				{
					"name": "leaf3",
					"parent": "leaves",
					"pivot": [0, 0, 0],
					"cubes": [
						{"origin": [-4.2, 0, -2.05], "size": [4.2, 0.7, 3.1], "pivot": [0, 0, 0], "rotation": [0, 0, 15], "uv": [61, 75]},
						{"origin": [-5.4, 0.8, -1.8], "size": [2, 0.7, 2.6], "pivot": [-4, 1, 0], "rotation": [0, 0, -30], "uv": [70, 76]}
					]
				},
				{
					"name": "leaf4",
					"parent": "leaves",
					"pivot": [0, 0, 0],
					"cubes": [
						{"origin": [-0.8, 1.6, -5.63584], "size": [2.6, 0.7, 2.2], "pivot": [0, 2, -3], "rotation": [5, 0, 0], "uv": [57, 76]},
						{"origin": [-1.05, 0, -4.2], "size": [3.1, 0.7, 4.2], "pivot": [0, 0, 0], "rotation": [-25, 0, 0], "uv": [65, 75]}
					]
				},
				{
					"name": "stem",
					"parent": "threepeater",
					"pivot": [0, 0, 0]
				},
				{
					"name": "stem1",
					"parent": "stem",
					"pivot": [0, 0, 0],
					"cubes": [
						{"origin": [-1.5, 1, -0.5], "size": [1.5, 5, 1.5], "pivot": [0, 1, 0], "rotation": [0, 0, -50], "uv": [8, 59]},
						{"origin": [-5.33022, 4.21394, -0.5], "size": [1.5, 5, 1.5], "pivot": [-3.83022, 4.21394, 0], "rotation": [0, 0, -85], "uv": [4, 59]},
						{"origin": [-9.38127, 4.21608, -0.5], "size": [1.5, 4, 1.5], "pivot": [-7.88127, 4.21608, 0], "rotation": [0, 0, -45], "uv": [47, 59]},
						{"origin": [-11.77036, 5.98385, -0.5], "size": [1.5, 2, 1.5], "uv": [36, 50]}
					]
				},
				{
					"name": "stem2",
					"parent": "stem",
					"pivot": [0, 0, 0],
					"cubes": [
						{"origin": [-1, 0.5, -0.5], "size": [1.5, 5, 1.5], "pivot": [0, 1, 0], "rotation": [-40, 0, 0], "uv": [0, 59]},
						{"origin": [-1, 4.08558, 2.69253], "size": [1.5, 5, 1.5], "pivot": [0, 4.58558, 3.19253], "rotation": [-60, 0, 0], "uv": [58, 0]},
						{"origin": [-1, 6.13561, 6.19167], "size": [1.5, 5, 1.5], "pivot": [0, 6.63561, 6.69167], "rotation": [-10, 0, 0], "uv": [0, 48]},
						{"origin": [-1, 10.19263, 6.34186], "size": [1.5, 6, 1.5], "pivot": [0, 11.69263, 6.84186], "rotation": [30, 0, 0], "uv": [58, 25]}
					]
				},
				{
					"name": "stem3",
					"parent": "stem",
					"pivot": [0, 0, 0],
					"cubes": [
						{"origin": [0, 1, -0.5], "size": [1.5, 3, 1.5], "pivot": [0, 1, 0], "rotation": [0, 0, 42.5], "uv": [15, 63]},
						{"origin": [1.92869, 3.1661, -0.51185], "size": [1.5, 4, 1.5], "pivot": [1.92869, 3.1661, -0.01185], "rotation": [-12.5, 0, 65], "uv": [43, 59]},
						{"origin": [8.19202, 5.70008, 2.17999], "size": [1.5, 3, 1.5], "pivot": [8.19202, 5.70008, 2.67999], "rotation": [-10, 0, 67.5], "uv": [62, 55]},
						{"origin": [9.4446, 6.589, 2.89107], "size": [1.5, 1, 1.5], "pivot": [9.4446, 5.589, 3.39107], "rotation": [7.5, 2.5, 42.5], "uv": [24, 50]},
						{"origin": [5.32764, 4.78706, 0.29877], "size": [1.5, 4, 1.5], "pivot": [5.32764, 4.78706, 0.79877], "rotation": [-30, 0, 72.5], "uv": [12, 59]}
					]
				},
				{
					"name": "head",
					"parent": "threepeater",
					"pivot": [0, 0, 0]
				},
				{
					"name": "head1",
					"parent": "head",
					"pivot": [-11, 10, 0],
					"rotation": [5, -5, 0]
				},
				{
					"name": "snout",
					"parent": "head1",
					"pivot": [-11, 0, 0],
					"cubes": [
						{"origin": [-13.1, 8.2, -7.5], "size": [1, 4.2, 1.5], "uv": [62, 25]},
						{"origin": [-9.8, 8.2, -7.5], "size": [1, 4.2, 1.5], "uv": [62, 0]},
						{"origin": [-13, 11.6, -7.5], "size": [4, 1.2, 1.5], "uv": [48, 40]},
						{"origin": [-13, 7.9, -7.5], "size": [4, 1.2, 1.5], "uv": [30, 48]},
						{"origin": [-12.8, 8.2, -6.5], "size": [3.7, 4.2, 1.5], "uv": [57, 11]},
						{"origin": [-12.51, 8.8, -6.2], "size": [3.1, 3, 3], "uv": [48, 53]}
					]
				},
				{
					"name": "upleaf",
					"parent": "head1",
					"pivot": [-11, 1, 3],
					"rotation": [10, 0, 0],
					"cubes": [
						{"origin": [-11.65, 11.21519, 7.02635], "size": [1, 1, 2.1], "uv": [16, 76]},
						{"origin": [-12.5, 11.5, 9], "size": [2.8, 0.7, 3.275], "pivot": [-11, 12.1231, 9.02301], "rotation": [-25, 0, 0], "uv": [8, 74]},
						{"origin": [-12, 10.18372, 11.7901], "size": [1.8, 0.7, 2], "pivot": [-11, 10.61735, 11.80378], "rotation": [-55, 0, 0], "uv": [10, 76]}
					]
				},
				{
					"name": "base",
					"parent": "head1",
					"pivot": [-11, 0, 0],
					"cubes": [
						{"origin": [-12.4, 7, -1.4], "size": [2.8, 0.7, 2.8], "uv": [39, 70]},
						{"origin": [-13.8, 7.7, -2.8], "size": [5.6, 6.6, 7.6], "uv": [19, 52]},
						{"origin": [-13.8, 8, -3.8], "size": [5.6, 5.8, 9.6], "uv": [19, 34]},
						{"origin": [-14.4, 7.9, -3.2], "size": [6.7, 6, 8.6], "uv": [0, 28]},
						{"origin": [-14.9, 8.2, -2], "size": [7.9, 5.5, 6.9], "uv": [0, 48]}
					]
				},
				{
					"name": "head2",
					"parent": "head",
					"pivot": [0, 18, 5],
					"rotation": [5, 0, 0]
				},
				{
					"name": "snout2",
					"parent": "head2",
					"pivot": [0, 8, 5],
					"cubes": [
						{"origin": [-2.1, 16.2, -2.5], "size": [1, 4.2, 1.5], "uv": [61, 40]},
						{"origin": [1.2, 16.2, -2.5], "size": [1, 4.2, 1.5], "uv": [59, 59]},
						{"origin": [-2, 19.6, -2.5], "size": [4, 1.2, 1.5], "uv": [20, 48]},
						{"origin": [-2, 15.9, -2.5], "size": [4, 1.2, 1.5], "uv": [9, 42]},
						{"origin": [-1.8, 16.2, -1.5], "size": [3.7, 4.2, 1.5], "uv": [34, 0]},
						{"origin": [-1.51, 16.8, -1.2], "size": [3.1, 3, 3], "uv": [36, 53]}
					]
				},
				{
					"name": "upleaf2",
					"parent": "head2",
					"pivot": [0, 9, 8],
					"rotation": [7.46148, 9.99038, -0.44067],
					"cubes": [
						{"origin": [-0.65, 19.21519, 12.02635], "size": [1, 1, 2.1], "uv": [8, 71]},
						{"origin": [-1.5, 19.5, 14], "size": [2.8, 0.7, 3.275], "pivot": [0, 20.1231, 14.02301], "rotation": [-25, 0, 0], "uv": [2, 76]},
						{"origin": [-1, 18.18372, 16.7901], "size": [1.8, 0.7, 2], "pivot": [0, 18.61735, 16.80378], "rotation": [-55, 0, 0], "uv": [10, 73]}
					]
				},
				{
					"name": "upleaf4",
					"parent": "head2",
					"pivot": [2, 10.17051, 6.09477],
					"rotation": [-4.95505, -34.31282, 6.3582],
					"cubes": [
						{"origin": [1.35, 20.3857, 10.12112], "size": [1, 1, 2.1], "uv": [12, 72]},
						{"origin": [0.5, 20.67051, 12.09477], "size": [2.8, 0.7, 3.275], "pivot": [2, 21.29361, 12.11778], "rotation": [-25, 0, 0], "uv": [14, 76]},
						{"origin": [1, 19.35423, 14.88487], "size": [1.8, 0.7, 2], "pivot": [2, 19.78786, 14.89855], "rotation": [-55, 0, 0], "uv": [10, 76]}
					]
				},
				{
					"name": "base2",
					"parent": "head2",
					"pivot": [0, 8, 5],
					"cubes": [
						{"origin": [-1.4, 15, 3.6], "size": [2.8, 0.7, 2.8], "uv": [39, 72]},
						{"origin": [-2.8, 15.7, 2.2], "size": [5.6, 6.6, 7.6], "uv": [41, 27]},
						{"origin": [-2.8, 16, 1.2], "size": [5.6, 5.8, 9.6], "uv": [19, 5]},
						{"origin": [-3.4, 15.9, 1.8], "size": [6.7, 6, 8.6], "uv": [20, 20]},
						{"origin": [-3.9, 16.2, 3], "size": [7.9, 5.5, 6.9], "uv": [41, 42]}
					]
				},
				{
					"name": "head3",
					"parent": "head",
					"pivot": [11, 9, 3],
					"rotation": [5, 5, 0]
				},
				{
					"name": "snout3",
					"parent": "head3",
					"pivot": [11, -1, 3],
					"cubes": [
						{"origin": [8.9, 7.2, -4.5], "size": [1, 4.2, 1.5], "uv": [55, 59]},
						{"origin": [12.2, 7.2, -4.5], "size": [1, 4.2, 1.5], "uv": [51, 59]},
						{"origin": [9, 10.6, -4.5], "size": [4, 1.2, 1.5], "uv": [40, 25]},
						{"origin": [9, 6.9, -4.5], "size": [4, 1.2, 1.5], "uv": [38, 40]},
						{"origin": [9.2, 7.2, -3.5], "size": [3.7, 4.2, 1.5], "uv": [0, 28]},
						{"origin": [9.49, 7.8, -3.2], "size": [3.1, 3, 3], "uv": [0, 42]}
					]
				},
				{
					"name": "upleaf3",
					"parent": "head3",
					"pivot": [11.43578, 2.42651, 1.21229],
					"rotation": [-20, 0, 0],
					"cubes": [
						{"origin": [10.78578, 12.6417, 5.23864], "size": [1, 1, 2.1], "uv": [2, 76]},
						{"origin": [9.93578, 12.92651, 7.21229], "size": [2.8, 0.7, 3.275], "pivot": [11.43578, 13.54961, 7.2353], "rotation": [-25, 0, 0], "uv": [8, 72]},
						{"origin": [10.43578, 11.61023, 10.00239], "size": [1.8, 0.7, 2], "pivot": [11.43578, 12.04386, 10.01607], "rotation": [-55, 0, 0], "uv": [19, 76]}
					]
				},
				{
					"name": "upleaf5",
					"parent": "head3",
					"pivot": [12.17051, 0.16605, 4.10202],
					"rotation": [0.42638, -14.63639, -3.31914],
					"cubes": [
						{"origin": [11.52051, 10.38124, 8.12837], "size": [1, 1, 2.1], "uv": [17, 76]},
						{"origin": [10.67051, 10.66605, 10.10202], "size": [2.8, 0.7, 3.275], "pivot": [12.17051, 11.28915, 10.12503], "rotation": [-25, 0, 0], "uv": [8, 74]},
						{"origin": [11.17051, 9.34977, 12.89212], "size": [1.8, 0.7, 2], "pivot": [12.17051, 9.7834, 12.9058], "rotation": [-55, 0, 0], "uv": [2, 76]}
					]
				},
				{
					"name": "upleaf6",
					"parent": "head3",
					"pivot": [9.09477, 0.10202, 4.83395],
					"rotation": [0.3727, 35.40932, -2.16391],
					"cubes": [
						{"origin": [8.44477, 10.31721, 8.8603], "size": [1, 1, 2.1], "uv": [13, 71]},
						{"origin": [7.59477, 10.60202, 10.83395], "size": [2.8, 0.7, 3.275], "pivot": [9.09477, 11.22512, 10.85696], "rotation": [-25, 0, 0], "uv": [8, 72]},
						{"origin": [8.09477, 9.28574, 13.62405], "size": [1.8, 0.7, 2], "pivot": [9.09477, 9.71937, 13.63773], "rotation": [-55, 0, 0], "uv": [10, 71]}
					]
				},
				{
					"name": "base3",
					"parent": "head3",
					"pivot": [11, -1, 3],
					"cubes": [
						{"origin": [9.6, 6, 1.6], "size": [2.8, 0.7, 2.8], "uv": [39, 76]},
						{"origin": [8.2, 6.7, 0.2], "size": [5.6, 6.6, 7.6], "uv": [40, 12]},
						{"origin": [8.2, 7, -0.8], "size": [5.6, 5.8, 9.6], "uv": [0, 14]},
						{"origin": [7.6, 6.9, -0.2], "size": [6.7, 6, 8.6], "uv": [0, 0]},
						{"origin": [7.1, 7.2, 1], "size": [7.9, 5.5, 6.9], "uv": [38, 0]}
					]
				}
			]
		}
	]
}