{
	"format_version": "1.12.0",
	"minecraft:geometry": [
		{
			"description": {
				"identifier": "geometry.wallnut",
				"texture_width": 80,
				"texture_height": 80,
				"visible_bounds_width": 2,
				"visible_bounds_height": 1,
				"visible_bounds_offset": [0, 0, 0]
			},
			"bones": [
				{
					"name": "wallnut",
					"pivot": [0, 0, 0]
				},
				{
					"name": "base",
					"parent": "wallnut",
					"pivot": [0, 0, 0]
				},
				{
					"name": "eyes",
					"parent": "base",
					"pivot": [0, 0, 0],
					"cubes": [
						{"origin": [-3, 9, -4], "size": [3, 3, 1], "uv": [0, 0]},
						{"origin": [2, 9.5, -4], "size": [2, 2, 1], "uv": [0, 4]}
					]
				},
				{
					"name": "body",
					"parent": "base",
					"pivot": [0, 0, 0],
					"cubes": [
						{"origin": [-3, 0, -2], "size": [7, 1, 5], "uv": [24, 0]},
						{"origin": [-4, 0.5, -3], "size": [9, 7, 7], "uv": [0, 14]},
						{"origin": [-3.5, 0.5, -3.5], "size": [8, 6.5, 8], "uv": [0, 0]},
						{"origin": [-3, 7, -3.5], "size": [7, 5.5, 8], "uv": [25, 6]},
						{"origin": [-2.5, 12.5, -3.5], "size": [6, 2.5, 8], "uv": [0, 43]},
						{"origin": [-4.5, 0.8, -2.7], "size": [10, 6.5, 6.5], "uv": [26, 26]},
						{"origin": [-4, 7.8, -2.7], "size": [9, 4.5, 6.5], "uv": [24, 38]},
						{"origin": [-3.5, 12.8, -2.7], "size": [8, 1.5, 6.5], "uv": [32, 19]},
						{"origin": [-3.5, 7.5, -3], "size": [8, 5, 7], "uv": [0, 31]},
						{"origin": [-3, 12.5, -3], "size": [7, 2, 7], "uv": [47, 47]},
						{"origin": [-2.5, 14.5, -3], "size": [6, 1, 7], "uv": [47, 0]},
						{"origin": [-2, 15, -3], "size": [5, 1, 7], "uv": [21, 48]}
					]
				}
			]
		}
	]
}