{
	"format_version": "1.8.0",
	"minecraft:entity": {
		"description": {
			"identifier": "gw:foot_soldier_bot",
			"is_spawnable": true,
			"is_summonable": true,
			"is_experimental": false
		},
		"component_groups": {
			"minecraft:shoot": {
				"minecraft:spawn_entity": [{
					"min_wait_time": 1,
					"max_wait_time": 6,
					"spawn_entity": "gw:spike",
					"spawn_event": "minecraft:threepeater",
					"num_to_spawn": 1,
					"single_use": false
				}]
			},
			"minecraft:nonshoot": {}
		},
		"components": {
			"minecraft:target_nearby_sensor": {
				"inside_range": 1,
				"outside_range": 1,
				"must_see": true,
				"on_inside_range": {
					"event": "minecraft:shoot",
					"target": "self"
				},
				"on_outside_range": {
					"event": "minecraft:nonshoot",
					"target": "self"
				}
			},
			"minecraft:type_family": {
				"family": [
					"monster","undead","zombie"
				]
			},
			"minecraft:shooter": {
				"def": "gw:spike",
				"count": 1
			},
			"minecraft:behavior.nearest_attackable_target": {
                "priority": 2,
                "within_radius": 30,
                "reselect_targets": true,
                "entity_types": [
                    {
                        "filters": {
                            "any_of": [
                                {
                                    "test": "is_family",
                                    "subject": "other",
                                    "value": "player"
                                },
                                {
                                    "test": "is_family",
                                    "subject": "other",
                                    "value": "villager"
                                },
                                {
                                    "test": "is_family",
                                    "subject": "other",
                                    "value": "plant"
                                }
                            ]
                        },
                        "max_dist": 35
                    },
                    {
                        "filters": {
                            "any_of": [
                                {
                                    "test": "is_family",
                                    "subject": "other",
                                    "value": "villager"
                                },
                                {
                                    "test": "is_family",
                                    "subject": "other",
                                    "value": "iron_golem"
                                }
                            ]
                        },
                        "max_dist": 30,
                        "must_see": false
                    },
                    {
                        "filters": {
                            "all_of": [
                                {
                                    "test": "is_family",
                                    "subject": "other",
                                    "value": "baby_turtle"
                                },
                                {
                                    "test": "in_water",
                                    "subject": "other",
                                    "operator": "!=",
                                    "value": true
                                }
                            ]
                        },
                        "max_dist": 30
                    }
                ],
                "must_see": true,
                "must_see_forget_duration": 17
			},
			"minecraft:behavior.ranged_attack": {
        "priority": 1,
        "attack_interval_min": 1,
        "attack_interval_max": 5,
        "charge_charged_trigger": 0.0,
        "charge_shoot_trigger": 1,
        "attack_radius": 60,
        "burst_shots": 20,
        "burst_interval": 0.4
			},
			"minecraft:breathable": {
				"totalSupply": 15,
				"suffocateTime": 0
			},
			"minecraft:collision_box": {
        "width": 0.6,
        "height": 2.0
			},
			"minecraft:nameable": {},
			"minecraft:health": {
				"value": 60,
				"max": 60
			},
			"minecraft:movement": {
				"value": 0.24
			},
			"minecraft:knockback_resistance": {
				"value": 1
			},
			"minecraft:navigation.walk": {
				"can_path_over_water": false,
				"avoid_damage_blocks": true
			},
			"minecraft:movement.basic": {},
			"minecraft:can_climb": {},
			"minecraft:scale": {
				"value": 1
			},
      "minecraft:damage_sensor": [
        {
          "on_damage": {
            "filters": {
              "test": "is_family",
              "subject": "other",
              "value": "monster"
            }
          },
          "deals_damage": false
        }
      ],
			"minecraft:behavior.float": {
				"priority": 0
			},
			"minecraft:behavior.random_stroll": {
				"priority": 6,
				"speed_multiplier": 1.0
			},
			"minecraft:behavior.random_look_around":          {
				"priority": 8
			},
			"minecraft:push_through": {
				"value": 1
			},
			"minecraft:pushable": {
				"is_pushable": false,
				"is_pushable_by_piston": false
			},
			"minecraft:on_target_escape": {
				"event": "minecraft:nonshoot",
				"target": "self"
			},
			"minecraft:physics": {}
		},
		"events": {

			"minecraft:shoot": {
				"add": {
					"component_groups": [
						"minecraft:shoot"
					]
				},
				"remove": {
					"component_groups": [
						"minecraft:nonshoot"
					]
				}
			},
			"minecraft:nonshoot": {
				"add": {
					"component_groups": [
						"minecraft:nonshoot"
					]
				},
				"remove": {
					"component_groups": [
						"minecraft:shoot"
					]
				}
			}
		}
	}
}