{
	"format_version": "1.12.0",
	"minecraft:geometry": [
		{
			"description": {
				"identifier": "geometry.bones",
				"texture_width": 32,
				"texture_height": 32,
				"visible_bounds_width": 3,
				"visible_bounds_height": 1,
				"visible_bounds_offset": [0, 0, 0]
			},
			"bones": [
				{
					"name": "bone",
					"pivot": [0, 0, 0],
					"cubes": [
						{"origin": [4.5, 0, -6], "size": [4, 3, 4], "pivot": [11, 0, -3], "rotation": [0, 15, 0], "uv": [12, 19]},
						{"origin": [4, 0, 0], "size": [4, 3, 4], "pivot": [10, 0, 3], "rotation": [0, -15, 0], "uv": [0, 15]},
						{"origin": [-8, 0, -2], "size": [4, 3, 4], "pivot": [-2, 0, 1], "rotation": [0, 17.5, 0], "uv": [12, 12]},
						{"origin": [-8.5, 0, -4], "size": [4, 3, 4], "pivot": [-3, 0, -1], "rotation": [0, -12.5, 0], "uv": [0, 7]},
						{"origin": [-6, 0, -3], "size": [12, 3, 4], "uv": [0, 0]}
					]
				}
			]
		}
	]
}