{
	"format_version": "1.12.0",
	"minecraft:geometry": [
		{
			"description": {
				"identifier": "geometry.cattail",
				"texture_width": 112,
				"texture_height": 112,
				"visible_bounds_width": 3,
				"visible_bounds_height": 2,
				"visible_bounds_offset": [0, 0, 0]
			},
			"bones": [
				{
					"name": "cattail",
					"pivot": [0, 0, 0],
					"rotation": [0, 90, 0]
				},
				{
					"name": "head",
					"parent": "cattail",
					"pivot": [0, 0, 0],
					"rotation": [0, 0, -5],
					"cubes": [
						{"origin": [-5, 0, -5], "size": [9, 1, 10], "uv": [34, 16]},
						{"origin": [-6, 1, -6], "size": [11, 8, 12], "uv": [0, 16]},
						{"origin": [3.5, 2.5, -0.8], "size": [2, 1.5, 1.5], "uv": [29, 36]},
						{"origin": [-6.5, 4.5, -6], "size": [2, 2, 12], "uv": [54, 54]},
						{"origin": [-6.5, 6, -7], "size": [12, 2, 14], "pivot": [0, 7, -6], "rotation": [0, 0, -15], "uv": [0, 0]},
						{"origin": [-6, 7, -6.5], "size": [11, 3, 13], "pivot": [0, 8, -6], "rotation": [0, 0, -15], "uv": [33, 33]},
						{"origin": [1.5, 7, -6.5], "size": [3, 6, 5], "pivot": [0, 8, -6], "rotation": [15, 0, -25], "uv": [49, 77]},
						{"origin": [0.5, 9, 1.5], "size": [3, 6, 5], "pivot": [-1, 10, 2], "rotation": [-25, 0, -25], "uv": [70, 49]},
						{"origin": [0.5, 9, -6.5], "size": [3, 7, 4], "pivot": [-1, 10, -6], "rotation": [15, 0, -25], "uv": [65, 77]},
						{"origin": [-0.5, 11, 3], "size": [3, 7, 4], "pivot": [-2, 12, 3], "rotation": [-25, 0, -25], "uv": [0, 0]},
						{"origin": [-5, 8, -5.5], "size": [9, 3, 11], "pivot": [0, 9, -6], "rotation": [0, 0, -15], "uv": [0, 38]},
						{"origin": [-4.5, 10, -4], "size": [7, 2, 8], "pivot": [-1, 11, -6], "rotation": [0, 0, -15], "uv": [24, 70]}
					]
				},
				{
					"name": "tail",
					"parent": "cattail",
					"pivot": [0, 0, 0],
					"cubes": [
						{"origin": [-7, 1, -1], "size": [2, 8, 2], "pivot": [-5, 1, -1], "rotation": [0, 0, -55], "uv": [34, 16]},
						{"origin": [-12.5, 4.63435, -0.7], "size": [1.5, 5, 1.5], "pivot": [-10.82098, 4.63435, -1], "rotation": [0, 0, -20], "uv": [38, 0]},
						{"origin": [-14, 8.13113, -0.5], "size": [1, 5, 1], "pivot": [-12.47862, 8.13113, -1], "rotation": [0, 0, 15], "uv": [37, 37]},
						{"origin": [-14, 12.13113, -1.5], "size": [3, 6, 3], "pivot": [-11.47862, 12.13113, -1], "rotation": [0, 0, 20], "uv": [0, 16]},
						{"origin": [-13.5, 11.13113, -1], "size": [2, 7.5, 2], "pivot": [-11.47862, 12.13113, 0], "rotation": [0, 0, 20], "uv": [0, 36]},
						{"origin": [-12.36496, 18.03658, -0.8], "size": [1.5, 2.5, 1.5], "pivot": [-12.47862, 16.13113, 0], "rotation": [0, 0, 30], "uv": [0, 0]},
						{"origin": [-11.8375, 19.77129, -0.5], "size": [1, 1.5, 1], "pivot": [-11.47862, 16.13113, 0], "rotation": [0, 0, 30], "uv": [10, 0]},
						{"origin": [-11.63039, 20.99604, -0.3], "size": [0.5, 2.5, 0.5], "pivot": [-12.47862, 16.13113, 0], "rotation": [0, 0, 29], "uv": [2, 0]}
					]
				},
				{
					"name": "leaves",
					"parent": "cattail",
					"pivot": [3, 0, -9]
				},
				{
					"name": "leaf1",
					"parent": "leaves",
					"pivot": [3, 0, -9],
					"cubes": [
						{"origin": [2, -0.5, -3], "size": [9, 1, 8], "pivot": [3, 0, 1], "rotation": [5, -30, -5], "uv": [38, 0]},
						{"origin": [-1, -0.5, -1], "size": [9, 1, 8], "pivot": [0, 0, 3], "rotation": [30, -75, -30], "uv": [32, 49]},
						{"origin": [2, -0.5, 1], "size": [9, 1, 8], "pivot": [3, 0, 5], "rotation": [10, -45, -15], "uv": [0, 52]}
					]
				},
				{
					"name": "leaf2",
					"parent": "leaves",
					"pivot": [-2, 0, -1],
					"rotation": [0, 95, 0],
					"cubes": [
						{"origin": [0, -0.5, -2], "size": [8, 1, 8], "pivot": [1, 0, 2], "rotation": [5, -30, -5], "uv": [68, 28]},
						{"origin": [-3, -0.5, 0], "size": [8, 1, 8], "pivot": [-2, 0, 4], "rotation": [30, -75, -30], "uv": [50, 68]},
						{"origin": [0, -0.5, 2], "size": [8, 1, 8], "pivot": [1, 0, 6], "rotation": [10, -45, -15], "uv": [64, 19]}
					]
				},
				{
					"name": "leaf3",
					"parent": "leaves",
					"pivot": [-1, 0, 0],
					"rotation": [0, -160, 0],
					"cubes": [
						{"origin": [1, -0.5, -1], "size": [9, 1, 7], "pivot": [2, 0, 3], "rotation": [5, -30, -5], "uv": [0, 70]},
						{"origin": [-2, -0.5, 1], "size": [9, 1, 7], "pivot": [-1, 0, 5], "rotation": [30, -75, -30], "uv": [68, 37]},
						{"origin": [1, -0.5, 3], "size": [9, 1, 7], "pivot": [2, 0, 7], "rotation": [10, -45, -15], "uv": [64, 0]}
					]
				},
				{
					"name": "leaf4",
					"parent": "leaves",
					"pivot": [0, 0, 0],
					"rotation": [0, -90, 0],
					"cubes": [
						{"origin": [2, -0.5, -1], "size": [8, 1, 8], "pivot": [3, 0, 3], "rotation": [5, -30, -5], "uv": [62, 9]},
						{"origin": [-1, -0.5, 1], "size": [8, 1, 8], "pivot": [0, 0, 5], "rotation": [30, -75, -30], "uv": [0, 61]},
						{"origin": [2, -0.5, 3], "size": [8, 1, 8], "pivot": [3, 0, 7], "rotation": [10, -45, -15], "uv": [26, 60]}
					]
				}
			]
		}
	]
}