{
	"format_version": "1.12.0",
	"minecraft:geometry": [
		{
			"description": {
				"identifier": "geometry.chicken",
				"texture_width": 64,
				"texture_height": 64,
				"visible_bounds_width": 3,
				"visible_bounds_height": 1,
				"visible_bounds_offset": [0, 0, 0]
			},
			"bones": [
				{
					"name": "body",
					"pivot": [0, 3, 0],
					"mirror": true,
					"cubes": [
						{"origin": [-3, 3, -3], "size": [6, 4, 7], "uv": [0, 0], "mirror": false},
						{"origin": [-3.5, 3, -2], "size": [7, 3.8, 5], "uv": [0, 11], "mirror": false}
					]
				},
				{
					"name": "bone",
					"parent": "body",
					"pivot": [0, -2, 0],
					"cubes": [
						{"origin": [-2, 6, -5], "size": [4, 4, 3], "uv": [19, 0]},
						{"origin": [-2, 6, -7], "size": [4, 2, 2], "uv": [19, 11]},
						{"origin": [-1, 5, -6], "size": [2, 1, 1], "uv": [0, 4]}
					]
				},
				{
					"name": "bone2",
					"parent": "bone",
					"pivot": [0, -2, 0],
					"cubes": [
						{"origin": [-2, 0, 0], "size": [1, 3, 1], "uv": [0, 0]},
						{"origin": [1, 0, 0], "size": [1, 3, 1], "uv": [0, 0]}
					]
				}
			]
		}
	]
}