{
	"format_version": "1.12.0",
	"minecraft:geometry": [
		{
			"description": {
				"identifier": "geometry.chomper",
				"texture_width": 48,
				"texture_height": 48,
				"visible_bounds_width": 3,
				"visible_bounds_height": 3,
				"visible_bounds_offset": [0, 0, 0]
			},
			"bones": [
				{
					"name": "chomper",
					"pivot": [0, 0, 0.25]
				},
				{
					"name": "leaves",
					"parent": "chomper",
					"pivot": [-1, 0, 0.5]
				},
				{
					"name": "upperleaves",
					"parent": "leaves",
					"pivot": [-0.75, 0, 0.25]
				},
				{
					"name": "leaf1",
					"parent": "upperleaves",
					"pivot": [-1, 0, 0.25],
					"cubes": [
						{"origin": [-2, 0, 1.4], "size": [2, 1, 1], "uv": [33, 3]},
						{"origin": [-2, 0, -1.8], "size": [2, 1, 1], "uv": [28, 20]},
						{"origin": [-1.9, 0, 2.3], "size": [2.4, 1, 1], "pivot": [1, 0, 2], "rotation": [0, -90, 0], "uv": [22, 26]},
						{"origin": [-3.9, 0, 2.5], "size": [2.4, 1, 1], "pivot": [-1, 0, 2], "rotation": [0, -90, 0], "uv": [0, 23]}
					]
				},
				{
					"name": "leaf2",
					"parent": "upperleaves",
					"pivot": [0, 0, 0],
					"cubes": [
						{"origin": [-2.3, 0.5, -2], "size": [2.6, 4, 1], "pivot": [0, 1, -2], "rotation": [45, 0, 0], "uv": [7, 31]},
						{"origin": [-4.3, 0.5, 1.5], "size": [2.6, 4, 1], "pivot": [-2, 1, 2], "rotation": [45, 180, 0], "uv": [25, 30]},
						{"origin": [-1, 0.5, 1], "size": [2.6, 4, 1], "pivot": [1, 1, 1], "rotation": [45, -90, 0], "uv": [21, 0]},
						{"origin": [-5.6, 0.5, -0.8], "size": [2.6, 4, 1], "pivot": [-3, 1, -1], "rotation": [45, 90, -15], "uv": [0, 18]}
					]
				},
				{
					"name": "leaf3",
					"parent": "upperleaves",
					"pivot": [0, 0, 0],
					"cubes": [
						{"origin": [-2.2, 3.4, -3.5], "size": [2.3, 2, 0.5], "pivot": [0, 3, -3], "rotation": [60, 0, 0], "uv": [1, 20]},
						{"origin": [-4.2, 3.4, 2.4], "size": [2.3, 2, 0.5], "pivot": [-2, 3, 3], "rotation": [60, 180, 0], "uv": [1, 20]}
					]
				},
				{
					"name": "leaf4",
					"parent": "upperleaves",
					"pivot": [-1, 1, 0],
					"rotation": [0, 90, -15],
					"cubes": [
						{"origin": [-2.4, 4.4, -3.5], "size": [2.3, 2, 0.5], "pivot": [-1, 4, -3], "rotation": [60, 0, 0], "uv": [0, 20]}
					]
				},
				{
					"name": "leaf5",
					"parent": "upperleaves",
					"pivot": [1, -1, 1],
					"rotation": [0, -90, -15],
					"cubes": [
						{"origin": [-0.8, 1.69289, -1.6], "size": [2.3, 2, 0.5], "pivot": [1, 2, -2], "rotation": [70, 0, 0], "uv": [1, 20]}
					]
				},
				{
					"name": "stem",
					"parent": "upperleaves",
					"pivot": [0, 0, 0.25]
				},
				{
					"name": "stem1",
					"parent": "stem",
					"pivot": [-1, 1, 0.25],
					"cubes": [
						{"origin": [-2, 1, -1], "size": [2, 2, 2.5], "pivot": [0, 1, 0], "rotation": [0, 0, -10], "uv": [26, 8]}
					]
				},
				{
					"name": "stem2",
					"parent": "stem1",
					"pivot": [-1.75, 3, 0.375],
					"cubes": [
						{"origin": [-2.5, 2.5, -1], "size": [2, 3, 2.5], "pivot": [-1, 3, 0], "rotation": [0, 0, -50], "uv": [10, 26]}
					]
				},
				{
					"name": "stem3",
					"parent": "stem2",
					"pivot": [-3.1, 3.9, 0.35],
					"cubes": [
						{"origin": [-5, 3.8, -0.8], "size": [1.6, 4, 2], "pivot": [-4, 5, 0], "rotation": [0, 0, -50], "uv": [0, 0]}
					]
				},
				{
					"name": "stem4",
					"parent": "stem3",
					"pivot": [-5.9, 6.4, 0.35],
					"cubes": [
						{"origin": [-6.6, 5.8, -0.8], "size": [1.6, 2, 2], "pivot": [-6, 7, 0], "rotation": [0, 0, 10], "uv": [21, 21]}
					]
				},
				{
					"name": "stem5",
					"parent": "stem4",
					"pivot": [-5.6, 7.6, 0.35],
					"cubes": [
						{"origin": [-5, 7.2, -0.8], "size": [1.6, 3, 2], "pivot": [-5, 9, 0], "rotation": [0, 0, 55], "uv": [0, 8]}
					]
				},
				{
					"name": "head",
					"parent": "stem5",
					"pivot": [-4.75, 9.75, 0.25],
					"rotation": [0, 0, 10]
				},
				{
					"name": "skull",
					"parent": "head",
					"pivot": [-4.34871, 9.62566, 0.25]
				},
				{
					"name": "upper",
					"parent": "skull",
					"pivot": [0.65129, 0.62566, 0],
					"rotation": [0, 0, -5],
					"cubes": [
						{"origin": [-1.14871, 9.62566, -3.4], "size": [7.2, 1, 7], "pivot": [-2.34871, 9.62566, 0], "rotation": [0, 0, -15], "uv": [0, 18]},
						{"origin": [-3.34871, 9.62566, -3], "size": [7, 4, 6.5], "pivot": [-2.34871, 9.62566, 0], "rotation": [0, 0, -15], "uv": [0, 8]},
						{"origin": [-25.80916, 33.32753, -0.2], "size": [3, 2, 1.5], "pivot": [-8.89849, 27.12139, 0], "rotation": [0, 0, -135], "uv": [17, 30]},
						{"origin": [-24.58045, 30.36463, -0.2], "size": [3, 2, 1.5], "pivot": [-8.89849, 27.12139, 0], "rotation": [0, 0, -130], "uv": [0, 29]},
						{"origin": [-25.68958, 25.14842, -0.2], "size": [4, 2, 1.5], "pivot": [-8.89849, 27.12139, 0], "rotation": [0, 0, -125], "uv": [0, 26]},
						{"origin": [6.15488, 34.32202, -0.03898], "size": [2, 3, 1.5], "pivot": [-8.89849, 27.12139, 0], "rotation": [0, -175, -165], "uv": [20, 10]},
						{"origin": [-1.20545, 10.26317, -3], "size": [7, 2, 6.5], "pivot": [-2.34871, 9.62566, 0], "rotation": [0, 0, -15], "uv": [22, 22]}
					]
				},
				{
					"name": "teeth1",
					"parent": "upper",
					"pivot": [0.65129, 0.62566, 5],
					"cubes": [
						{"origin": [-3.75447, 9.68876, 2.2], "size": [2, 2, 1], "pivot": [0.65129, 0.62566, 5], "rotation": [0, 0, 25], "uv": [33, 0]},
						{"origin": [-2.34871, 10.62566, 2.2], "size": [1, 1, 1], "pivot": [0.65129, 0.62566, 5], "rotation": [0, 0, 25], "uv": [37, 37]},
						{"origin": [-5.54871, 12.08976, 6.03727], "size": [1, 1, 1], "pivot": [0.65129, 0.62566, 5], "rotation": [0, -95, 25], "uv": [26, 37]},
						{"origin": [-3.82421, 12.12566, 5.7], "size": [1, 1, 1], "pivot": [0.65129, 0.62566, 5], "rotation": [0, -95, 25], "uv": [22, 37]},
						{"origin": [-4.69417, 9.34674, 2.2], "size": [2, 2, 1], "pivot": [0.65129, 0.62566, 5], "rotation": [0, 0, 25], "uv": [19, 33]},
						{"origin": [-4.69417, 9.34674, -2.8], "size": [2, 2, 1], "pivot": [0.65129, 0.62566, 0], "rotation": [0, 0, 25], "uv": [13, 33]},
						{"origin": [-0.78511, 9.69988, 1.96315], "size": [1, 1, 1], "pivot": [4.72322, -0.02191, 5], "rotation": [0, 0, 25], "uv": [4, 37]},
						{"origin": [-0.78511, 9.69988, -2.5], "size": [1, 1, 1], "pivot": [4.72322, -0.02191, 5], "rotation": [0, 0, 25], "uv": [36, 30]},
						{"origin": [-3.75447, 9.68876, -2.8], "size": [2, 2, 1], "pivot": [0.65129, 0.62566, 0], "rotation": [0, 0, 25], "uv": [32, 7]},
						{"origin": [-2.34871, 10.62566, -2.8], "size": [1, 1, 1], "pivot": [0.65129, 0.62566, 0], "rotation": [0, 0, 25], "uv": [19, 36]},
						{"origin": [1.72322, 10.82566, 2], "size": [0, 0, 1], "pivot": [4.72322, -0.02191, 5], "rotation": [0, 0, 25], "uv": [0, 0]},
						{"origin": [-0.35252, 11.71282, -2.8], "size": [0, 0, 1], "pivot": [1.64748, 0.71282, 0], "rotation": [0, 0, 25], "uv": [0, 0]},
						{"origin": [-2.69797, 10.43386, -2.8], "size": [1, 1, 1], "pivot": [1.64748, 0.71282, 0], "rotation": [0, 0, 25], "uv": [15, 36]},
						{"origin": [-1.75828, 10.77592, -2.8], "size": [1, 1, 1], "pivot": [1.64748, 0.71282, 0], "rotation": [0, 0, 25], "uv": [11, 36]}
					]
				},
				{
					"name": "lower",
					"parent": "skull",
					"pivot": [-2.34871, 9.62566, 0],
					"cubes": [
						{"origin": [-4.54871, 8.62566, -3], "size": [7, 2, 6.5], "pivot": [-3.34871, 8.62566, 0], "rotation": [0, 0, 15], "uv": [21, 12]},
						{"origin": [-0.01978, 8.92566, -3], "size": [3.8, 1.4, 6.5], "pivot": [-3.34871, 8.62566, 0], "rotation": [0, 0, 15], "uv": [21, 0]},
						{"origin": [-2.14871, 9.62566, -3.4], "size": [7, 1, 7], "pivot": [-3.34871, 9.62566, 0], "rotation": [0, 0, 15], "uv": [0, 0]}
					]
				},
				{
					"name": "teeth",
					"parent": "lower",
					"pivot": [-0.34871, 0.62566, 0],
					"cubes": [
						{"origin": [2.1574, 8.24807, -2.8], "size": [1, 1, 1], "pivot": [-0.34871, 0.62566, 0], "rotation": [0, 0, -15], "uv": [24, 35]},
						{"origin": [4.82191, 9.59845, -1.33781], "size": [1, 1, 1], "pivot": [9.49937, 2.36214, 0], "rotation": [0, -15, -15], "uv": [4, 35]},
						{"origin": [0.36138, 8.0347, 4.5], "size": [1, 1, 1], "pivot": [-0.34871, 0.62566, 0], "rotation": [0, 50, -5], "uv": [34, 20]},
						{"origin": [3.06643, 6.82566, -2.8], "size": [2, 2, 1], "pivot": [-0.34871, 0.62566, 0], "rotation": [0, 0, -15], "uv": [0, 32]},
						{"origin": [3.06643, 6.82566, 2.2], "size": [2, 2, 1], "pivot": [-0.34871, 0.62566, 0], "rotation": [0, 0, -15], "uv": [31, 31]},
						{"origin": [11.85129, -3.17434, -3.5], "size": [1, 1, 1], "pivot": [7.52975, 2.01485, 0], "rotation": [-105, -30, -85], "uv": [34, 10]},
						{"origin": [12.85129, -1.50131, -3.94829], "size": [1, 1, 1], "pivot": [7.52975, 2.01485, 0], "rotation": [-105, -30, -85], "uv": [13, 31]}
					]
				},
				{
					"name": "tongue",
					"parent": "head",
					"pivot": [-0.51538, 9.49232, 0.26667],
					"cubes": [
						{"origin": [-0.54871, 9.62566, -0.8], "size": [4, 0.4, 2], "pivot": [0.65129, 8.62566, 0], "rotation": [0, 0, -20], "uv": [28, 15]},
						{"origin": [-0.54871, 9.62566, -0.5], "size": [4, 0.4, 1.5], "pivot": [0.65129, 9.62566, 0], "rotation": [0, 0, -20], "uv": [29, 14]},
						{"origin": [7.05129, 11.62566, -2.4], "size": [1, 0.4, 1], "pivot": [4.65129, 11.62566, -2], "rotation": [0, -50, 160], "uv": [32, 14]}
					]
				},
				{
					"name": "lowerleaves",
					"parent": "head",
					"pivot": [-3.31832, 10.27836, 0],
					"rotation": [0, 0, -90]
				},
				{
					"name": "leaf6",
					"parent": "lowerleaves",
					"pivot": [-3.31832, 10.27836, 0],
					"cubes": [
						{"origin": [-4.31832, 11.27836, 1.4], "size": [1, 0, 1], "uv": [2, 6]},
						{"origin": [-4.31832, 11.27836, -1.8], "size": [1, 0, 1], "uv": [0, 6]},
						{"origin": [-4.21832, 11.27836, 2.3], "size": [1.4, 0, 1], "pivot": [-2.31832, 10.27836, 2], "rotation": [0, -90, 0], "uv": [3, 1]}
					]
				},
				{
					"name": "leaf7",
					"parent": "lowerleaves",
					"pivot": [-3.31832, 10.27836, 0],
					"cubes": [
						{"origin": [-4.61832, 11.07125, -1.29289], "size": [1.6, 3, 1], "pivot": [-3.31832, 11.27836, -2], "rotation": [45, 0, 0], "uv": [0, 35]},
						{"origin": [-7.61832, 11.07125, 2.20711], "size": [1.6, 3, 1], "pivot": [-5.31832, 11.27836, 2], "rotation": [45, 180, 0], "uv": [34, 34]},
						{"origin": [-3.31832, 11.07125, 1.70711], "size": [1.6, 3, 1], "pivot": [-2.31832, 11.27836, 1], "rotation": [45, -90, 0], "uv": [30, 34]},
						{"origin": [-8.41832, 9.18028, 0.7], "size": [1.6, 3, 1], "pivot": [-6.31832, 11.27836, -1], "rotation": [45, 90, 15], "uv": [18, 26]}
					]
				},
				{
					"name": "leaf8",
					"parent": "lowerleaves",
					"pivot": [-3.31832, 10.27836, 0],
					"cubes": [
						{"origin": [-4.51832, 13.81233, -3], "size": [1.3, 1, 0.5], "pivot": [-3.31832, 13.27836, -3], "rotation": [60, 0, 0], "uv": [4, 8]},
						{"origin": [-7.51832, 13.81233, 2.9], "size": [1.3, 1, 0.5], "pivot": [-5.31832, 13.27836, 3], "rotation": [60, 180, 0], "uv": [0, 8]}
					]
				},
				{
					"name": "leaf9",
					"parent": "lowerleaves",
					"pivot": [-4.31832, 11.27836, 0],
					"rotation": [0, 90, -15],
					"cubes": [
						{"origin": [-5.21832, 10.84873, -2.2059], "size": [1.3, 1, 0.5], "pivot": [-4.31832, 14.27836, -3], "rotation": [50, 0, 0], "uv": [0, 1]}
					]
				},
				{
					"name": "leaf10",
					"parent": "lowerleaves",
					"pivot": [-2.31832, 9.27836, 1],
					"rotation": [0, -90, -15],
					"cubes": [
						{"origin": [-3.11832, 12.1521, -1.02642], "size": [1.3, 1, 0.5], "pivot": [-2.31832, 12.27836, -2], "rotation": [70, 0, 0], "uv": [0, 0]}
					]
				}
			]
		}
	]
}