{
	"format_version": "1.12.0",
	"minecraft:geometry": [
		{
			"description": {
				"identifier": "geometry.coconut_cannon",
				"texture_width": 64,
				"texture_height": 64,
				"visible_bounds_width": 3,
				"visible_bounds_height": 2.5,
				"visible_bounds_offset": [0, 0.75, 0]
			},
			"bones": [
				{
					"name": "bone",
					"pivot": [0, 1, 0],
					"rotation": [22.5, 0, 0],
					"cubes": [
						{
							"origin": [-5, -0.25, -2.16964],
							"size": [10, 10, 10],
							"pivot": [0.5, 1.25, 6.33036],
							"rotation": [-22.5, 0, 0],
							"uv": {
								"north": {"uv": [0, 0], "uv_size": [10, 10]},
								"east": {"uv": [0, 20], "uv_size": [10, 10]},
								"south": {"uv": [0, 10], "uv_size": [10, 10]},
								"west": {"uv": [10, 20], "uv_size": [10, 10]},
								"up": {"uv": [10, 10], "uv_size": [10, 10]},
								"down": {"uv": [10, 10], "uv_size": [10, -10]}
							}
						},
						{
							"origin": [-4, 4.5, -8.16964],
							"size": [8, 8, 7],
							"pivot": [0.5, 5.25, -2.66964],
							"rotation": [-22.5, 0, 0],
							"uv": {
								"north": {"uv": [20, 20], "uv_size": [8, 8]},
								"east": {"uv": [20, 8], "uv_size": [7, 8]},
								"south": {"uv": [20, 0], "uv_size": [8, 8]},
								"west": {"uv": [27, 8], "uv_size": [7, 8]},
								"up": {"uv": [20, 28], "uv_size": [8, 7]},
								"down": {"uv": [28, 35], "uv_size": [8, -7]}
							}
						},
						{
							"origin": [-5.5, 8.75, -1.91964],
							"size": [0.5, 1, 4],
							"pivot": [-0.5, 1.25, 6.58036],
							"rotation": [-22.5, 0, 0],
							"uv": {
								"north": {"uv": [20, 44], "uv_size": [1, 1]},
								"east": {"uv": [38, 38], "uv_size": [4, 1]},
								"south": {"uv": [8, 44], "uv_size": [1, 1]},
								"west": {"uv": [1, 39], "uv_size": [4, 1]},
								"up": {"uv": [5, 39], "uv_size": [1, 4]},
								"down": {"uv": [24, 43], "uv_size": [1, -4]}
							}
						},
						{
							"origin": [-5.5, 10, 4.83036],
							"size": [0.5, 1, 2],
							"uv": {
								"north": {"uv": [0, 44], "uv_size": [1, 1]},
								"east": {"uv": [42, 13], "uv_size": [2, 1]},
								"south": {"uv": [43, 40], "uv_size": [1, 1]},
								"west": {"uv": [42, 42], "uv_size": [2, 1]},
								"up": {"uv": [26, 42], "uv_size": [1, 2]},
								"down": {"uv": [25, 44], "uv_size": [1, -2]}
							}
						},
						{
							"origin": [-5.1, 4.75, -1.91964],
							"size": [0.1, 4, 4],
							"pivot": [-0.5, 1.25, 6.58036],
							"rotation": [-22.5, 0, 0],
							"uv": {
								"north": {"uv": [23, 40], "uv_size": [1, 4]},
								"east": {"uv": [24, 16], "uv_size": [4, 4]},
								"south": {"uv": [22, 40], "uv_size": [1, 4]},
								"west": {"uv": [28, 4], "uv_size": [4, 4]},
								"up": {"uv": [21, 40], "uv_size": [1, 4]},
								"down": {"uv": [20, 44], "uv_size": [1, -4]}
							}
						},
						{
							"origin": [-5.15, 6.5, -1.16964],
							"size": [0.15, 1, 1],
							"pivot": [-0.5, 1.25, 6.58036],
							"rotation": [-22.5, 0, 0],
							"uv": {
								"north": {"uv": [2, 44], "uv_size": [1, 1]},
								"east": {"uv": [43, 30], "uv_size": [1, 1]},
								"south": {"uv": [43, 29], "uv_size": [1, 1]},
								"west": {"uv": [43, 28], "uv_size": [1, 1]},
								"up": {"uv": [21, 44], "uv_size": [1, 1]},
								"down": {"uv": [43, 27], "uv_size": [1, -1]}
							}
						},
						{
							"origin": [5, 8.75, -1.91964],
							"size": [0.5, 1, 4],
							"pivot": [10, 1.25, 6.58036],
							"rotation": [-22.5, 0, 0],
							"uv": {
								"north": {"uv": [43, 25], "uv_size": [1, 1]},
								"east": {"uv": [38, 39], "uv_size": [4, 1]},
								"south": {"uv": [43, 21], "uv_size": [1, 1]},
								"west": {"uv": [20, 39], "uv_size": [4, 1]},
								"up": {"uv": [19, 39], "uv_size": [1, 4]},
								"down": {"uv": [8, 43], "uv_size": [1, -4]}
							}
						},
						{
							"origin": [5, 10, 4.83036],
							"size": [0.5, 1, 2],
							"uv": {
								"north": {"uv": [43, 10], "uv_size": [1, 1]},
								"east": {"uv": [41, 9], "uv_size": [2, 1]},
								"south": {"uv": [42, 38], "uv_size": [1, 1]},
								"west": {"uv": [42, 14], "uv_size": [2, 1]},
								"up": {"uv": [37, 42], "uv_size": [1, 2]},
								"down": {"uv": [42, 35], "uv_size": [1, -2]}
							}
						},
						{
							"origin": [5, 4.75, -1.91964],
							"size": [0.1, 4, 4],
							"pivot": [9.6, 1.25, 6.58036],
							"rotation": [-22.5, 0, 0],
							"uv": {
								"north": {"uv": [0, 39], "uv_size": [1, 4]},
								"east": {"uv": [8, 30], "uv_size": [4, 4]},
								"south": {"uv": [37, 38], "uv_size": [1, 4]},
								"west": {"uv": [0, 30], "uv_size": [4, 4]},
								"up": {"uv": [2, 40], "uv_size": [1, 4]},
								"down": {"uv": [1, 44], "uv_size": [1, -4]}
							}
						},
						{
							"origin": [5, 6.5, -1.16964],
							"size": [0.15, 1, 1],
							"pivot": [9.65, 1.25, 6.58036],
							"rotation": [-22.5, 0, 0],
							"uv": {
								"north": {"uv": [5, 44], "uv_size": [1, 1]},
								"east": {"uv": [43, 36], "uv_size": [1, 1]},
								"south": {"uv": [43, 34], "uv_size": [1, 1]},
								"west": {"uv": [43, 32], "uv_size": [1, 1]},
								"up": {"uv": [43, 11], "uv_size": [1, 1]},
								"down": {"uv": [19, 35], "uv_size": [1, -1]}
							}
						},
						{
							"origin": [3.5, 4.5, -9.16964],
							"size": [0.5, 8, 1],
							"pivot": [7.5, 5.25, -2.66964],
							"rotation": [-22.5, 0, 0],
							"uv": {
								"north": {"uv": [13, 37], "uv_size": [1, 8]},
								"east": {"uv": [14, 37], "uv_size": [1, 8]},
								"south": {"uv": [15, 37], "uv_size": [1, 8]},
								"west": {"uv": [16, 37], "uv_size": [1, 8]},
								"up": {"uv": [18, 44], "uv_size": [1, 1]},
								"down": {"uv": [43, 28], "uv_size": [1, -1]}
							}
						},
						{
							"origin": [-4, 9.78316, -2.51114],
							"size": [8, 0.5, 1],
							"pivot": [7, 3.03316, 3.98886],
							"rotation": [-22.5, 0, 0],
							"uv": {
								"north": {"uv": [36, 20], "uv_size": [8, 1]},
								"east": {"uv": [42, 41], "uv_size": [1, 1]},
								"south": {"uv": [36, 19], "uv_size": [8, 1]},
								"west": {"uv": [43, 24], "uv_size": [1, 1]},
								"up": {"uv": [36, 18], "uv_size": [8, 1]},
								"down": {"uv": [36, 18], "uv_size": [8, -1]}
							}
						},
						{
							"origin": [-4, 1.2451, -2.3198],
							"size": [8, 0.5, 1],
							"pivot": [7, 3.4951, 4.1802],
							"rotation": [-22.5, 0, 0],
							"uv": {
								"north": {"uv": [36, 3], "uv_size": [8, 1]},
								"east": {"uv": [43, 37], "uv_size": [1, 1]},
								"south": {"uv": [36, 2], "uv_size": [8, 1]},
								"west": {"uv": [43, 39], "uv_size": [1, 1]},
								"up": {"uv": [36, 1], "uv_size": [8, 1]},
								"down": {"uv": [36, 1], "uv_size": [8, -1]}
							}
						},
						{
							"origin": [-4.75, 6.05458, -0.33732],
							"size": [8, 0.5, 1],
							"pivot": [2.25, 8.30458, 6.16268],
							"rotation": [0, -23, -90],
							"uv": {
								"north": {"uv": [31, 36], "uv_size": [8, 1]},
								"east": {"uv": [1, 44], "uv_size": [1, 1]},
								"south": {"uv": [31, 35], "uv_size": [8, 1]},
								"west": {"uv": [3, 44], "uv_size": [1, 1]},
								"up": {"uv": [32, 27], "uv_size": [8, 1]},
								"down": {"uv": [36, 17], "uv_size": [8, -1]}
							}
						},
						{
							"origin": [1.75, 21.05458, -0.33732],
							"size": [8, 0.5, 1],
							"pivot": [8.75, 8.30458, 6.16268],
							"rotation": [0, -23, -90],
							"uv": {
								"north": {"uv": [36, 7], "uv_size": [8, 1]},
								"east": {"uv": [17, 44], "uv_size": [1, 1]},
								"south": {"uv": [36, 6], "uv_size": [8, 1]},
								"west": {"uv": [19, 44], "uv_size": [1, 1]},
								"up": {"uv": [36, 5], "uv_size": [8, 1]},
								"down": {"uv": [36, 5], "uv_size": [8, -1]}
							}
						},
						{
							"origin": [-3.5, 12, -9.16964],
							"size": [7, 0.5, 1],
							"pivot": [6.5, 5.25, -2.66964],
							"rotation": [-22.5, 0, 0],
							"uv": {
								"north": {"uv": [36, 22], "uv_size": [7, 1]},
								"east": {"uv": [43, 31], "uv_size": [1, 1]},
								"south": {"uv": [36, 32], "uv_size": [7, 1]},
								"west": {"uv": [43, 33], "uv_size": [1, 1]},
								"up": {"uv": [36, 31], "uv_size": [7, 1]},
								"down": {"uv": [36, 31], "uv_size": [7, -1]}
							}
						},
						{
							"origin": [-4, 4.5, -9.16964],
							"size": [0.5, 8, 1],
							"pivot": [0.5, 5.25, -2.66964],
							"rotation": [-22.5, 0, 0],
							"uv": {
								"north": {"uv": [12, 37], "uv_size": [1, 8]},
								"east": {"uv": [11, 37], "uv_size": [1, 8]},
								"south": {"uv": [10, 37], "uv_size": [1, 8]},
								"west": {"uv": [9, 37], "uv_size": [1, 8]},
								"up": {"uv": [42, 39], "uv_size": [1, 1]},
								"down": {"uv": [42, 41], "uv_size": [1, -1]}
							}
						},
						{
							"origin": [-3.5, 4.5, -9.16964],
							"size": [7, 0.5, 1],
							"pivot": [6.5, 5.25, -2.66964],
							"rotation": [-22.5, 0, 0],
							"uv": {
								"north": {"uv": [36, 21], "uv_size": [7, 1]},
								"east": {"uv": [43, 43], "uv_size": [1, 1]},
								"south": {"uv": [36, 29], "uv_size": [7, 1]},
								"west": {"uv": [43, 15], "uv_size": [1, 1]},
								"up": {"uv": [36, 23], "uv_size": [7, 1]},
								"down": {"uv": [36, 29], "uv_size": [7, -1]}
							}
						},
						{
							"origin": [-3, 5, -9.16964],
							"size": [6, 0.5, 1],
							"pivot": [6.5, 5.25, -2.66964],
							"rotation": [-22.5, 0, 0],
							"uv": {
								"north": {"uv": [36, 34], "uv_size": [6, 1]},
								"east": {"uv": [43, 35], "uv_size": [1, 1]},
								"south": {"uv": [37, 37], "uv_size": [6, 1]},
								"west": {"uv": [4, 44], "uv_size": [1, 1]},
								"up": {"uv": [37, 11], "uv_size": [6, 1]},
								"down": {"uv": [37, 16], "uv_size": [6, -1]}
							}
						},
						{
							"origin": [-3.5, 5, -9.16964],
							"size": [0.5, 7, 1],
							"pivot": [1, 5.25, -2.66964],
							"rotation": [-22.5, 0, 0],
							"uv": {
								"north": {"uv": [17, 37], "uv_size": [1, 7]},
								"east": {"uv": [18, 37], "uv_size": [1, 7]},
								"south": {"uv": [31, 37], "uv_size": [1, 7]},
								"west": {"uv": [32, 37], "uv_size": [1, 7]},
								"up": {"uv": [0, 43], "uv_size": [1, 1]},
								"down": {"uv": [24, 44], "uv_size": [1, -1]}
							}
						},
						{
							"origin": [-3, 11.5, -9.16964],
							"size": [6, 0.5, 1],
							"pivot": [6.5, 5.25, -2.66964],
							"rotation": [-22.5, 0, 0],
							"uv": {
								"north": {"uv": [19, 38], "uv_size": [6, 1]},
								"east": {"uv": [43, 9], "uv_size": [1, 1]},
								"south": {"uv": [37, 12], "uv_size": [6, 1]},
								"west": {"uv": [43, 12], "uv_size": [1, 1]},
								"up": {"uv": [36, 33], "uv_size": [6, 1]},
								"down": {"uv": [37, 27], "uv_size": [6, -1]}
							}
						},
						{
							"origin": [3, 5, -9.16964],
							"size": [0.5, 7, 1],
							"pivot": [7.5, 5.25, -2.66964],
							"rotation": [-22.5, 0, 0],
							"uv": {
								"north": {"uv": [33, 37], "uv_size": [1, 7]},
								"east": {"uv": [34, 37], "uv_size": [1, 7]},
								"south": {"uv": [35, 37], "uv_size": [1, 7]},
								"west": {"uv": [36, 37], "uv_size": [1, 7]},
								"up": {"uv": [43, 38], "uv_size": [1, 1]},
								"down": {"uv": [43, 42], "uv_size": [1, -1]}
							}
						},
						{
							"origin": [-8.5, 2.5, 1.58036],
							"size": [3, 2.75, 4.5],
							"pivot": [0, 9, 2.83036],
							"rotation": [-22.5, 0, 0],
							"uv": {
								"north": {"uv": [19, 35], "uv_size": [3, 3]},
								"east": {"uv": [14, 34], "uv_size": [5, 3]},
								"south": {"uv": [28, 35], "uv_size": [3, 3]},
								"west": {"uv": [32, 24], "uv_size": [5, 3]},
								"up": {"uv": [6, 34], "uv_size": [3, 5]},
								"down": {"uv": [3, 39], "uv_size": [3, -5]}
							}
						},
						{
							"origin": [-8.5, 1.25, 1.58036],
							"size": [3, 2, 0.25],
							"pivot": [-7, 2.75, 1.70536],
							"rotation": [-22.5, 0, 0],
							"uv": {
								"north": {"uv": [37, 13], "uv_size": [3, 2]},
								"east": {"uv": [4, 42], "uv_size": [1, 2]},
								"south": {"uv": [37, 24], "uv_size": [3, 2]},
								"west": {"uv": [3, 42], "uv_size": [1, 2]},
								"up": {"uv": [40, 27], "uv_size": [3, 1]},
								"down": {"uv": [40, 26], "uv_size": [3, -1]}
							}
						},
						{
							"origin": [-9, 1, 1.83036],
							"size": [4, 4, 4],
							"pivot": [0, 9, 2.83036],
							"rotation": [-22.5, 0, 0],
							"uv": {
								"north": {"uv": [12, 30], "uv_size": [4, 4]},
								"east": {"uv": [16, 30], "uv_size": [4, 4]},
								"south": {"uv": [32, 0], "uv_size": [4, 4]},
								"west": {"uv": [32, 20], "uv_size": [4, 4]},
								"up": {"uv": [32, 16], "uv_size": [4, 4]},
								"down": {"uv": [32, 8], "uv_size": [4, -4]}
							}
						},
						{
							"origin": [5.5, 2.5, 1.58036],
							"size": [3, 2.75, 4.5],
							"pivot": [0, 9, 2.83036],
							"rotation": [-22.5, 0, 0],
							"uv": {
								"north": {"uv": [25, 35], "uv_size": [3, 3]},
								"east": {"uv": [9, 34], "uv_size": [5, 3]},
								"south": {"uv": [22, 35], "uv_size": [3, 3]},
								"west": {"uv": [34, 8], "uv_size": [5, 3]},
								"up": {"uv": [0, 34], "uv_size": [3, 5]},
								"down": {"uv": [34, 16], "uv_size": [3, -5]}
							}
						},
						{
							"origin": [5.5, 1.25, 1.58036],
							"size": [3, 2, 0.25],
							"pivot": [7, 2.75, 1.70536],
							"rotation": [-22.5, 0, 0],
							"uv": {
								"north": {"uv": [25, 38], "uv_size": [3, 2]},
								"east": {"uv": [42, 35], "uv_size": [1, 2]},
								"south": {"uv": [28, 38], "uv_size": [3, 2]},
								"west": {"uv": [41, 35], "uv_size": [1, 2]},
								"up": {"uv": [40, 24], "uv_size": [3, 1]},
								"down": {"uv": [41, 9], "uv_size": [3, -1]}
							}
						},
						{
							"origin": [5, 1, 1.83036],
							"size": [4, 4, 4],
							"pivot": [0, 9, 2.83036],
							"rotation": [-22.5, 0, 0],
							"uv": {
								"north": {"uv": [28, 24], "uv_size": [4, 4]},
								"east": {"uv": [28, 20], "uv_size": [4, 4]},
								"south": {"uv": [28, 16], "uv_size": [4, 4]},
								"west": {"uv": [28, 0], "uv_size": [4, 4]},
								"up": {"uv": [20, 16], "uv_size": [4, 4]},
								"down": {"uv": [4, 34], "uv_size": [4, -4]}
							}
						},
						{
							"origin": [-0.5, 10, 5.83036],
							"size": [1, 4, 1],
							"pivot": [0, 10.5, 6.33036],
							"rotation": [-67.5, 0, 0],
							"uv": {
								"north": {"uv": [27, 40], "uv_size": [1, 4]},
								"east": {"uv": [28, 40], "uv_size": [1, 4]},
								"south": {"uv": [29, 40], "uv_size": [1, 4]},
								"west": {"uv": [30, 40], "uv_size": [1, 4]},
								"up": {"uv": [5, 43], "uv_size": [1, 1]},
								"down": {"uv": [8, 44], "uv_size": [1, -1]}
							}
						},
						{
							"origin": [-0.5, 11.30125, 9.33642],
							"size": [1, 1, 4],
							"pivot": [0, 13.13018, 9.35273],
							"rotation": [2.5, 0, 0],
							"uv": {
								"north": {"uv": [19, 43], "uv_size": [1, 1]},
								"east": {"uv": [39, 10], "uv_size": [4, 1]},
								"south": {"uv": [42, 43], "uv_size": [1, 1]},
								"west": {"uv": [38, 40], "uv_size": [4, 1]},
								"up": {"uv": [6, 41], "uv_size": [1, 4]},
								"down": {"uv": [7, 45], "uv_size": [1, -4]}
							}
						},
						{
							"origin": [-0.5, 11.66711, 13.06545],
							"size": [1, 4, 1],
							"pivot": [0, 12.16711, 13.56545],
							"rotation": [-57.5, 0, 0],
							"uv": {
								"north": {"uv": [38, 41], "uv_size": [1, 4]},
								"east": {"uv": [39, 41], "uv_size": [1, 4]},
								"south": {"uv": [40, 41], "uv_size": [1, 4]},
								"west": {"uv": [41, 41], "uv_size": [1, 4]},
								"up": {"uv": [43, 22], "uv_size": [1, 1]},
								"down": {"uv": [43, 24], "uv_size": [1, -1]}
							}
						},
						{
							"origin": [-0.75, 14.5, 14.33036],
							"size": [1.5, 1.5, 1.5],
							"pivot": [0.25, 12, 13.08036],
							"rotation": [-22.5, 0, 0],
							"uv": {
								"north": {"uv": [40, 13], "uv_size": [2, 2]},
								"east": {"uv": [25, 40], "uv_size": [2, 2]},
								"south": {"uv": [3, 40], "uv_size": [2, 2]},
								"west": {"uv": [39, 35], "uv_size": [2, 2]},
								"up": {"uv": [39, 8], "uv_size": [2, 2]},
								"down": {"uv": [6, 41], "uv_size": [2, -2]}
							}
						}
					]
				}
			]
		}
	]
}