{
	"format_version": "1.10.0",
	"geometry.conehead_pirate": {
		"texturewidth": 64,
		"textureheight": 32,
		"visible_bounds_width": 2,
		"visible_bounds_height": 3,
		"visible_bounds_offset": [0, 1.5, 0],
		"bones": [
			{
				"name": "waist",
				"pivot": [0, 12, 0]
			},
			{
				"name": "body",
				"parent": "waist",
				"pivot": [0, 24, 0],
				"cubes": [
					{"origin": [-4, 12, -2], "size": [8, 12, 4], "uv": [16, 16]}
				]
			},
			{
				"name": "head",
				"parent": "body",
				"pivot": [0, 24, 0],
				"cubes": [
					{"origin": [-4, 24, -4], "size": [8, 8, 8], "uv": [0, 0]}
				]
			},
			{
				"name": "bone",
				"parent": "head",
				"pivot": [0, 23, 0],
				"cubes": [
					{"origin": [-5, 31, -5], "size": [10, 1, 10], "uv": [24, 0]},
					{"origin": [-2.5, 34, -2.5], "size": [5, 1, 5], "uv": [44, 0]},
					{"origin": [-2, 35, -2], "size": [4, 1, 4], "uv": [44, 0]},
					{"origin": [-1.5, 36, -1.5], "size": [3, 1, 3], "uv": [44, 0]},
					{"origin": [-1, 37, -1], "size": [2, 1, 2], "uv": [44, 0]},
					{"origin": [-3.5, 33, -3.5], "size": [7, 1, 7], "uv": [36, 0]},
					{"origin": [-4, 32, -4], "size": [8, 1, 8], "uv": [32, 0]}
				]
			},
			{
				"name": "rightArm",
				"parent": "body",
				"pivot": [-5, 22, 0],
				"cubes": [
					{"origin": [-8, 12, -2], "size": [4, 12, 4], "uv": [40, 16]}
				]
			},
			{
				"name": "rightItem",
				"parent": "rightArm",
				"pivot": [-6, 15, 1]
			},
			{
				"name": "leftArm",
				"parent": "body",
				"pivot": [5, 22, 0],
				"mirror": true,
				"cubes": [
					{"origin": [4, 12, -2], "size": [4, 12, 4], "uv": [40, 16]}
				]
			},
			{
				"name": "rightLeg",
				"parent": "body",
				"pivot": [-1.9, 12, 0],
				"cubes": [
					{"origin": [-3.9, 0, -2], "size": [4, 12, 4], "uv": [0, 16]}
				]
			},
			{
				"name": "leftLeg",
				"parent": "body",
				"pivot": [1.9, 12, 0],
				"mirror": true,
				"cubes": [
					{"origin": [-0.1, 0, -2], "size": [4, 12, 4], "uv": [0, 16]}
				]
			}
		]
	}
}