{
	"format_version": "1.12.0",
	"minecraft:geometry": [
		{
			"description": {
				"identifier": "geometry.flames",
				"texture_width": 16,
				"texture_height": 16,
				"visible_bounds_width": 4,
				"visible_bounds_height": 2.5,
				"visible_bounds_offset": [0, 0.75, 0]
			},
			"bones": [
				{
					"name": "bone",
					"pivot": [0, 1, 10],
					"cubes": [
						{"origin": [-3.01529, -0.38588, 4.20231], "size": [6.03058, 6.03058, 0.21538], "uv": [0, 0]},
						{"origin": [0, -0.38588, 7.2176], "size": [6.03058, 6.03058, 0.21538], "pivot": [3.01529, -0.17051, 7.2176], "rotation": [0, -90, 0], "uv": [0, 0]},
						{"origin": [-6.03058, -0.38588, 7.2176], "size": [6.03058, 6.03058, 0.21538], "pivot": [-3.01529, -0.17051, 7.2176], "rotation": [0, 90, 0], "uv": [0, 0]},
						{"origin": [-3.01529, -0.38588, 10.23289], "size": [6.03058, 6.03058, 0.21538], "pivot": [0, -0.17051, 10.23289], "rotation": [0, 180, 0], "uv": [0, 0]},
						{"origin": [-1.12176, 1.12176, 7.2176], "size": [1.12176, 1.12176, 1.12176], "uv": [0, 0]}
					]
				},
				{
					"name": "bone2",
					"pivot": [0, 1, -10],
					"cubes": [
						{"origin": [-3.01529, -0.38588, -18.23289], "size": [6.03058, 6.03058, 0.21538], "uv": [0, 0]},
						{"origin": [0, -0.38588, -15.2176], "size": [6.03058, 6.03058, 0.21538], "pivot": [3.01529, -0.17051, -15.2176], "rotation": [0, -90, 0], "uv": [0, 0]},
						{"origin": [-6.03058, -0.38588, -15.2176], "size": [6.03058, 6.03058, 0.21538], "pivot": [-3.01529, -0.17051, -15.2176], "rotation": [0, 90, 0], "uv": [0, 0]},
						{"origin": [-3.01529, -0.38588, -12.20231], "size": [6.03058, 6.03058, 0.21538], "pivot": [0, -0.17051, -12.20231], "rotation": [0, 180, 0], "uv": [0, 0]}
					]
				},
				{
					"name": "bone3",
					"pivot": [-9, 1, -10],
					"cubes": [
						{"origin": [-13.11113, -0.38588, -18.23289], "size": [6.03058, 6.03058, 0.21538], "uv": [0, 0]},
						{"origin": [-10.09584, -0.38588, -15.2176], "size": [6.03058, 6.03058, 0.21538], "pivot": [-7.08055, -0.17051, -15.2176], "rotation": [0, -90, 0], "uv": [0, 0]},
						{"origin": [-16.12642, -0.38588, -15.2176], "size": [6.03058, 6.03058, 0.21538], "pivot": [-13.11113, -0.17051, -15.2176], "rotation": [0, 90, 0], "uv": [0, 0]},
						{"origin": [-13.11113, -0.38588, -12.20231], "size": [6.03058, 6.03058, 0.21538], "pivot": [-10.09584, -0.17051, -12.20231], "rotation": [0, 180, 0], "uv": [0, 0]}
					]
				},
				{
					"name": "bone4",
					"pivot": [-9, 1, 10],
					"cubes": [
						{"origin": [-13.11113, -0.38588, 4.20231], "size": [6.03058, 6.03058, 0.21538], "uv": [0, 0]},
						{"origin": [-10.09584, -0.38588, 7.2176], "size": [6.03058, 6.03058, 0.21538], "pivot": [-7.08055, -0.17051, 7.2176], "rotation": [0, -90, 0], "uv": [0, 0]},
						{"origin": [-16.12642, -0.38588, 7.2176], "size": [6.03058, 6.03058, 0.21538], "pivot": [-13.11113, -0.17051, 7.2176], "rotation": [0, 90, 0], "uv": [0, 0]},
						{"origin": [-13.11113, -0.38588, 10.23289], "size": [6.03058, 6.03058, 0.21538], "pivot": [-10.09584, -0.17051, 10.23289], "rotation": [0, 180, 0], "uv": [0, 0]}
					]
				},
				{
					"name": "bone5",
					"pivot": [9, 1, 10],
					"cubes": [
						{"origin": [7.08055, -0.38588, 4.20231], "size": [6.03058, 6.03058, 0.21538], "uv": [0, 0]},
						{"origin": [10.09584, -0.38588, 7.2176], "size": [6.03058, 6.03058, 0.21538], "pivot": [13.11113, -0.17051, 7.2176], "rotation": [0, -90, 0], "uv": [0, 0]},
						{"origin": [4.06526, -0.38588, 7.2176], "size": [6.03058, 6.03058, 0.21538], "pivot": [7.08055, -0.17051, 7.2176], "rotation": [0, 90, 0], "uv": [0, 0]},
						{"origin": [7.08055, -0.38588, 10.23289], "size": [6.03058, 6.03058, 0.21538], "pivot": [10.09584, -0.17051, 10.23289], "rotation": [0, 180, 0], "uv": [0, 0]}
					]
				},
				{
					"name": "bone6",
					"pivot": [9, 1, -10],
					"cubes": [
						{"origin": [7.08055, -0.38588, -18.23289], "size": [6.03058, 6.03058, 0.21538], "uv": [0, 0]},
						{"origin": [10.09584, -0.38588, -15.2176], "size": [6.03058, 6.03058, 0.21538], "pivot": [13.11113, -0.17051, -15.2176], "rotation": [0, -90, 0], "uv": [0, 0]},
						{"origin": [4.06526, -0.38588, -15.2176], "size": [6.03058, 6.03058, 0.21538], "pivot": [7.08055, -0.17051, -15.2176], "rotation": [0, 90, 0], "uv": [0, 0]},
						{"origin": [7.08055, -0.38588, -12.20231], "size": [6.03058, 6.03058, 0.21538], "pivot": [10.09584, -0.17051, -12.20231], "rotation": [0, 180, 0], "uv": [0, 0]}
					]
				},
				{
					"name": "bone7",
					"pivot": [9, 1, 0],
					"cubes": [
						{"origin": [7.08055, -0.38588, -7.01529], "size": [6.03058, 6.03058, 0.21538], "uv": [0, 0]},
						{"origin": [10.09584, -0.38588, -4], "size": [6.03058, 6.03058, 0.21538], "pivot": [13.11113, -0.17051, -4], "rotation": [0, -90, 0], "uv": [0, 0]},
						{"origin": [4.06526, -0.38588, -4], "size": [6.03058, 6.03058, 0.21538], "pivot": [7.08055, -0.17051, -4], "rotation": [0, 90, 0], "uv": [0, 0]},
						{"origin": [7.08055, -0.38588, -0.98471], "size": [6.03058, 6.03058, 0.21538], "pivot": [10.09584, -0.17051, -0.98471], "rotation": [0, 180, 0], "uv": [0, 0]}
					]
				},
				{
					"name": "bone8",
					"pivot": [0, 1, 0],
					"cubes": [
						{"origin": [-3.01529, -0.38588, -7.01529], "size": [6.03058, 6.03058, 0.21538], "uv": [0, 0]},
						{"origin": [0, -0.38588, -4], "size": [6.03058, 6.03058, 0.21538], "pivot": [3.01529, -0.17051, -4], "rotation": [0, -90, 0], "uv": [0, 0]},
						{"origin": [-6.03058, -0.38588, -4], "size": [6.03058, 6.03058, 0.21538], "pivot": [-3.01529, -0.17051, -4], "rotation": [0, 90, 0], "uv": [0, 0]},
						{"origin": [-3.01529, -0.38588, -0.98471], "size": [6.03058, 6.03058, 0.21538], "pivot": [0, -0.17051, -0.98471], "rotation": [0, 180, 0], "uv": [0, 0]}
					]
				},
				{
					"name": "bone9",
					"pivot": [-9, 1, 0],
					"cubes": [
						{"origin": [-13.11113, -0.38588, -7.01529], "size": [6.03058, 6.03058, 0.21538], "uv": [0, 0]},
						{"origin": [-10.09584, -0.38588, -4], "size": [6.03058, 6.03058, 0.21538], "pivot": [-7.08055, -0.17051, -4], "rotation": [0, -90, 0], "uv": [0, 0]},
						{"origin": [-16.12642, -0.38588, -4], "size": [6.03058, 6.03058, 0.21538], "pivot": [-13.11113, -0.17051, -4], "rotation": [0, 90, 0], "uv": [0, 0]},
						{"origin": [-13.11113, -0.38588, -0.98471], "size": [6.03058, 6.03058, 0.21538], "pivot": [-10.09584, -0.17051, -0.98471], "rotation": [0, 180, 0], "uv": [0, 0]}
					]
				}
			]
		}
	]
}