{
	"format_version": "1.12.0",
	"minecraft:geometry": [
		{
			"description": {
				"identifier": "geometry.goo",
				"texture_width": 48,
				"texture_height": 48,
				"visible_bounds_width": 3,
				"visible_bounds_height": 1,
				"visible_bounds_offset": [0, 0, 0]
			},
			"bones": [
				{
					"name": "unknown_bone",
					"pivot": [0, 0, 0],
					"cubes": [
						{"origin": [-2, 6, -2], "size": [4, 4, 4], "uv": [0, 0]},
						{"origin": [-2, 8.5, 0], "size": [4, 2, 4], "uv": [12, 18]},
						{"origin": [-2, 5.5, 0], "size": [4, 2, 4], "uv": [0, 15]},
						{"origin": [-2, 8.3, 4], "size": [4, 2, 4], "uv": [12, 4]},
						{"origin": [-2, 4.3, 4], "size": [4, 2, 4], "uv": [12, 12]},
						{"origin": [-1.5, 5.3, 4], "size": [3, 2, 4], "uv": [10, 24]},
						{"origin": [1.5, 7.3, 1], "size": [1, 2, 4], "uv": [0, 28]},
						{"origin": [1.5, 6.3, 6], "size": [1, 2, 4], "uv": [24, 14]},
						{"origin": [-2.5, 6.3, 6], "size": [1, 2, 4], "uv": [24, 24]},
						{"origin": [0.5, 7.3, 6], "size": [1, 2, 4], "uv": [24, 6]},
						{"origin": [-1.5, 7.3, 6], "size": [1, 2, 4], "uv": [24, 0]},
						{"origin": [-2.5, 7.3, 1], "size": [1, 2, 4], "uv": [6, 30]},
						{"origin": [0.5, 6.3, 4], "size": [1, 2, 4], "uv": [26, 30]},
						{"origin": [-1.5, 6.3, 4], "size": [1, 2, 4], "uv": [16, 30]},
						{"origin": [-1.7, 6.3, -2.2], "size": [3.5, 3.5, 4.5], "uv": [0, 21]},
						{"origin": [-2.2, 6.3, -2], "size": [4.5, 3.5, 4], "uv": [0, 8]}
					]
				}
			]
		}
	]
}