{
	"format_version": "1.12.0",
	"minecraft:geometry": [
		{
			"description": {
				"identifier": "geometry.goo_peashooter",
				"texture_width": 64,
				"texture_height": 64,
				"visible_bounds_width": 3,
				"visible_bounds_height": 2,
				"visible_bounds_offset": [0, 0, 0]
			},
			"bones": [
				{
					"name": "peashooter",
					"pivot": [0, 0, 0]
				},
				{
					"name": "stem",
					"parent": "peashooter",
					"pivot": [0, 0, 0]
				},
				{
					"name": "stem1",
					"parent": "stem",
					"pivot": [0, 0, 0],
					"cubes": [
						{"origin": [-1.2, 6, -0.4], "size": [2.4, 2, 2.4], "pivot": [0, 5, 1], "rotation": [7.5, 0, 0], "uv": [0, 19]}
					]
				},
				{
					"name": "stem2",
					"parent": "stem",
					"pivot": [0, 0, 0],
					"rotation": [0, 42.5, 0],
					"cubes": [
						{"origin": [-2.7, -0.13458, -2.5], "size": [5.4, 2, 5.4], "pivot": [0, 0.36542, -0.07614], "rotation": [1.5, 0, 0], "uv": [22, 0]},
						{"origin": [-4.7, -0.13458, -1.3], "size": [2.4, 2, 3], "pivot": [-5, 0.36542, -0.07614], "rotation": [1.5, 0, 0], "uv": [42, 10]},
						{"origin": [2.3, -0.13458, -1.3], "size": [2.4, 2, 3], "pivot": [2, 0.36542, -0.07614], "rotation": [1.5, 0, 0], "uv": [42, 5]},
						{"origin": [-1.4, -0.13458, 2.7], "size": [2.4, 2, 3], "pivot": [-2, 0.36542, 3.92386], "rotation": [1.5, 0, 0], "uv": [42, 42]},
						{"origin": [-1.4, -0.13458, -5.3], "size": [2.4, 2, 3], "pivot": [-2, 0.36542, -4.07614], "rotation": [1.5, 0, 0], "uv": [37, 0]},
						{"origin": [-7.7, -0.13458, -2], "size": [3.4, 2, 4.4], "pivot": [-7, 0.36542, -0.07614], "rotation": [1.5, 0, -5], "uv": [20, 36]},
						{"origin": [4.3, -0.13458, -2], "size": [3.4, 2, 4.4], "pivot": [5, 0.36542, -0.07614], "rotation": [1.5, 0, 5], "uv": [0, 36]},
						{"origin": [2.40385, -0.43229, 3.0315], "size": [2.4, 1, 2.4], "pivot": [5, 0.36542, -0.07614], "rotation": [1.5, 0, 5], "uv": [0, 5]},
						{"origin": [-1.7, -0.13458, -7.5], "size": [3.4, 2, 4.4], "pivot": [-1, 0.36542, -6.07614], "rotation": [1.5, 90, 5], "uv": [10, 32]},
						{"origin": [-1.7, -0.13458, 6.5], "size": [3.4, 2, 4.4], "pivot": [-1, 0.36542, 7.92386], "rotation": [1.5, 90, 5], "uv": [0, 30]},
						{"origin": [-1.7, -0.3, -1.5], "size": [3.4, 3, 3.4], "pivot": [0, 0.36542, -0.07614], "rotation": [1.5, 0, 0], "uv": [11, 39]},
						{"origin": [-0.7, 1.24968, -1.32539], "size": [1.4, 3, 1.4], "pivot": [0, -1.25032, -0.20153], "rotation": [-18.5, -37.5, 0], "uv": [30, 36]},
						{"origin": [-2.06587, 3.86542, 0.41943], "size": [1.4, 3, 1.4], "pivot": [-1.36587, 1.36542, 1.54329], "rotation": [9, -45, 0], "uv": [0, 30]}
					]
				},
				{
					"name": "head",
					"parent": "peashooter",
					"pivot": [0, 10, 0],
					"rotation": [5, 0, 0]
				},
				{
					"name": "snout",
					"parent": "head",
					"pivot": [0, 0, 0],
					"cubes": [
						{"origin": [-2.1, 8.2, -7.5], "size": [1, 4.2, 1.5], "uv": [20, 30]},
						{"origin": [1.2, 8.2, -7.5], "size": [1, 4.2, 1.5], "uv": [22, 0]},
						{"origin": [-2, 11.6, -7.5], "size": [4, 1.2, 1.5], "uv": [10, 30]},
						{"origin": [-2, 7.9, -7.5], "size": [4, 1.2, 1.5], "uv": [29, 22]},
						{"origin": [-1.8, 8.2, -6.5], "size": [3.7, 4.2, 1.5], "uv": [0, 0]},
						{"origin": [-1.51, 8.8, -6.2], "size": [3.1, 3, 3], "uv": [20, 42]}
					]
				},
				{
					"name": "upleaf",
					"parent": "head",
					"pivot": [0, 2.29514, 11.14387],
					"rotation": [32.5, 0, 0],
					"cubes": [
						{"origin": [-0.65, 14.12997, 11.39892], "size": [1, 2, 4.1], "uv": [32, 42]},
						{"origin": [-1.1, 13.42076, 14.43142], "size": [1.8, 1.7, 3.275], "pivot": [0, 13.41824, 17.16688], "rotation": [-25, 0, 0], "uv": [0, 15]},
						{"origin": [-0.6, 9.71036, 16.8665], "size": [0.8, 1.7, 2], "pivot": [0, 11.91249, 19.94765], "rotation": [-70, 0, 0], "uv": [5, 14]},
						{"origin": [-0.6, 9.07863, 15.89067], "size": [0.8, 1.7, 2], "pivot": [0, 10.74346, 18.12843], "rotation": [-115, 0, 0], "uv": [5, 13]},
						{"origin": [-1.7, 8.8, 20.83945], "size": [3, 2.7, 2], "pivot": [0, 11.91249, 19.94765], "rotation": [-120, 0, 0], "uv": [0, 48]},
						{"origin": [-2.2, 8.3, 21.75229], "size": [4, 3.7, 3], "pivot": [0, 11.91249, 19.94765], "rotation": [-120, 0, 0], "uv": [34, 36]},
						{"origin": [-2, 8.6, 22.25229], "size": [3.5, 3, 3], "pivot": [0, 11.91249, 19.94765], "rotation": [-120, 0, 0], "uv": [0, 42]}
					]
				},
				{
					"name": "base",
					"parent": "head",
					"pivot": [0, 0, 0],
					"cubes": [
						{"origin": [-2.4, 7, -1.4], "size": [4.8, 1.7, 2.8], "uv": [40, 47]},
						{"origin": [-6.44387, 6.7, -1.31284], "size": [4.8, 0.7, 2.8], "pivot": [0, 0, 0], "rotation": [0, 0, 10], "uv": [19, 22]},
						{"origin": [-5.42879, 6.70198, 0.67955], "size": [4.8, 1.7, 2.8], "pivot": [0, 0, 0], "rotation": [0, 0, 10], "uv": [10, 46]},
						{"origin": [-5.48933, 7.04531, -3.30523], "size": [4.8, 1.7, 2.8], "pivot": [0, 0, 0], "rotation": [0, 0, 10], "uv": [45, 36]},
						{"origin": [3.83395, 4.5, -2], "size": [1, 3.7, 1.8], "pivot": [0, 0, 0], "rotation": [0, 0, -5], "uv": [0, 36]},
						{"origin": [3.82635, 6.41318, -1.00381], "size": [1, 1.7, 1.8], "pivot": [0, 0, 0], "rotation": [0, 0, -5], "uv": [10, 32]},
						{"origin": [3.0076, 7.08682, -2.39619], "size": [3, 1.7, 2.8], "pivot": [0, 0, 0], "rotation": [0, 0, -5], "uv": [20, 48]},
						{"origin": [0.6, 7, -1.4], "size": [4.8, 1.7, 2.8], "pivot": [0, 0, 0], "rotation": [0, 0, -5], "uv": [46, 22]},
						{"origin": [-0.41898, 7.08716, 1.3], "size": [4.8, 1.7, 2.8], "pivot": [0, 0, 0], "rotation": [0, 0, -5], "uv": [46, 25]},
						{"origin": [-0.381, 7.52128, -3.68097], "size": [4.8, 1.7, 2.8], "pivot": [0, 0, 0], "rotation": [0, 0, -5], "uv": [44, 0]},
						{"origin": [-3.3, 7.7, -2.8], "size": [6.6, 7.6, 7.6], "uv": [23, 8]},
						{"origin": [-3.3, 8, -3.8], "size": [6.6, 6.8, 9.6], "uv": [0, 15]},
						{"origin": [-3.9, 7.9, -3.2], "size": [7.7, 7, 8.6], "uv": [0, 0]},
						{"origin": [-4.4, 8.2, -2], "size": [8.9, 6.5, 6.9], "uv": [24, 24]}
					]
				}
			]
		}
	]
}