{
	"format_version": "1.12.0",
	"minecraft:geometry": [
		{
			"description": {
				"identifier": "geometry.ice_spike",
				"texture_width": 64,
				"texture_height": 64,
				"visible_bounds_width": 4,
				"visible_bounds_height": 2.5,
				"visible_bounds_offset": [0, 0.75, 0]
			},
			"bones": [
				{
					"name": "Ice_Spike",
					"pivot": [0, 0, -4]
				},
				{
					"name": "icespike",
					"parent": "Ice_Spike",
					"pivot": [0, 0, -4],
					"cubes": [
						{"origin": [-0.01332, -0.8316, -6.93843], "size": [2.4948, 3.3264, 2.4948], "pivot": [0.81828, 0.8316, -5.69103], "rotation": [17.5, 0, 0], "uv": [23, 33]},
						{"origin": [-2.92392, -0.8316, -8.68479], "size": [2.4948, 1.6632, 2.4948], "pivot": [-1.67652, 5.92724, -7.39255], "rotation": [5, 0, 0], "uv": [54.0208, 18]},
						{"origin": [-2.50812, -0.8316, -8.43531], "size": [1.6632, 2.4948, 1.6632], "pivot": [-1.67652, 7.58412, -7.5375], "rotation": [5, 0, 0], "uv": [57.3472, 23]},
						{"origin": [-3.33972, -0.8316, -8.62087], "size": [3.3264, 4.9896, 3.3264], "pivot": [-1.67652, 0.95663, -6.95767], "rotation": [5, 0, 0], "uv": [48, 0]},
						{"origin": [-2.50812, -0.8316, -11.63504], "size": [4.158, 6.6528, 4.158], "pivot": [-0.42912, 2.66789, -9.55604], "rotation": [15, 0, 0], "uv": [47.368, 31]},
						{"origin": [-2.09232, -0.8316, -12.92595], "size": [3.3264, 1.6632, 3.3264], "pivot": [-0.42912, 9.094, -11.27792], "rotation": [15, 0, 0], "uv": [49, 12]},
						{"origin": [-1.67652, -0.8316, -12.92595], "size": [2.4948, 2.4948, 2.4948], "pivot": [-0.42912, 10.70052, -11.70839], "rotation": [15, 0, 0], "uv": [35, 33]},
						{"origin": [-1.26072, -0.8316, -13.09227], "size": [1.6632, 0.8316, 1.6632], "pivot": [-0.42912, 13.11033, -12.35409], "rotation": [15, 0, 0], "uv": [23, 19]},
						{"origin": [-0.84492, -0.8316, -12.84279], "size": [0.8316, 1.6632, 0.8316], "pivot": [-0.42912, 13.91359, -12.56932], "rotation": [15, 0, 0], "uv": [30, 8]},
						{"origin": [-3.33972, -0.8316, -12.75963], "size": [2.4948, 3.3264, 2.4948], "pivot": [-1.67652, 0.8316, -11.51223], "rotation": [17.5, 0, 0], "uv": [50, 23]},
						{"origin": [-2.09232, -0.8316, -7.77003], "size": [2.079, 3.3264, 2.079], "pivot": [-0.84492, 0.8316, -6.52263], "rotation": [17.5, 0, 0], "uv": [33, 39]},
						{"origin": [-2.92392, -0.8316, -6.93843], "size": [2.079, 2.4948, 2.079], "pivot": [-1.67652, 0, -5.69103], "rotation": [17.5, 0, 0], "uv": [23, 40]},
						{"origin": [-3.75552, -0.8316, -9.43323], "size": [2.079, 5.8212, 2.079], "pivot": [-2.50812, 3.3264, -8.18583], "rotation": [17.5, 0, 0], "uv": [23, 0]},
						{"origin": [0.65196, -0.8316, -7.77003], "size": [2.079, 4.158, 2.079], "pivot": [1.64988, 1.6632, -6.52263], "rotation": [17.5, 0, 0], "uv": [23, 12]},
						{"origin": [-2.92392, -0.8316, -11.09643], "size": [2.079, 3.3264, 2.079], "pivot": [-1.67652, 0.8316, -9.84903], "rotation": [17.5, 0, 0], "uv": [55.684, 10]},
						{"origin": [0.40248, -0.8316, -11.92803], "size": [2.079, 3.3264, 2.079], "pivot": [1.64988, 0.8316, -10.68063], "rotation": [17.5, 0, 0], "uv": [45, 37]},
						{"origin": [0.40248, -0.8316, -8.60163], "size": [2.079, 3.3264, 2.079], "pivot": [1.64988, 0.8316, -7.35423], "rotation": [17.5, 0, 0], "uv": [23, 23]}
					]
				},
				{
					"name": "icespike8",
					"parent": "Ice_Spike",
					"pivot": [0, 0, -17],
					"cubes": [
						{"origin": [-0.01332, -0.8316, -17.74923], "size": [2.4948, 3.3264, 2.4948], "pivot": [0.81828, 0.8316, -16.50183], "rotation": [17.5, 0, 0], "uv": [0, 33]},
						{"origin": [-2.92392, 4.26404, -19.49559], "size": [2.4948, 1.6632, 2.4948], "pivot": [-1.67652, 5.92724, -18.20335], "rotation": [5, 0, 0], "uv": [36, 18]},
						{"origin": [-2.50812, 5.92092, -19.24611], "size": [1.6632, 2.4948, 1.6632], "pivot": [-1.67652, 7.58412, -18.3483], "rotation": [5, 0, 0], "uv": [39, 23]},
						{"origin": [-3.33972, -0.70657, -19.43167], "size": [3.3264, 4.9896, 3.3264], "pivot": [-1.67652, 0.95663, -17.76847], "rotation": [5, 0, 0], "uv": [25, 0]},
						{"origin": [-2.50812, -0.65851, -22.44584], "size": [4.158, 6.6528, 4.158], "pivot": [-0.42912, 2.66789, -20.36684], "rotation": [15, 0, 0], "uv": [31, 31]},
						{"origin": [-2.09232, 5.7676, -23.73675], "size": [3.3264, 1.6632, 3.3264], "pivot": [-0.42912, 9.094, -22.08872], "rotation": [15, 0, 0], "uv": [26, 12]},
						{"origin": [-1.67652, 7.37412, -23.73675], "size": [2.4948, 2.4948, 2.4948], "pivot": [-0.42912, 10.70052, -22.51919], "rotation": [15, 0, 0], "uv": [12, 33]},
						{"origin": [-1.26072, 9.78393, -23.90307], "size": [1.6632, 0.8316, 1.6632], "pivot": [-0.42912, 13.11033, -23.16489], "rotation": [15, 0, 0], "uv": [0, 19]},
						{"origin": [-0.84492, 10.58719, -23.65359], "size": [0.8316, 1.6632, 0.8316], "pivot": [-0.42912, 13.91359, -23.38012], "rotation": [15, 0, 0], "uv": [7, 8]},
						{"origin": [-3.33972, -0.8316, -23.57043], "size": [2.4948, 3.3264, 2.4948], "pivot": [-1.67652, 0.8316, -22.32303], "rotation": [17.5, 0, 0], "uv": [27, 23]},
						{"origin": [-2.09232, -0.8316, -18.58083], "size": [2.079, 3.3264, 2.079], "pivot": [-0.84492, 0.8316, -17.33343], "rotation": [17.5, 0, 0], "uv": [10, 39]},
						{"origin": [-2.92392, -0.8316, -17.74923], "size": [2.079, 2.4948, 2.079], "pivot": [-1.67652, 0, -16.50183], "rotation": [17.5, 0, 0], "uv": [0, 40]},
						{"origin": [-3.75552, -0.8316, -20.24403], "size": [2.079, 5.8212, 2.079], "pivot": [-2.50812, 3.3264, -18.99663], "rotation": [17.5, 0, 0], "uv": [0, 0]},
						{"origin": [0.65196, -0.8316, -18.58083], "size": [2.079, 4.158, 2.079], "pivot": [1.64988, 1.6632, -17.33343], "rotation": [17.5, 0, 0], "uv": [0, 12]},
						{"origin": [-2.92392, -0.8316, -21.90723], "size": [2.079, 3.3264, 2.079], "pivot": [-1.67652, 0.8316, -20.65983], "rotation": [17.5, 0, 0], "uv": [38, 10]},
						{"origin": [0.40248, -0.8316, -22.73883], "size": [2.079, 3.3264, 2.079], "pivot": [1.64988, 0.8316, -21.49143], "rotation": [17.5, 0, 0], "uv": [22, 37]},
						{"origin": [0.40248, -0.8316, -19.41243], "size": [2.079, 3.3264, 2.079], "pivot": [1.64988, 0.8316, -18.16503], "rotation": [17.5, 0, 0], "uv": [0, 23]}
					]
				},
				{
					"name": "ice",
					"parent": "Ice_Spike",
					"pivot": [0, 0, -4],
					"cubes": [
						{"origin": [-3.75552, 0, -12.75963], "size": [6.6528, 0.8316, 8.316], "uv": [0, 12]},
						{"origin": [-3.33972, -0.08316, -13.17543], "size": [5.8212, 0.8316, 9.1476], "uv": [0, 0]},
						{"origin": [-4.17132, -0.08316, -12.34383], "size": [7.4844, 0.8316, 7.4844], "uv": [0, 23]}
					]
				},
				{
					"name": "Ice_Spike2",
					"pivot": [-14, 0, 2],
					"rotation": [0, 15, 0]
				},
				{
					"name": "icespike2",
					"parent": "Ice_Spike2",
					"pivot": [-14, 0, 0],
					"cubes": [
						{"origin": [-10.02515, 0.9983, -3.11572], "size": [2.4948, 3.3264, 2.4948], "pivot": [-10.82412, 0.8316, 3.93537], "rotation": [17.5, 0, 0], "uv": [0, 33]},
						{"origin": [-12.93575, 4.79441, -5.12056], "size": [2.4948, 1.6632, 2.4948], "pivot": [-13.31892, 5.92724, 2.23385], "rotation": [5, 0, 0], "uv": [36, 18]},
						{"origin": [-12.51995, 6.45129, -4.87108], "size": [1.6632, 2.4948, 1.6632], "pivot": [-13.31892, 7.58412, 2.0889], "rotation": [5, 0, 0], "uv": [39, 23]},
						{"origin": [-13.35155, -0.1762, -5.05664], "size": [3.3264, 4.9896, 3.3264], "pivot": [-13.31892, 0.95663, 2.66873], "rotation": [5, 0, 0], "uv": [25, 0]},
						{"origin": [-12.51995, 0.91649, -7.88662], "size": [4.158, 6.6528, 4.158], "pivot": [-12.07152, 2.66789, 0.07036], "rotation": [15, 0, 0], "uv": [31, 31]},
						{"origin": [-12.10415, 7.3426, -9.17753], "size": [3.3264, 1.6632, 3.3264], "pivot": [-12.07152, 9.094, -1.65152], "rotation": [15, 0, 0], "uv": [26, 12]},
						{"origin": [-11.68835, 8.94912, -9.17753], "size": [2.4948, 2.4948, 2.4948], "pivot": [-12.07152, 10.70052, -2.08199], "rotation": [15, 0, 0], "uv": [12, 33]},
						{"origin": [-11.27255, 11.35893, -9.34384], "size": [1.6632, 0.8316, 1.6632], "pivot": [-12.07152, 13.11033, -2.72769], "rotation": [15, 0, 0], "uv": [0, 19]},
						{"origin": [-10.85675, 12.16219, -9.09436], "size": [0.8316, 1.6632, 0.8316], "pivot": [-12.07152, 13.91359, -2.94292], "rotation": [15, 0, 0], "uv": [7, 8]},
						{"origin": [-13.35155, 0.9983, -8.93692], "size": [2.4948, 3.3264, 2.4948], "pivot": [-13.31892, 0.8316, -1.88583], "rotation": [17.5, 0, 0], "uv": [27, 23]},
						{"origin": [-12.10415, 0.9983, -3.94732], "size": [2.079, 3.3264, 2.079], "pivot": [-12.48732, 0.8316, 3.10377], "rotation": [17.5, 0, 0], "uv": [10, 39]},
						{"origin": [-12.93575, 0.9983, -3.11572], "size": [2.079, 2.4948, 2.079], "pivot": [-13.31892, 0, 3.93537], "rotation": [17.5, 0, 0], "uv": [0, 40]},
						{"origin": [-13.76735, 0.9983, -5.61052], "size": [2.079, 5.8212, 2.079], "pivot": [-14.15052, 3.3264, 1.44057], "rotation": [17.5, 0, 0], "uv": [0, 0]},
						{"origin": [-9.35987, 0.9983, -3.94732], "size": [2.079, 4.158, 2.079], "pivot": [-9.99252, 1.6632, 3.10377], "rotation": [17.5, 0, 0], "uv": [0, 12]},
						{"origin": [-12.93575, 0.9983, -7.27372], "size": [2.079, 3.3264, 2.079], "pivot": [-13.31892, 0.8316, -0.22263], "rotation": [17.5, 0, 0], "uv": [38, 10]},
						{"origin": [-9.60935, 0.9983, -8.10532], "size": [2.079, 3.3264, 2.079], "pivot": [-9.99252, 0.8316, -1.05423], "rotation": [17.5, 0, 0], "uv": [22, 37]},
						{"origin": [-9.60935, 0.9983, -4.77892], "size": [2.079, 3.3264, 2.079], "pivot": [-9.99252, 0.8316, 2.27217], "rotation": [17.5, 0, 0], "uv": [0, 23]}
					]
				},
				{
					"name": "icespike9",
					"parent": "Ice_Spike2",
					"pivot": [-12.75667, 0, -16.23127],
					"cubes": [
						{"origin": [-8.9912, 0.9983, -16.61363], "size": [2.4948, 3.3264, 2.4948], "pivot": [-9.79016, 0.8316, -9.56254], "rotation": [17.5, 0, 0], "uv": [0, 33]},
						{"origin": [-11.9018, 4.79441, -18.61848], "size": [2.4948, 1.6632, 2.4948], "pivot": [-12.28496, 5.92724, -11.26407], "rotation": [5, 0, 0], "uv": [36, 18]},
						{"origin": [-11.486, 6.45129, -18.369], "size": [1.6632, 2.4948, 1.6632], "pivot": [-12.28496, 7.58412, -11.40902], "rotation": [5, 0, 0], "uv": [39, 23]},
						{"origin": [-12.3176, -0.1762, -18.55457], "size": [3.3264, 4.9896, 3.3264], "pivot": [-12.28496, 0.95663, -10.8292], "rotation": [5, 0, 0], "uv": [25, 0]},
						{"origin": [-11.486, 0.91649, -21.38454], "size": [4.158, 6.6528, 4.158], "pivot": [-11.03756, 2.66789, -13.42757], "rotation": [15, 0, 0], "uv": [31, 31]},
						{"origin": [-11.0702, 7.3426, -22.67544], "size": [3.3264, 1.6632, 3.3264], "pivot": [-11.03756, 9.094, -15.14945], "rotation": [15, 0, 0], "uv": [26, 12]},
						{"origin": [-10.6544, 8.94912, -22.67544], "size": [2.4948, 2.4948, 2.4948], "pivot": [-11.03756, 10.70052, -15.57991], "rotation": [15, 0, 0], "uv": [12, 33]},
						{"origin": [-10.2386, 11.35893, -22.84176], "size": [1.6632, 0.8316, 1.6632], "pivot": [-11.03756, 13.11033, -16.22561], "rotation": [15, 0, 0], "uv": [0, 19]},
						{"origin": [-9.8228, 12.16219, -22.59228], "size": [0.8316, 1.6632, 0.8316], "pivot": [-11.03756, 13.91359, -16.44085], "rotation": [15, 0, 0], "uv": [7, 8]},
						{"origin": [-12.3176, 0.9983, -22.43483], "size": [2.4948, 3.3264, 2.4948], "pivot": [-12.28496, 0.8316, -15.38374], "rotation": [17.5, 0, 0], "uv": [27, 23]},
						{"origin": [-11.0702, 0.9983, -17.44523], "size": [2.079, 3.3264, 2.079], "pivot": [-11.45336, 0.8316, -10.39414], "rotation": [17.5, 0, 0], "uv": [10, 39]},
						{"origin": [-11.9018, 0.9983, -16.61363], "size": [2.079, 2.4948, 2.079], "pivot": [-12.28496, 0, -9.56254], "rotation": [17.5, 0, 0], "uv": [0, 40]},
						{"origin": [-12.7334, 0.9983, -19.10843], "size": [2.079, 5.8212, 2.079], "pivot": [-13.11656, 3.3264, -12.05734], "rotation": [17.5, 0, 0], "uv": [0, 0]},
						{"origin": [-8.32592, 0.9983, -17.44523], "size": [2.079, 4.158, 2.079], "pivot": [-8.95856, 1.6632, -10.39414], "rotation": [17.5, 0, 0], "uv": [0, 12]},
						{"origin": [-11.9018, 0.9983, -20.77163], "size": [2.079, 3.3264, 2.079], "pivot": [-12.28496, 0.8316, -13.72054], "rotation": [17.5, 0, 0], "uv": [38, 10]},
						{"origin": [-8.5754, 0.9983, -21.60323], "size": [2.079, 3.3264, 2.079], "pivot": [-8.95856, 0.8316, -14.55214], "rotation": [17.5, 0, 0], "uv": [22, 37]},
						{"origin": [-8.5754, 0.9983, -18.27683], "size": [2.079, 3.3264, 2.079], "pivot": [-8.95856, 0.8316, -11.22574], "rotation": [17.5, 0, 0], "uv": [0, 23]}
					]
				},
				{
					"name": "ice2",
					"parent": "Ice_Spike2",
					"pivot": [-14, 0, 0],
					"cubes": [
						{"origin": [-13.76735, 0, -9.21856], "size": [6.6528, 0.8316, 8.316], "uv": [0, 12]},
						{"origin": [-13.35155, -0.08316, -9.63436], "size": [5.8212, 0.8316, 9.1476], "uv": [0, 0]},
						{"origin": [-14.18315, -0.08316, -8.80276], "size": [7.4844, 0.8316, 7.4844], "uv": [0, 23]}
					]
				},
				{
					"name": "Ice_Spike3",
					"pivot": [14, 0, 2],
					"rotation": [0, -15, 0]
				},
				{
					"name": "icespike3",
					"parent": "Ice_Spike3",
					"pivot": [14, 0, 0],
					"cubes": [
						{"origin": [6.67212, 0.9983, -3.11572], "size": [2.4948, 3.3264, 2.4948], "pivot": [9.96588, 0.8316, 3.93537], "rotation": [17.5, 0, 0], "uv": [0, 33], "mirror": true},
						{"origin": [9.58272, 4.79441, -5.12056], "size": [2.4948, 1.6632, 2.4948], "pivot": [12.46068, 5.92724, 2.23385], "rotation": [5, 0, 0], "uv": [36, 18], "mirror": true},
						{"origin": [9.99852, 6.45129, -4.87108], "size": [1.6632, 2.4948, 1.6632], "pivot": [12.46068, 7.58412, 2.0889], "rotation": [5, 0, 0], "uv": [39, 23], "mirror": true},
						{"origin": [9.16692, -0.1762, -5.05664], "size": [3.3264, 4.9896, 3.3264], "pivot": [12.46068, 0.95663, 2.66873], "rotation": [5, 0, 0], "uv": [25, 0], "mirror": true},
						{"origin": [7.50372, 0.91649, -7.88662], "size": [4.158, 6.6528, 4.158], "pivot": [11.21328, 2.66789, 0.07036], "rotation": [15, 0, 0], "uv": [31, 31], "mirror": true},
						{"origin": [7.91952, 7.3426, -9.17753], "size": [3.3264, 1.6632, 3.3264], "pivot": [11.21328, 9.094, -1.65152], "rotation": [15, 0, 0], "uv": [26, 12], "mirror": true},
						{"origin": [8.33532, 8.94912, -9.17753], "size": [2.4948, 2.4948, 2.4948], "pivot": [11.21328, 10.70052, -2.08199], "rotation": [15, 0, 0], "uv": [12, 33], "mirror": true},
						{"origin": [8.75112, 11.35893, -9.34384], "size": [1.6632, 0.8316, 1.6632], "pivot": [11.21328, 13.11033, -2.72769], "rotation": [15, 0, 0], "uv": [0, 19], "mirror": true},
						{"origin": [9.16692, 12.16219, -9.09436], "size": [0.8316, 1.6632, 0.8316], "pivot": [11.21328, 13.91359, -2.94292], "rotation": [15, 0, 0], "uv": [7, 8], "mirror": true},
						{"origin": [9.99852, 0.9983, -8.93692], "size": [2.4948, 3.3264, 2.4948], "pivot": [12.46068, 0.8316, -1.88583], "rotation": [17.5, 0, 0], "uv": [27, 23], "mirror": true},
						{"origin": [9.16692, 0.9983, -3.94732], "size": [2.079, 3.3264, 2.079], "pivot": [11.62908, 0.8316, 3.10377], "rotation": [17.5, 0, 0], "uv": [10, 39], "mirror": true},
						{"origin": [9.99852, 0.9983, -3.11572], "size": [2.079, 2.4948, 2.079], "pivot": [12.46068, 0, 3.93537], "rotation": [17.5, 0, 0], "uv": [0, 40], "mirror": true},
						{"origin": [10.83012, 0.9983, -5.61052], "size": [2.079, 5.8212, 2.079], "pivot": [13.29228, 3.3264, 1.44057], "rotation": [17.5, 0, 0], "uv": [0, 0], "mirror": true},
						{"origin": [6.42264, 0.9983, -3.94732], "size": [2.079, 4.158, 2.079], "pivot": [9.13428, 1.6632, 3.10377], "rotation": [17.5, 0, 0], "uv": [0, 12], "mirror": true},
						{"origin": [9.99852, 0.9983, -7.27372], "size": [2.079, 3.3264, 2.079], "pivot": [12.46068, 0.8316, -0.22263], "rotation": [17.5, 0, 0], "uv": [38, 10], "mirror": true},
						{"origin": [6.67212, 0.9983, -8.10532], "size": [2.079, 3.3264, 2.079], "pivot": [9.13428, 0.8316, -1.05423], "rotation": [17.5, 0, 0], "uv": [22, 37], "mirror": true},
						{"origin": [6.67212, 0.9983, -4.77892], "size": [2.079, 3.3264, 2.079], "pivot": [9.13428, 0.8316, 2.27217], "rotation": [17.5, 0, 0], "uv": [0, 23], "mirror": true}
					]
				},
				{
					"name": "ice3",
					"parent": "Ice_Spike3",
					"pivot": [14, 0, 0],
					"cubes": [
						{"origin": [6.25632, 0, -9.21856], "size": [6.6528, 0.8316, 8.316], "uv": [0, 12], "mirror": true},
						{"origin": [6.67212, -0.08316, -9.63436], "size": [5.8212, 0.8316, 9.1476], "uv": [0, 0], "mirror": true},
						{"origin": [5.84052, -0.08316, -8.80276], "size": [7.4844, 0.8316, 7.4844], "uv": [0, 23], "mirror": true}
					]
				},
				{
					"name": "Ice_Spike4",
					"pivot": [10, 0, 17],
					"rotation": [0, -15, 0]
				},
				{
					"name": "icespike4",
					"parent": "Ice_Spike4",
					"pivot": [10, 0, 15],
					"cubes": [
						{"origin": [3.34572, 0.9983, 9.35828], "size": [2.4948, 3.3264, 2.4948], "pivot": [6.63948, 0.8316, 16.40937], "rotation": [17.5, 0, 0], "uv": [0, 33], "mirror": true},
						{"origin": [6.25632, 4.79441, 7.35344], "size": [2.4948, 1.6632, 2.4948], "pivot": [9.13428, 5.92724, 14.70785], "rotation": [5, 0, 0], "uv": [36, 18], "mirror": true},
						{"origin": [6.67212, 6.45129, 7.60292], "size": [1.6632, 2.4948, 1.6632], "pivot": [9.13428, 7.58412, 14.5629], "rotation": [5, 0, 0], "uv": [39, 23], "mirror": true},
						{"origin": [5.84052, -0.1762, 7.41736], "size": [3.3264, 4.9896, 3.3264], "pivot": [9.13428, 0.95663, 15.14273], "rotation": [5, 0, 0], "uv": [25, 0], "mirror": true},
						{"origin": [4.17732, 0.91649, 4.58738], "size": [4.158, 6.6528, 4.158], "pivot": [7.88688, 2.66789, 12.54436], "rotation": [15, 0, 0], "uv": [31, 31], "mirror": true},
						{"origin": [4.59312, 7.3426, 3.29648], "size": [3.3264, 1.6632, 3.3264], "pivot": [7.88688, 9.094, 10.82248], "rotation": [15, 0, 0], "uv": [26, 12], "mirror": true},
						{"origin": [5.00892, 8.94912, 3.29648], "size": [2.4948, 2.4948, 2.4948], "pivot": [7.88688, 10.70052, 10.39201], "rotation": [15, 0, 0], "uv": [12, 33], "mirror": true},
						{"origin": [5.42472, 11.35893, 3.13016], "size": [1.6632, 0.8316, 1.6632], "pivot": [7.88688, 13.11033, 9.74631], "rotation": [15, 0, 0], "uv": [0, 19], "mirror": true},
						{"origin": [5.84052, 12.16219, 3.37964], "size": [0.8316, 1.6632, 0.8316], "pivot": [7.88688, 13.91359, 9.53108], "rotation": [15, 0, 0], "uv": [7, 8], "mirror": true},
						{"origin": [6.67212, 0.9983, 3.53708], "size": [2.4948, 3.3264, 2.4948], "pivot": [9.13428, 0.8316, 10.58817], "rotation": [17.5, 0, 0], "uv": [27, 23], "mirror": true},
						{"origin": [5.84052, 0.9983, 8.52668], "size": [2.079, 3.3264, 2.079], "pivot": [8.30268, 0.8316, 15.57777], "rotation": [17.5, 0, 0], "uv": [10, 39], "mirror": true},
						{"origin": [6.67212, 0.9983, 9.35828], "size": [2.079, 2.4948, 2.079], "pivot": [9.13428, 0, 16.40937], "rotation": [17.5, 0, 0], "uv": [0, 40], "mirror": true},
						{"origin": [7.50372, 0.9983, 6.86348], "size": [2.079, 5.8212, 2.079], "pivot": [9.96588, 3.3264, 13.91457], "rotation": [17.5, 0, 0], "uv": [0, 0], "mirror": true},
						{"origin": [3.09624, 0.9983, 8.52668], "size": [2.079, 4.158, 2.079], "pivot": [5.80788, 1.6632, 15.57777], "rotation": [17.5, 0, 0], "uv": [0, 12], "mirror": true},
						{"origin": [6.67212, 0.9983, 5.20028], "size": [2.079, 3.3264, 2.079], "pivot": [9.13428, 0.8316, 12.25137], "rotation": [17.5, 0, 0], "uv": [38, 10], "mirror": true},
						{"origin": [3.34572, 0.9983, 4.36868], "size": [2.079, 3.3264, 2.079], "pivot": [5.80788, 0.8316, 11.41977], "rotation": [17.5, 0, 0], "uv": [22, 37], "mirror": true},
						{"origin": [3.34572, 0.9983, 7.69508], "size": [2.079, 3.3264, 2.079], "pivot": [5.80788, 0.8316, 14.74617], "rotation": [17.5, 0, 0], "uv": [0, 23], "mirror": true}
					]
				},
				{
					"name": "ice4",
					"parent": "Ice_Spike4",
					"pivot": [10, 0, 15],
					"cubes": [
						{"origin": [2.92992, 0, 3.25544], "size": [6.6528, 0.8316, 8.316], "uv": [0, 12], "mirror": true},
						{"origin": [3.34572, -0.08316, 2.83964], "size": [5.8212, 0.8316, 9.1476], "uv": [0, 0], "mirror": true},
						{"origin": [2.51412, -0.08316, 3.67124], "size": [7.4844, 0.8316, 7.4844], "uv": [0, 23], "mirror": true}
					]
				},
				{
					"name": "Ice_Spike5",
					"pivot": [-10, 0, 17],
					"rotation": [0, 15, 0]
				},
				{
					"name": "icespike5",
					"parent": "Ice_Spike5",
					"pivot": [-10, 0, 15],
					"cubes": [
						{"origin": [-6.69875, 0.9983, 9.35828], "size": [2.4948, 3.3264, 2.4948], "pivot": [-7.49772, 0.8316, 16.40937], "rotation": [17.5, 0, 0], "uv": [0, 33]},
						{"origin": [-9.60935, 4.79441, 7.35344], "size": [2.4948, 1.6632, 2.4948], "pivot": [-9.99252, 5.92724, 14.70785], "rotation": [5, 0, 0], "uv": [36, 18]},
						{"origin": [-9.19355, 6.45129, 7.60292], "size": [1.6632, 2.4948, 1.6632], "pivot": [-9.99252, 7.58412, 14.5629], "rotation": [5, 0, 0], "uv": [39, 23]},
						{"origin": [-10.02515, -0.1762, 7.41736], "size": [3.3264, 4.9896, 3.3264], "pivot": [-9.99252, 0.95663, 15.14273], "rotation": [5, 0, 0], "uv": [25, 0]},
						{"origin": [-9.19355, 0.91649, 4.58738], "size": [4.158, 6.6528, 4.158], "pivot": [-8.74512, 2.66789, 12.54436], "rotation": [15, 0, 0], "uv": [31, 31]},
						{"origin": [-8.77775, 7.3426, 3.29648], "size": [3.3264, 1.6632, 3.3264], "pivot": [-8.74512, 9.094, 10.82248], "rotation": [15, 0, 0], "uv": [26, 12]},
						{"origin": [-8.36195, 8.94912, 3.29648], "size": [2.4948, 2.4948, 2.4948], "pivot": [-8.74512, 10.70052, 10.39201], "rotation": [15, 0, 0], "uv": [12, 33]},
						{"origin": [-7.94615, 11.35893, 3.13016], "size": [1.6632, 0.8316, 1.6632], "pivot": [-8.74512, 13.11033, 9.74631], "rotation": [15, 0, 0], "uv": [0, 19]},
						{"origin": [-7.53035, 12.16219, 3.37964], "size": [0.8316, 1.6632, 0.8316], "pivot": [-8.74512, 13.91359, 9.53108], "rotation": [15, 0, 0], "uv": [7, 8]},
						{"origin": [-10.02515, 0.9983, 3.53708], "size": [2.4948, 3.3264, 2.4948], "pivot": [-9.99252, 0.8316, 10.58817], "rotation": [17.5, 0, 0], "uv": [27, 23]},
						{"origin": [-8.77775, 0.9983, 8.52668], "size": [2.079, 3.3264, 2.079], "pivot": [-9.16092, 0.8316, 15.57777], "rotation": [17.5, 0, 0], "uv": [10, 39]},
						{"origin": [-9.60935, 0.9983, 9.35828], "size": [2.079, 2.4948, 2.079], "pivot": [-9.99252, 0, 16.40937], "rotation": [17.5, 0, 0], "uv": [0, 40]},
						{"origin": [-10.44095, 0.9983, 6.86348], "size": [2.079, 5.8212, 2.079], "pivot": [-10.82412, 3.3264, 13.91457], "rotation": [17.5, 0, 0], "uv": [0, 0]},
						{"origin": [-6.03347, 0.9983, 8.52668], "size": [2.079, 4.158, 2.079], "pivot": [-6.66612, 1.6632, 15.57777], "rotation": [17.5, 0, 0], "uv": [0, 12]},
						{"origin": [-9.60935, 0.9983, 5.20028], "size": [2.079, 3.3264, 2.079], "pivot": [-9.99252, 0.8316, 12.25137], "rotation": [17.5, 0, 0], "uv": [38, 10]},
						{"origin": [-6.28295, 0.9983, 4.36868], "size": [2.079, 3.3264, 2.079], "pivot": [-6.66612, 0.8316, 11.41977], "rotation": [17.5, 0, 0], "uv": [22, 37]},
						{"origin": [-6.28295, 0.9983, 7.69508], "size": [2.079, 3.3264, 2.079], "pivot": [-6.66612, 0.8316, 14.74617], "rotation": [17.5, 0, 0], "uv": [0, 23]}
					]
				},
				{
					"name": "ice5",
					"parent": "Ice_Spike5",
					"pivot": [-10, 0, 15],
					"cubes": [
						{"origin": [-10.44095, 0, 3.25544], "size": [6.6528, 0.8316, 8.316], "uv": [0, 12]},
						{"origin": [-10.02515, -0.08316, 2.83964], "size": [5.8212, 0.8316, 9.1476], "uv": [0, 0]},
						{"origin": [-10.85675, -0.08316, 3.67124], "size": [7.4844, 0.8316, 7.4844], "uv": [0, 23]}
					]
				},
				{
					"name": "Ice_Spike6",
					"pivot": [0, 0, 11]
				},
				{
					"name": "icespike6",
					"parent": "Ice_Spike6",
					"pivot": [0, 0, 11],
					"cubes": [
						{"origin": [-0.01332, -0.8316, 5.53557], "size": [2.4948, 3.3264, 2.4948], "pivot": [0.81828, 0.8316, 6.78297], "rotation": [17.5, 0, 0], "uv": [0, 33]},
						{"origin": [-2.92392, 4.26404, 3.78921], "size": [2.4948, 1.6632, 2.4948], "pivot": [-1.67652, 5.92724, 5.08145], "rotation": [5, 0, 0], "uv": [36, 18]},
						{"origin": [-2.50812, 5.92092, 4.03869], "size": [1.6632, 2.4948, 1.6632], "pivot": [-1.67652, 7.58412, 4.9365], "rotation": [5, 0, 0], "uv": [39, 23]},
						{"origin": [-3.33972, -0.70657, 3.85313], "size": [3.3264, 4.9896, 3.3264], "pivot": [-1.67652, 0.95663, 5.51633], "rotation": [5, 0, 0], "uv": [25, 0]},
						{"origin": [-2.50812, -0.65851, 0.83896], "size": [4.158, 6.6528, 4.158], "pivot": [-0.42912, 2.66789, 2.91796], "rotation": [15, 0, 0], "uv": [31, 31]},
						{"origin": [-2.09232, 5.7676, -0.45195], "size": [3.3264, 1.6632, 3.3264], "pivot": [-0.42912, 9.094, 1.19608], "rotation": [15, 0, 0], "uv": [26, 12]},
						{"origin": [-1.67652, 7.37412, -0.45195], "size": [2.4948, 2.4948, 2.4948], "pivot": [-0.42912, 10.70052, 0.76561], "rotation": [15, 0, 0], "uv": [12, 33]},
						{"origin": [-1.26072, 9.78393, -0.61827], "size": [1.6632, 0.8316, 1.6632], "pivot": [-0.42912, 13.11033, 0.11991], "rotation": [15, 0, 0], "uv": [0, 19]},
						{"origin": [-0.84492, 10.58719, -0.36879], "size": [0.8316, 1.6632, 0.8316], "pivot": [-0.42912, 13.91359, -0.09532], "rotation": [15, 0, 0], "uv": [7, 8]},
						{"origin": [-3.33972, -0.8316, -0.28563], "size": [2.4948, 3.3264, 2.4948], "pivot": [-1.67652, 0.8316, 0.96177], "rotation": [17.5, 0, 0], "uv": [27, 23]},
						{"origin": [-2.09232, -0.8316, 4.70397], "size": [2.079, 3.3264, 2.079], "pivot": [-0.84492, 0.8316, 5.95137], "rotation": [17.5, 0, 0], "uv": [10, 39]},
						{"origin": [-2.92392, -0.8316, 5.53557], "size": [2.079, 2.4948, 2.079], "pivot": [-1.67652, 0, 6.78297], "rotation": [17.5, 0, 0], "uv": [0, 40]},
						{"origin": [-3.75552, -0.8316, 3.04077], "size": [2.079, 5.8212, 2.079], "pivot": [-2.50812, 3.3264, 4.28817], "rotation": [17.5, 0, 0], "uv": [0, 0]},
						{"origin": [0.65196, -0.8316, 4.70397], "size": [2.079, 4.158, 2.079], "pivot": [1.64988, 1.6632, 5.95137], "rotation": [17.5, 0, 0], "uv": [0, 12]},
						{"origin": [-2.92392, -0.8316, 1.37757], "size": [2.079, 3.3264, 2.079], "pivot": [-1.67652, 0.8316, 2.62497], "rotation": [17.5, 0, 0], "uv": [38, 10]},
						{"origin": [0.40248, -0.8316, 0.54597], "size": [2.079, 3.3264, 2.079], "pivot": [1.64988, 0.8316, 1.79337], "rotation": [17.5, 0, 0], "uv": [22, 37]},
						{"origin": [0.40248, -0.8316, 3.87237], "size": [2.079, 3.3264, 2.079], "pivot": [1.64988, 0.8316, 5.11977], "rotation": [17.5, 0, 0], "uv": [0, 23]}
					]
				},
				{
					"name": "ice6",
					"parent": "Ice_Spike6",
					"pivot": [0, 0, 11],
					"cubes": [
						{"origin": [-3.75552, 0, -0.28563], "size": [6.6528, 0.8316, 8.316], "uv": [0, 12]},
						{"origin": [-3.33972, -0.08316, -0.70143], "size": [5.8212, 0.8316, 9.1476], "uv": [0, 0]},
						{"origin": [-4.17132, -0.08316, 0.13017], "size": [7.4844, 0.8316, 7.4844], "uv": [0, 23]}
					]
				},
				{
					"name": "Ice_Spike7",
					"pivot": [16, 0, -14],
					"rotation": [0, -15, 0]
				},
				{
					"name": "icespike7",
					"parent": "Ice_Spike7",
					"pivot": [16, 0, -16],
					"cubes": [
						{"origin": [8.33532, 0.9983, -16.42132], "size": [2.4948, 3.3264, 2.4948], "pivot": [11.62908, 0.8316, -9.37023], "rotation": [17.5, 0, 0], "uv": [0, 33], "mirror": true},
						{"origin": [11.24592, 4.79441, -18.42616], "size": [2.4948, 1.6632, 2.4948], "pivot": [14.12388, 5.92724, -11.07175], "rotation": [5, 0, 0], "uv": [36, 18], "mirror": true},
						{"origin": [11.66172, 6.45129, -18.17668], "size": [1.6632, 2.4948, 1.6632], "pivot": [14.12388, 7.58412, -11.2167], "rotation": [5, 0, 0], "uv": [39, 23], "mirror": true},
						{"origin": [10.83012, -0.1762, -18.36224], "size": [3.3264, 4.9896, 3.3264], "pivot": [14.12388, 0.95663, -10.63687], "rotation": [5, 0, 0], "uv": [25, 0], "mirror": true},
						{"origin": [9.16692, 0.91649, -21.19222], "size": [4.158, 6.6528, 4.158], "pivot": [12.87648, 2.66789, -13.23524], "rotation": [15, 0, 0], "uv": [31, 31], "mirror": true},
						{"origin": [9.58272, 7.3426, -22.48312], "size": [3.3264, 1.6632, 3.3264], "pivot": [12.87648, 9.094, -14.95712], "rotation": [15, 0, 0], "uv": [26, 12], "mirror": true},
						{"origin": [9.99852, 8.94912, -22.48312], "size": [2.4948, 2.4948, 2.4948], "pivot": [12.87648, 10.70052, -15.38759], "rotation": [15, 0, 0], "uv": [12, 33], "mirror": true},
						{"origin": [10.41432, 11.35893, -22.64945], "size": [1.6632, 0.8316, 1.6632], "pivot": [12.87648, 13.11033, -16.03329], "rotation": [15, 0, 0], "uv": [0, 19], "mirror": true},
						{"origin": [10.83012, 12.16219, -22.39996], "size": [0.8316, 1.6632, 0.8316], "pivot": [12.87648, 13.91359, -16.24852], "rotation": [15, 0, 0], "uv": [7, 8], "mirror": true},
						{"origin": [11.66172, 0.9983, -22.24252], "size": [2.4948, 3.3264, 2.4948], "pivot": [14.12388, 0.8316, -15.19143], "rotation": [17.5, 0, 0], "uv": [27, 23], "mirror": true},
						{"origin": [10.83012, 0.9983, -17.25292], "size": [2.079, 3.3264, 2.079], "pivot": [13.29228, 0.8316, -10.20183], "rotation": [17.5, 0, 0], "uv": [10, 39], "mirror": true},
						{"origin": [11.66172, 0.9983, -16.42132], "size": [2.079, 2.4948, 2.079], "pivot": [14.12388, 0, -9.37023], "rotation": [17.5, 0, 0], "uv": [0, 40], "mirror": true},
						{"origin": [12.49332, 0.9983, -18.91612], "size": [2.079, 5.8212, 2.079], "pivot": [14.95548, 3.3264, -11.86503], "rotation": [17.5, 0, 0], "uv": [0, 0], "mirror": true},
						{"origin": [8.08584, 0.9983, -17.25292], "size": [2.079, 4.158, 2.079], "pivot": [10.79748, 1.6632, -10.20183], "rotation": [17.5, 0, 0], "uv": [0, 12], "mirror": true},
						{"origin": [11.66172, 0.9983, -20.57932], "size": [2.079, 3.3264, 2.079], "pivot": [14.12388, 0.8316, -13.52823], "rotation": [17.5, 0, 0], "uv": [38, 10], "mirror": true},
						{"origin": [8.33532, 0.9983, -21.41092], "size": [2.079, 3.3264, 2.079], "pivot": [10.79748, 0.8316, -14.35983], "rotation": [17.5, 0, 0], "uv": [22, 37], "mirror": true},
						{"origin": [8.33532, 0.9983, -18.08452], "size": [2.079, 3.3264, 2.079], "pivot": [10.79748, 0.8316, -11.03343], "rotation": [17.5, 0, 0], "uv": [0, 23], "mirror": true}
					]
				},
				{
					"name": "ice7",
					"parent": "Ice_Spike7",
					"pivot": [16, 0, -16],
					"cubes": [
						{"origin": [7.91952, 0, -22.52416], "size": [6.6528, 0.8316, 8.316], "uv": [0, 12], "mirror": true},
						{"origin": [8.33532, -0.08316, -22.93996], "size": [5.8212, 0.8316, 9.1476], "uv": [0, 0], "mirror": true},
						{"origin": [7.50372, -0.08316, -22.10836], "size": [7.4844, 0.8316, 7.4844], "uv": [0, 23], "mirror": true}
					]
				}
			]
		}
	]
}