{
	"format_version": "1.12.0",
	"minecraft:geometry": [
		{
			"description": {
				"identifier": "geometry.marigold",
				"texture_width": 64,
				"texture_height": 64,
				"visible_bounds_width": 3,
				"visible_bounds_height": 2,
				"visible_bounds_offset": [0, 0, 0]
			},
			"bones": [
				{
					"name": "sunflower",
					"pivot": [1, 0, 2],
					"rotation": [-180, -5, 180]
				},
				{
					"name": "head",
					"parent": "sunflower",
					"pivot": [1, -2, 2]
				},
				{
					"name": "base",
					"parent": "head",
					"pivot": [1, 0, 2],
					"cubes": [
						{"origin": [-1, 8, 2], "size": [5, 1, 3], "uv": [28, 6]},
						{"origin": [-2, 15.5, 1.5], "size": [7, 2, 4], "uv": [22, 0]},
						{"origin": [-4, 9.5, 1.5], "size": [11, 7, 4], "uv": [24, 24]},
						{"origin": [-3, 9, 1], "size": [9, 8, 5], "uv": [0, 13]},
						{"origin": [-2.5, 9.5, 0.5], "size": [8, 7, 6], "uv": [0, 0]}
					]
				},
				{
					"name": "petals",
					"parent": "head",
					"pivot": [1, -2, 2],
					"cubes": [
						{"origin": [-4, 7, 2.1], "size": [3, 3, 3], "pivot": [-3, 9, 2], "rotation": [0, 0, 15], "uv": [36, 43]},
						{"origin": [-1, 6, 2.1], "size": [3, 5, 3], "pivot": [0, 10, 2], "rotation": [0, 0, 5], "uv": [12, 26]},
						{"origin": [1.5, 6, 2.1], "size": [3, 4, 3], "pivot": [2, 9, 2], "rotation": [0, 0, -15], "uv": [24, 42]},
						{"origin": [4, 7, 2.1], "size": [3, 4, 3], "pivot": [5, 10, 2], "rotation": [0, 0, -30], "uv": [41, 7]},
						{"origin": [6, 8, 2.1], "size": [3, 5, 3], "pivot": [7, 11, 2], "rotation": [0, 0, -65], "uv": [0, 26]},
						{"origin": [6, 11, 2.1], "size": [3, 5, 3], "pivot": [7, 14, 2], "rotation": [0, 0, -85], "uv": [25, 10]},
						{"origin": [6, 15, 2.1], "size": [3, 4, 3], "pivot": [7, 17, 2], "rotation": [0, 0, -120], "uv": [12, 41]},
						{"origin": [2.5, 17, 2.1], "size": [3, 4, 3], "pivot": [4, 19, 2], "rotation": [0, 0, -175], "uv": [0, 41]},
						{"origin": [0, 17, 2.1], "size": [3, 4, 3], "pivot": [1, 19, 2], "rotation": [0, 0, 170], "uv": [36, 36]},
						{"origin": [-3, 16, 2.1], "size": [3, 4, 3], "pivot": [-2, 18, 2], "rotation": [0, 0, 150], "uv": [24, 35]},
						{"origin": [-5, 14, 2.1], "size": [3, 4, 3], "pivot": [-4, 16, 2], "rotation": [0, 0, 120], "uv": [34, 15]},
						{"origin": [-5, 11, 2.1], "size": [3, 4, 3], "pivot": [-4, 13, 2], "rotation": [0, 0, 90], "uv": [12, 34]},
						{"origin": [-5, 8, 2.1], "size": [3, 4, 3], "pivot": [-4, 10, 2], "rotation": [0, 0, 70], "uv": [0, 34]}
					]
				},
				{
					"name": "stem",
					"parent": "sunflower",
					"pivot": [1, 0, 2],
					"cubes": [
						{"origin": [1, 0, 2], "size": [2, 4, 2], "pivot": [2, 0, 3], "rotation": [-5, 0, -5], "uv": [8, 48]},
						{"origin": [0.66411, 3.79564, 2.34482], "size": [2, 5, 2], "uv": [0, 48]}
					]
				},
				{
					"name": "leaves",
					"parent": "sunflower",
					"pivot": [1, 0, 2],
					"cubes": [
						{"origin": [0, 0, -1], "size": [3, 1, 3], "pivot": [2, 0, 2], "rotation": [-15, 40, 0], "uv": [45, 46]},
						{"origin": [-1.3749, 0.87636, -2.63854], "size": [3, 1, 3], "pivot": [0.6251, 0.87636, 0.36146], "rotation": [30, 40, 0], "uv": [45, 40]},
						{"origin": [2.58217, 0.92323, -0.3276], "size": [3, 1, 3], "pivot": [4.58217, 0.92323, 2.6724], "rotation": [35, -50, 0], "uv": [45, 35]},
						{"origin": [1, 0, 1], "size": [3, 1, 3], "pivot": [3, 0, 4], "rotation": [-15, -50, 0], "uv": [43, 19]},
						{"origin": [-1.12224, 0.60624, 1.43331], "size": [3, 1, 3], "pivot": [0.37776, 0.60624, 4.93331], "rotation": [25, 140, 0], "uv": [43, 14]},
						{"origin": [0.5, 0, -0.5], "size": [3, 1, 3], "pivot": [2, 0, 3], "rotation": [-5, 140, 0], "uv": [40, 0]},
						{"origin": [2, 0, 1.5], "size": [2, 1, 2.5], "pivot": [3, 0, 4], "rotation": [-15, -155, 0], "uv": [42, 4]},
						{"origin": [2.80178, 0.64705, 3.21943], "size": [2, 1, 2.5], "pivot": [3.80178, 0.64705, 5.71943], "rotation": [15, -155, 0], "uv": [28, 20]}
					]
				}
			]
		}
	]
}