{
	"format_version": "1.12.0",
	"minecraft:geometry": [
		{
			"description": {
				"identifier": "geometry.coconut",
				"texture_width": 16,
				"texture_height": 16,
				"visible_bounds_width": 2,
				"visible_bounds_height": 1.5,
				"visible_bounds_offset": [0, 0.25, 0]
			},
			"bones": [
				{
					"name": "bone",
					"pivot": [0, 0, 0],
					"cubes": [
						{
							"origin": [-2, 2.75, -2],
							"size": [4, 4, 4],
							"uv": {
								"north": {"uv": [0, 0], "uv_size": [4, 4]},
								"east": {"uv": [0, 4], "uv_size": [4, 4]},
								"south": {"uv": [4, 4], "uv_size": [4, 4]},
								"west": {"uv": [4, 0], "uv_size": [4, 4]},
								"up": {"uv": [0, 8], "uv_size": [4, 4]},
								"down": {"uv": [4, 12], "uv_size": [4, -4]}
							}
						}
					]
				}
			]
		}
	]
}