{
	"format_version": "1.12.0",
	"minecraft:geometry": [
		{
			"description": {
				"identifier": "geometry.nightshade",
				"texture_width": 48,
				"texture_height": 48,
				"visible_bounds_width": 3,
				"visible_bounds_height": 2,
				"visible_bounds_offset": [0, 0, 0]
			},
			"bones": [
				{
					"name": "nightshade",
					"pivot": [0, 0, 0]
				},
				{
					"name": "base",
					"parent": "nightshade",
					"pivot": [0, 0, 0]
				},
				{
					"name": "lower",
					"parent": "base",
					"pivot": [0, 0, 0],
					"cubes": [
						{"origin": [-1.5, 0, -2.5], "size": [3, 4, 3], "pivot": [0, 0, -1], "rotation": [12.5, 0, 0], "uv": [0, 15]},
						{"origin": [-2, 0, -2], "size": [4, 4, 2], "pivot": [0, 0, -1], "rotation": [12.5, 0, 0], "uv": [0, 33]},
						{"origin": [-2, 3, -3.5], "size": [4, 11, 4], "pivot": [0, 3, -2], "rotation": [-2.5, 0, 0], "uv": [0, 0]},
						{"origin": [-2.5, 3, -3], "size": [5, 10.5, 3], "pivot": [0, 3, -2], "rotation": [-2.5, 0, 0], "uv": [13, 13]}
					]
				},
				{
					"name": "upper",
					"parent": "base",
					"pivot": [0, 0, 0],
					"cubes": [
						{"origin": [-3, 13.5, -3], "size": [6, 1, 4], "uv": [25, 25]},
						{"origin": [-2, 13.5, -4], "size": [4, 1, 6], "uv": [16, 0]},
						{"origin": [-2, 13.5, -6], "size": [2, 1, 3], "pivot": [0, 14, -4], "rotation": [60, -17.5, -22.5], "uv": [12, 35]},
						{"origin": [-2, 13.5, 1], "size": [2, 1, 3], "pivot": [0, 14, 3], "rotation": [147.5, -17.5, -22.5], "uv": [32, 34]},
						{"origin": [-5, 12.5, -1], "size": [2, 1, 3], "pivot": [-3, 13, 1], "rotation": [147.5, -100, -22.5], "uv": [22, 34]},
						{"origin": [1, 12.5, -2], "size": [2, 1, 3], "pivot": [3, 13, 0], "rotation": [82.5, -100, -22.5], "uv": [12, 0]},
						{"origin": [-2.5, 14, -3.5], "size": [5, 1, 5], "uv": [16, 7]},
						{"origin": [-2, 14, -3], "size": [4, 3, 4], "pivot": [0, 15, -1], "rotation": [-7.5, 0, 0], "uv": [0, 22]},
						{"origin": [-1.5, 16, -2.3], "size": [3, 2, 3], "pivot": [0, 17, -1], "rotation": [-7.5, 0, 0], "uv": [31, 7]},
						{"origin": [-0.5, 16, -1.3], "size": [1, 4, 1], "pivot": [0, 17, 0], "rotation": [-22.5, 0, -10], "uv": [16, 7]},
						{"origin": [-0.9046, 18.2946, -0.00836], "size": [1, 3, 1], "pivot": [-0.4046, 19.2946, 1.29164], "rotation": [-72.5, 0, -10], "uv": [0, 0]}
					]
				},
				{
					"name": "leaves",
					"parent": "nightshade",
					"pivot": [0, 0, 0],
					"cubes": [
						{"origin": [-4, 0, -1], "size": [4, 1, 3], "pivot": [0, 0, -1], "rotation": [0, 15, 20], "uv": [11, 31]},
						{"origin": [3.60682, -0.37664, 1.20282], "size": [4, 1, 3], "pivot": [7.60682, -0.37664, 1.20282], "rotation": [0, -17.5, 2.5], "uv": [0, 29]},
						{"origin": [0, 0, 0], "size": [4, 1, 3], "pivot": [4, 0, 0], "rotation": [0, -17.5, -10], "uv": [13, 27]},
						{"origin": [0, 1, -4], "size": [4, 1, 3], "pivot": [4, 1, -4], "rotation": [0, 25, -20], "uv": [29, 17]},
						{"origin": [3.52261, 0.62176, -5.20732], "size": [4, 1, 3], "pivot": [7.52261, 0.62176, -5.40732], "rotation": [0, 15, 15], "uv": [29, 13]},
						{"origin": [-4, 0, -2], "size": [4, 1, 3], "pivot": [0, 0, -2], "rotation": [0, -30, 20], "uv": [24, 30]},
						{"origin": [-7.25519, 1.18479, -4], "size": [4, 1, 3], "pivot": [-3.25519, 1.18479, -4], "rotation": [-12.5, -30, 57.5], "uv": [29, 21]},
						{"origin": [-6.78446, 1.40683, -0.0908], "size": [4, 1, 3], "pivot": [-2.78446, 1.40683, -0.0908], "rotation": [-7.5, 15, -32.5], "uv": [30, 0]}
					]
				},
				{
					"name": "petals",
					"parent": "nightshade",
					"pivot": [0, 0, 0]
				},
				{
					"name": "petals1",
					"parent": "petals",
					"pivot": [3, 14, -1],
					"cubes": [
						{"origin": [-5, 13.1, -1.5], "size": [3, 1.8, 1], "pivot": [-3, 14, -2], "rotation": [0, -20, 0], "uv": [29, 38]},
						{"origin": [-6.42823, 13.1, -1.92357], "size": [2, 1.8, 1], "pivot": [-4.42823, 14, -2.42357], "rotation": [0, -40, 0], "uv": [39, 35]},
						{"origin": [-7.69578, 12.7, -2.92044], "size": [2, 2.2, 1], "pivot": [-5.69578, 13.4, -3.42044], "rotation": [0, -55, 0], "uv": [12, 39]},
						{"origin": [-8.60721, 12.7, -3.37372], "size": [2, 2.2, 1], "pivot": [-6.60721, 13.4, -3.87372], "rotation": [0, -102.5, 0], "uv": [6, 39]},
						{"origin": [-7.6746, 12.7, -4.50191], "size": [1, 2.2, 1], "pivot": [-6.6746, 13.4, -5.00191], "rotation": [0, -140, 0], "uv": [40, 12]},
						{"origin": [-9.38957, 12.7, -4.97138], "size": [3, 2.2, 1], "pivot": [-6.38957, 13.4, -5.47138], "rotation": [0, 160, 0], "uv": [21, 38]},
						{"origin": [-7.742, 12.7, -4.79947], "size": [1, 2.2, 1], "pivot": [-6.742, 13.4, -5.29947], "rotation": [0, -175, 0], "uv": [40, 7]}
					]
				},
				{
					"name": "petals2",
					"parent": "petals",
					"pivot": [-2, 14, 1],
					"rotation": [-180, -60, 180],
					"cubes": [
						{"origin": [-8.5, 13, 0.5], "size": [1, 2, 1], "uv": [32, 40]},
						{"origin": [-10, 13.1, 0.5], "size": [2, 1.8, 1], "pivot": [-8, 14, 0], "rotation": [0, -20, 0], "uv": [39, 33]},
						{"origin": [-11.42823, 13.1, 0.07643], "size": [2, 1.8, 1], "pivot": [-9.42823, 14, -0.42357], "rotation": [0, -40, 0], "uv": [19, 35]},
						{"origin": [-12.69578, 12.7, -0.92044], "size": [2, 2.2, 1], "pivot": [-10.69578, 13.4, -1.42044], "rotation": [0, -55, 0], "uv": [0, 39]},
						{"origin": [-13.60721, 12.7, -1.37372], "size": [2, 2.2, 1], "pivot": [-11.60721, 13.4, -1.87372], "rotation": [0, -102.5, 0], "uv": [37, 38]},
						{"origin": [-12.6746, 12.7, -2.50191], "size": [1, 2.2, 1], "pivot": [-11.6746, 13.4, -3.00191], "rotation": [0, -140, 0], "uv": [28, 40]},
						{"origin": [-14.38957, 12.7, -2.97138], "size": [3, 2.2, 1], "pivot": [-11.38957, 13.4, -3.47138], "rotation": [0, 160, 0], "uv": [36, 4]},
						{"origin": [-12.742, 12.7, -2.79947], "size": [1, 2.2, 1], "pivot": [-11.742, 13.4, -3.29947], "rotation": [0, -175, 0], "uv": [18, 40]}
					]
				},
				{
					"name": "petals3",
					"parent": "petals",
					"pivot": [-2, 14, -3],
					"rotation": [-180, 42.5, 180],
					"cubes": [
						{"origin": [-8.5, 13, -3.5], "size": [1, 2, 1], "uv": [24, 26]},
						{"origin": [-10, 13.1, -3.5], "size": [2, 1.8, 1], "pivot": [-8, 14, -4], "rotation": [0, -20, 0], "uv": [30, 4]},
						{"origin": [-11.42823, 13.1, -3.92357], "size": [2, 1.8, 1], "pivot": [-9.42823, 14, -4.42357], "rotation": [0, -40, 0], "uv": [16, 4]},
						{"origin": [-12.69578, 12.7, -4.92044], "size": [2, 2.2, 1], "pivot": [-10.69578, 13.4, -5.42044], "rotation": [0, -55, 0], "uv": [29, 34]},
						{"origin": [-13.60721, 12.7, -5.37372], "size": [2, 2.2, 1], "pivot": [-11.60721, 13.4, -5.87372], "rotation": [0, -102.5, 0], "uv": [26, 13]},
						{"origin": [-12.6746, 12.7, -6.50191], "size": [1, 2.2, 1], "pivot": [-11.6746, 13.4, -7.00191], "rotation": [0, -140, 0], "uv": [0, 22]},
						{"origin": [-14.38957, 12.7, -6.97138], "size": [3, 2.2, 1], "pivot": [-11.38957, 13.4, -7.47138], "rotation": [0, 160, 0], "uv": [35, 30]},
						{"origin": [-12.742, 12.7, -6.79947], "size": [1, 2.2, 1], "pivot": [-11.742, 13.4, -7.29947], "rotation": [0, -175, 0], "uv": [9, 15]}
					]
				}
			]
		}
	]
}