{
	"format_version": "1.12.0",
	"minecraft:geometry": [
		{
			"description": {
				"identifier": "geometry.pepper",
				"texture_width": 48,
				"texture_height": 48,
				"visible_bounds_width": 5,
				"visible_bounds_height": 3,
				"visible_bounds_offset": [0, 0, 0]
			},
			"bones": [
				{
					"name": "bones",
					"pivot": [-7, -23, -11],
					"rotation": [0, 50, -17.5]
				},
				{
					"name": "pult",
					"parent": "bones",
					"pivot": [-7, -23, -11],
					"cubes": [
						{"origin": [-7.5, -2, 2], "size": [4, 5, 4], "pivot": [-7, -2, 2], "rotation": [-25, 0, -10], "uv": [16, 0]},
						{"origin": [-11.5, -1, 2], "size": [4, 5, 4], "pivot": [-11, -1, 2], "rotation": [-25, 0, 10], "uv": [12, 14]},
						{"origin": [-8.5, 2, 5], "size": [2, 4, 2], "pivot": [-9, 2, 5], "rotation": [-25, 0, 10], "uv": [10, 23]},
						{"origin": [-8.2, 5.57016, 6.69047], "size": [3, 3, 3], "pivot": [-8.37049, 5.57016, 6.69047], "rotation": [-57.5, 0, 10], "uv": [0, 18]},
						{"origin": [-11.5, -3, 5], "size": [4, 5, 4], "pivot": [-11, -3, 5], "rotation": [-5, 0, 10], "uv": [0, 9]},
						{"origin": [-7.5, -4, 5], "size": [4, 5, 4], "pivot": [-7, -4, 5], "rotation": [-5, 0, -15], "uv": [0, 0]}
					]
				},
				{
					"name": "fire",
					"parent": "bones",
					"pivot": [-7, -23, -11],
					"cubes": [
						{"origin": [-8, -2, 10], "size": [2, 4, 1], "pivot": [-7, -2, 10], "rotation": [-10, 0, 0], "uv": [28, 34]},
						{"origin": [-6, -1, 11], "size": [2, 4, 1], "pivot": [-5, -1, 11], "rotation": [-10, 0, 0], "uv": [22, 34]},
						{"origin": [-5, -2, 11], "size": [2, 4, 1], "pivot": [-4, -2, 11], "rotation": [-10, 25, 0], "uv": [33, 13]},
						{"origin": [-2, -2, 8], "size": [2, 4, 1], "pivot": [-1, -2, 8], "rotation": [-10, 25, 0], "uv": [16, 33]},
						{"origin": [-1, 2, 8], "size": [2, 4, 1], "pivot": [0, 2, 8], "rotation": [-10, 57.5, 0], "uv": [6, 33]},
						{"origin": [-1, 7, 12], "size": [2, 4, 1], "pivot": [0, 7, 12], "rotation": [-10, 57.5, 0], "uv": [32, 0]},
						{"origin": [1, 2, 4], "size": [2, 4, 1], "pivot": [2, 2, 4], "rotation": [-10, 57.5, 0], "uv": [0, 32]},
						{"origin": [-9, 2, 14], "size": [2, 4, 1], "pivot": [-8, 2, 14], "rotation": [-10, 20, 0], "uv": [31, 8]},
						{"origin": [-3, -1, 10], "size": [2, 4, 1], "pivot": [-2, -1, 10], "rotation": [-10, 25, 0], "uv": [30, 23]},
						{"origin": [-5, 1, 12], "size": [2, 4, 1], "pivot": [-4, 1, 12], "rotation": [-10, 25, 0], "uv": [29, 29]},
						{"origin": [-5, 6, 15], "size": [2, 4, 1], "pivot": [-4, 6, 15], "rotation": [-10, 25, 0], "uv": [23, 29]},
						{"origin": [-3, -4, 8], "size": [2, 4, 1], "pivot": [-2, -4, 8], "rotation": [-10, 25, 0], "uv": [11, 29]},
						{"origin": [-5, -4, 10], "size": [2, 4, 1], "pivot": [-4, -4, 10], "rotation": [-10, 25, 0], "uv": [28, 18]},
						{"origin": [-7, -4, 9], "size": [2, 4, 1], "pivot": [-6, -4, 9], "rotation": [-10, -2.5, 0], "uv": [17, 28]},
						{"origin": [-6, -4, 10], "size": [2, 4, 1], "pivot": [-5, -4, 10], "rotation": [-10, -2.5, 0], "uv": [5, 28]},
						{"origin": [-6, -4, 8], "size": [2, 4, 1], "pivot": [-5, -4, 8], "rotation": [-10, -2.5, 0], "uv": [27, 13]},
						{"origin": [-4, -4, 9], "size": [2, 4, 1], "pivot": [-3, -4, 9], "rotation": [-10, -2.5, 0], "uv": [24, 24]},
						{"origin": [-2, -4, 7], "size": [2, 4, 1], "pivot": [-1, -4, 7], "rotation": [-10, 65, 0], "uv": [0, 24]},
						{"origin": [-4, -6, 6], "size": [2, 4, 1], "pivot": [-3, -6, 6], "rotation": [-10, 65, 0], "uv": [18, 23]},
						{"origin": [-3, -4, 6], "size": [2, 4, 1], "pivot": [-2, -4, 6], "rotation": [-10, 65, 0], "uv": [22, 9]},
						{"origin": [-2, -2, 6], "size": [2, 4, 1], "pivot": [-1, -2, 6], "rotation": [-10, 65, 0], "uv": [16, 9]}
					]
				}
			]
		}
	]
}