{
	"format_version": "1.12.0",
	"minecraft:geometry": [
		{
			"description": {
				"identifier": "geometry.pea_pod",
				"texture_width": 35,
				"texture_height": 35,
				"visible_bounds_width": 3,
				"visible_bounds_height": 2.5,
				"visible_bounds_offset": [0, 0.75, 0]
			},
			"bones": [
				{
					"name": "Pea1",
					"pivot": [0, 0, 0],
					"cubes": [
						{"origin": [2.5, 7, -0.5], "size": [0.5, 1, 0.5], "uv": [0, 0]},
						{"origin": [-0.25, 19, -0.5], "size": [0.5, 2.25, 0.5], "uv": [2, 17]},
						{"origin": [-1.5, 17, -0.5], "size": [0.5, 1.5, 0.5], "uv": [3, 18]},
						{"origin": [-2.375, 17, -0.5], "size": [0.875, 0.5, 0.5], "uv": [5, 18]},
						{"origin": [1.5, 17, -0.5], "size": [0.5, 0.5, 0.5], "uv": [0, 0]},
						{"origin": [-2.875, 13.5, -0.5], "size": [0.5, 4, 0.5], "uv": [0, 0]},
						{"origin": [2, 13.5, -0.5], "size": [0.5, 4, 0.5], "uv": [0, 0]},
						{"origin": [-3, 7, -0.5], "size": [0.5, 1, 0.5], "uv": [0, 0]},
						{"origin": [-3, 12, -0.5], "size": [0.5, 1.5, 0.5], "uv": [0, 0]},
						{"origin": [3, 3, -0.5], "size": [0.5, 4, 0.5], "uv": [0, 0]},
						{"origin": [3, 8, -0.5], "size": [0.5, 4, 0.5], "uv": [0, 0]},
						{"origin": [-3.5, 3, -0.5], "size": [0.5, 4, 0.5], "uv": [0, 0]},
						{"origin": [2.5, 2, -0.5], "size": [0.5, 1, 0.5], "uv": [0, 0]},
						{"origin": [-3, 2, -0.5], "size": [0.5, 1, 0.5], "uv": [0, 0]},
						{"origin": [1, 17, -0.5], "size": [0.5, 1.5, 0.5], "uv": [3, 18]},
						{"origin": [-1.5, 16.5, 0], "size": [3, 2, 2], "uv": [36, 21]},
						{"origin": [-1, 18, -0.5], "size": [2, 1, 0.5], "uv": [0, 17]},
						{"origin": [-2.875, 13.5, 0], "size": [5.625, 3.875, 3], "uv": [0, 26]},
						{"origin": [-3.5, 3, 0], "size": [7, 4, 4.5], "uv": [18, 21]},
						{"origin": [-3.5, 8, -0.5], "size": [0.5, 4, 0.5], "uv": [0, 0]},
						{"origin": [-3.5, 8, 0], "size": [7, 4, 4.5], "uv": [13, 27]},
						{"origin": [2.5, 12, -0.5], "size": [0.5, 1.5, 0.5], "uv": [0, 0]},
						{"origin": [-3, 2, 0], "size": [6, 11.5, 3.5], "uv": [1, 21]},
						{"origin": [-6.5, 0.5, 0], "size": [13, 1.5, 3.5], "uv": [0, 31]}
					]
				},
				{
					"name": "Pea2",
					"pivot": [6, 1.5, 0],
					"rotation": [0, 0, 17.5],
					"cubes": [
						{"origin": [7.0765, 7.27402, -0.5], "size": [0.5, 1, 0.5], "uv": [0, 0]},
						{"origin": [4.8265, 11.27402, -0.5], "size": [0.5, 1.75, 0.5], "uv": [0, 0]},
						{"origin": [3.5765, 8.77402, -0.5], "size": [0.5, 2, 0.5], "uv": [0, 0]},
						{"origin": [2.5765, 7.27402, -0.5], "size": [0.5, 1, 0.5], "uv": [0, 0]},
						{"origin": [2.5765, 8.27402, -0.5], "size": [1, 0.5, 0.5], "uv": [0, 0]},
						{"origin": [7.5765, 3.77402, -0.5], "size": [0.5, 3.5, 0.5], "uv": [0, 0]},
						{"origin": [2.0765, 3.77402, -0.5], "size": [0.5, 3.5, 0.5], "uv": [0, 0]},
						{"origin": [7.0765, 2.77402, -0.5], "size": [0.5, 1, 0.5], "uv": [0, 0]},
						{"origin": [2.5765, 2.77402, -0.5], "size": [0.5, 1, 0.5], "uv": [0, 0]},
						{"origin": [6.0765, 8.77402, -0.5], "size": [0.5, 2, 0.5], "uv": [0, 0]},
						{"origin": [3.5765, 8.77402, 0], "size": [3, 2, 2], "uv": [7, 31]},
						{"origin": [4.0765, 10.77402, -0.5], "size": [2, 0.5, 0.5], "uv": [0, 0]},
						{"origin": [2.0765, 3.77402, 0], "size": [6, 3.5, 4.5], "uv": [15, 28]},
						{"origin": [2.0765, 1.77402, 0], "size": [6, 2, 4.5], "pivot": [6, 1.5, 0], "rotation": [0, 0, -17.5], "uv": [34, 34]},
						{"origin": [6.5765, 8.27402, -0.5], "size": [1, 0.5, 0.5], "uv": [0, 0]},
						{"origin": [2.5765, 2.77402, 0], "size": [5, 6, 3.5], "uv": [16, 36]}
					]
				},
				{
					"name": "Pea3",
					"pivot": [-6, 1.5, 0],
					"rotation": [0, 0, -17.5],
					"cubes": [
						{"origin": [-7.5765, 7.27402, -0.5], "size": [0.5, 1, 0.5], "uv": [0, 0]},
						{"origin": [-5.3265, 11.27402, -0.5], "size": [0.5, 1.75, 0.5], "uv": [0, 0]},
						{"origin": [-4.0765, 8.77402, -0.5], "size": [0.5, 2, 0.5], "uv": [0, 0]},
						{"origin": [-3.0765, 7.27402, -0.5], "size": [0.5, 1, 0.5], "uv": [0, 0]},
						{"origin": [-3.5765, 8.27402, -0.5], "size": [1, 0.5, 0.5], "uv": [0, 0]},
						{"origin": [-8.0765, 3.77402, -0.5], "size": [0.5, 3.5, 0.5], "uv": [0, 0]},
						{"origin": [-2.5765, 3.77402, -0.5], "size": [0.5, 3.5, 0.5], "uv": [0, 0]},
						{"origin": [-7.5765, 2.77402, -0.5], "size": [0.5, 1, 0.5], "uv": [0, 0]},
						{"origin": [-3.0765, 2.77402, -0.5], "size": [0.5, 1, 0.5], "uv": [0, 0]},
						{"origin": [-6.5765, 8.77402, -0.5], "size": [0.5, 2, 0.5], "uv": [0, 0]},
						{"origin": [-6.5765, 8.77402, 0], "size": [3, 2, 2], "uv": [3, 29]},
						{"origin": [-6.0765, 10.77402, -0.5], "size": [2, 0.5, 0.5], "uv": [0, 0]},
						{"origin": [-8.0765, 3.77402, 0], "size": [6, 3.5, 4.5], "uv": [18, 29]},
						{"origin": [-8.0765, 1.77402, 0], "size": [6, 2, 4.5], "pivot": [-6, 1.5, 0], "rotation": [0, 0, 17.5], "uv": [15, 29]},
						{"origin": [-7.5765, 8.27402, -0.5], "size": [1, 0.5, 0.5], "uv": [0, 0]},
						{"origin": [-7.5765, 2.77402, 0], "size": [5, 6, 3.5], "uv": [0, 35]}
					]
				},
				{
					"name": "Leag",
					"pivot": [0, 0, 0],
					"cubes": [
						{"origin": [-2.5, 0, -3.5], "size": [4.5, 1, 11], "uv": [5, 0]},
						{"origin": [-7, 0, 0], "size": [14, 1, 4], "uv": [0, 8]}
					]
				},
				{
					"name": "Heads",
					"pivot": [0, 0, 0]
				},
				{
					"name": "Peahead",
					"parent": "Heads",
					"pivot": [0, 0, 0],
					"cubes": [
						{"origin": [-2.5, 2.5, -1.5], "size": [4.5, 4.5, 4], "uv": [0, 0]},
						{"origin": [-1, 4, -2], "size": [1.5, 1.5, 0.5], "uv": [0, 0]},
						{"origin": [-1.5, 3.5, -3], "size": [2.5, 2.5, 1], "uv": [0, 8]},
						{"origin": [-1.25, 3.75, -3.125], "size": [2, 2, 1], "uv": [26, 16]},
						{"origin": [-2.25, 5.25, -1.75], "size": [1.25, 1.25, 1], "uv": [27, 17]},
						{"origin": [0.5, 5.25, -1.75], "size": [1.25, 1.25, 1], "uv": [28, 16]},
						{"origin": [-2.125, 5.75, -1.875], "size": [0.625, 0.625, 0.75], "uv": [9, 18]},
						{"origin": [0.625, 5.75, -1.875], "size": [0.625, 0.625, 0.75], "uv": [8, 18]}
					]
				},
				{
					"name": "Peahead2",
					"parent": "Heads",
					"pivot": [0, 0, 0],
					"cubes": [
						{"origin": [-2.5, 7.25, -1.5], "size": [4.5, 4.5, 4], "uv": [0, 0]},
						{"origin": [-1, 8.75, -2], "size": [1.5, 1.5, 0.5], "uv": [0, 0]},
						{"origin": [-1.5, 8.25, -3], "size": [2.5, 2.5, 1], "uv": [0, 8]},
						{"origin": [-1.25, 8.5, -3.125], "size": [2, 2, 1], "uv": [26, 16]},
						{"origin": [-2.25, 10, -1.75], "size": [1.25, 1.25, 1], "uv": [27, 17]},
						{"origin": [0.5, 10, -1.75], "size": [1.25, 1.25, 1], "uv": [28, 16]},
						{"origin": [-2.125, 10.5, -1.875], "size": [0.625, 0.625, 0.75], "uv": [9, 18]},
						{"origin": [0.625, 10.5, -1.875], "size": [0.625, 0.625, 0.75], "uv": [8, 18]}
					]
				},
				{
					"name": "Peahead3",
					"parent": "Heads",
					"pivot": [0, 0, 0],
					"cubes": [
						{"origin": [-2.5, 12.25, -1.5], "size": [4.5, 4.5, 4], "uv": [0, 0]},
						{"origin": [-1, 13.75, -2], "size": [1.5, 1.5, 0.5], "uv": [0, 0]},
						{"origin": [-1.5, 13.25, -3], "size": [2.5, 2.5, 1], "uv": [0, 8]},
						{"origin": [-1.25, 13.5, -3.125], "size": [2, 2, 1], "uv": [26, 16]},
						{"origin": [-2.25, 15, -1.75], "size": [1.25, 1.25, 1], "uv": [27, 17]},
						{"origin": [0.5, 15, -1.75], "size": [1.25, 1.25, 1], "uv": [28, 16]},
						{"origin": [-2.125, 15.5, -1.875], "size": [0.625, 0.625, 0.75], "uv": [9, 18]},
						{"origin": [0.625, 15.5, -1.875], "size": [0.625, 0.625, 0.75], "uv": [8, 18]}
					]
				},
				{
					"name": "Peahead4",
					"parent": "Heads",
					"pivot": [5.95313, 5.60938, -1.48437],
					"rotation": [0, 0, 15],
					"cubes": [
						{"origin": [4, 2.5, -1.5], "size": [4.5, 4.5, 4], "uv": [0, 0]},
						{"origin": [5.5, 4, -2], "size": [1.5, 1.5, 0.5], "uv": [0, 0]},
						{"origin": [5, 3.5, -3], "size": [2.5, 2.5, 1], "uv": [0, 8]},
						{"origin": [5.25, 3.75, -3.125], "size": [2, 2, 1], "uv": [26, 16]},
						{"origin": [4.25, 5.25, -1.75], "size": [1.25, 1.25, 1], "uv": [27, 17]},
						{"origin": [7, 5.25, -1.75], "size": [1.25, 1.25, 1], "uv": [28, 16]},
						{"origin": [4.375, 5.75, -1.875], "size": [0.625, 0.625, 0.75], "uv": [9, 18]},
						{"origin": [7.125, 5.75, -1.875], "size": [0.625, 0.625, 0.75], "uv": [8, 18]}
					]
				},
				{
					"name": "Peahead5",
					"parent": "Heads",
					"pivot": [-5.95312, 5.60938, -1.48437],
					"rotation": [0, 0, -15],
					"cubes": [
						{"origin": [-8.5, 2.5, -1.5], "size": [4.5, 4.5, 4], "uv": [0, 0], "mirror": true},
						{"origin": [-7, 4, -2], "size": [1.5, 1.5, 0.5], "uv": [0, 0], "mirror": true},
						{"origin": [-7.5, 3.5, -3], "size": [2.5, 2.5, 1], "uv": [0, 8], "mirror": true},
						{"origin": [-7.25, 3.75, -3.125], "size": [2, 2, 1], "uv": [26, 16], "mirror": true},
						{"origin": [-5.5, 5.25, -1.75], "size": [1.25, 1.25, 1], "uv": [27, 17], "mirror": true},
						{"origin": [-8.25, 5.25, -1.75], "size": [1.25, 1.25, 1], "uv": [28, 16], "mirror": true},
						{"origin": [-5, 5.75, -1.875], "size": [0.625, 0.625, 0.75], "uv": [9, 18], "mirror": true},
						{"origin": [-7.75, 5.75, -1.875], "size": [0.625, 0.625, 0.75], "uv": [8, 18], "mirror": true}
					]
				}
			]
		}
	]
}