{
	"format_version": "1.12.0",
	"minecraft:geometry": [
		{
			"description": {
				"identifier": "geometry.repeater",
				"texture_width": 48,
				"texture_height": 48,
				"visible_bounds_width": 3,
				"visible_bounds_height": 2,
				"visible_bounds_offset": [0, 0, 0]
			},
			"bones": [
				{
					"name": "peashooter",
					"pivot": [0, 0, 0]
				},
				{
					"name": "leaves",
					"parent": "peashooter",
					"pivot": [0, 0, 0]
				},
				{
					"name": "leaf1",
					"parent": "leaves",
					"pivot": [0, 0, 0],
					"cubes": [
						{"origin": [0, 0, -2.05], "size": [4.2, 0.7, 3.1], "pivot": [0, 0, 0], "rotation": [0, 0, -30], "uv": [30, 44]},
						{"origin": [3.40192, 2.3, -1.8], "size": [3.2, 0.7, 2.6], "pivot": [3, 3, 0], "rotation": [0, 0, 45], "uv": [32, 44]}
					]
				},
				{
					"name": "leaf2",
					"parent": "leaves",
					"pivot": [0, 0, 0],
					"cubes": [
						{"origin": [-1.05, 0, 0], "size": [3.1, 0.7, 4.2], "pivot": [0, 0, 0], "rotation": [10, 0, 0], "uv": [30, 43]},
						{"origin": [-0.8, 0.7, 3.8], "size": [2.6, 0.7, 3.2], "pivot": [0, 1, 4], "rotation": [-25, 0, 0], "uv": [34, 41]}
					]
				},
				{
					"name": "leaf3",
					"parent": "leaves",
					"pivot": [0, 0, 0],
					"cubes": [
						{"origin": [-4.2, 0, -1.05], "size": [4.2, 0.7, 3.1], "pivot": [0, 0, 0], "rotation": [0, 0, 15], "uv": [30, 44]},
						{"origin": [-6.4, 0.8, -0.8], "size": [3, 0.7, 2.6], "pivot": [-4, 1, 0], "rotation": [0, 0, -30], "uv": [32, 44]}
					]
				},
				{
					"name": "leaf4",
					"parent": "leaves",
					"pivot": [0, 0, 0],
					"cubes": [
						{"origin": [-1.8, 1.6, -6.63584], "size": [2.6, 0.7, 3.2], "pivot": [0, 2, -3], "rotation": [5, 0, 0], "uv": [32, 44]},
						{"origin": [-2.05, 0, -4.2], "size": [3.1, 0.7, 4.2], "pivot": [0, 0, 0], "rotation": [-25, 0, 0], "uv": [30, 43]}
					]
				},
				{
					"name": "stem",
					"parent": "peashooter",
					"pivot": [0, 0, 0]
				},
				{
					"name": "stem1",
					"parent": "stem",
					"pivot": [0, 0, 0],
					"cubes": [
						{"origin": [-0.7, 4.7, 0.3], "size": [1.4, 3, 1.4], "pivot": [0, 5, 1], "rotation": [15, 0, 0], "uv": [0, 28]}
					]
				},
				{
					"name": "stem2",
					"parent": "stem",
					"pivot": [0, 0, 0],
					"cubes": [
						{"origin": [-0.7, 0.2, -0.7], "size": [1.4, 5, 1.4], "pivot": [0, 0, 0], "rotation": [-11, 0, 0], "uv": [15, 31]}
					]
				},
				{
					"name": "head",
					"parent": "peashooter",
					"pivot": [0, 10, 0],
					"rotation": [5, 0, 0]
				},
				{
					"name": "snout",
					"parent": "head",
					"pivot": [0, 0, 0],
					"cubes": [
						{"origin": [-2.1, 8.2, -7.5], "size": [1, 4.2, 1.5], "uv": [12, 36]},
						{"origin": [1.2, 8.2, -7.5], "size": [1, 4.2, 1.5], "uv": [8, 35]},
						{"origin": [-2, 11.6, -7.5], "size": [4, 1.2, 1.5], "uv": [31, 5]},
						{"origin": [-2, 7.9, -7.5], "size": [4, 1.2, 1.5], "uv": [27, 20]},
						{"origin": [-1.8, 8.2, -6.5], "size": [3.7, 4.2, 1.5], "uv": [0, 32]},
						{"origin": [-1.51, 8.8, -6.2], "size": [3.1, 3, 3], "uv": [20, 0]}
					]
				},
				{
					"name": "upleaf",
					"parent": "head",
					"pivot": [13, 9.96575, 3.7844],
					"rotation": [10, 0, -85],
					"cubes": [
						{"origin": [12.35, 20.18094, 7.81075], "size": [1, 1, 2.1], "uv": [31, 33]},
						{"origin": [11.5, 20.46575, 9.7844], "size": [2.8, 0.7, 3.275], "pivot": [13, 21.08885, 9.80741], "rotation": [-25, 0, 0], "uv": [34, 41]},
						{"origin": [12, 19.14947, 12.5745], "size": [1.8, 0.7, 2], "pivot": [13, 19.5831, 12.58818], "rotation": [-55, 0, 0], "uv": [37, 41]}
					]
				},
				{
					"name": "upleaf3",
					"parent": "head",
					"pivot": [0, -1.98858, 2.73853],
					"rotation": [10, 0, 0],
					"cubes": [
						{"origin": [-0.65, 8.22661, 6.76488], "size": [1, 1, 2.1], "uv": [34, 41]},
						{"origin": [-1.5, 8.51142, 8.73853], "size": [2.8, 0.7, 3.275], "pivot": [0, 9.13452, 8.76154], "rotation": [-25, 0, 0], "uv": [34, 42]},
						{"origin": [-1, 7.19514, 11.52863], "size": [1.8, 0.7, 2], "pivot": [0, 7.62877, 11.54231], "rotation": [-55, 0, 0], "uv": [36, 41]}
					]
				},
				{
					"name": "upleaf4",
					"parent": "head",
					"pivot": [0, 1, 3],
					"rotation": [10, 0, 0],
					"cubes": [
						{"origin": [-0.65, 11.21519, 7.02635], "size": [1, 1, 2.1], "uv": [8, 32]},
						{"origin": [-1.5, 11.5, 9], "size": [2.8, 0.7, 3.275], "pivot": [0, 12.1231, 9.02301], "rotation": [20, 0, 0], "uv": [34, 41]},
						{"origin": [-1, 12.3, 12.66597], "size": [1.8, 0.7, 2], "pivot": [0, 10.61735, 11.80378], "rotation": [22.5, 0, 0], "uv": [36, 42]}
					]
				},
				{
					"name": "upleaf2",
					"parent": "head",
					"pivot": [-12, 6.97717, 3.52293],
					"rotation": [10, 0, 70],
					"cubes": [
						{"origin": [-12.65, 17.19236, 7.54928], "size": [1, 1, 2.1], "uv": [38, 42]},
						{"origin": [-13.5, 17.47717, 9.52293], "size": [2.8, 0.7, 3.275], "pivot": [-12, 18.10027, 9.54594], "rotation": [-25, 0, 0], "uv": [34, 42]},
						{"origin": [-13, 16.16089, 12.31303], "size": [1.8, 0.7, 2], "pivot": [-12, 16.59452, 12.32671], "rotation": [-55, 0, 0], "uv": [36, 43]}
					]
				},
				{
					"name": "base",
					"parent": "head",
					"pivot": [0, 0, 0],
					"cubes": [
						{"origin": [-1.4, 7, -1.4], "size": [2.8, 0.7, 2.8], "uv": [21, 44]},
						{"origin": [-2.8, 7.7, -2.8], "size": [5.6, 6.6, 7.6], "uv": [21, 7]},
						{"origin": [-2.8, 8, -3.8], "size": [5.6, 5.8, 9.6], "uv": [0, 14]},
						{"origin": [-3.4, 7.9, -3.2], "size": [6.7, 6, 8.6], "uv": [0, 0]},
						{"origin": [-3.9, 8.2, -2], "size": [7.9, 5.5, 6.9], "uv": [22, 22]}
					]
				}
			]
		}
	]
}