{
	"format_version": "1.12.0",
	"minecraft:geometry": [
		{
			"description": {
				"identifier": "geometry.scaredyshroom",
				"texture_width": 128,
				"texture_height": 128,
				"visible_bounds_width": 3,
				"visible_bounds_height": 3,
				"visible_bounds_offset": [0, 0, 0]
			},
			"bones": [
				{
					"name": "scaredyshroom",
					"pivot": [0, 0, 0]
				},
				{
					"name": "body",
					"parent": "scaredyshroom",
					"pivot": [0, 0, 0]
				},
				{
					"name": "upper",
					"parent": "body",
					"pivot": [0, 0, 0],
					"cubes": [
						{"origin": [-5, 26, -5], "size": [10, 1, 10], "uv": [0, 90]},
						{"origin": [-6, 27, -6], "size": [12, 1, 12], "uv": [0, 77]},
						{"origin": [-10, 28, -13], "size": [20, 2, 26], "uv": [0, 0]},
						{"origin": [-11, 28, -11], "size": [22, 2, 22], "uv": [0, 28]},
						{"origin": [-9, 29, -11], "size": [18, 3, 22], "uv": [0, 52]},
						{"origin": [-8, 32, -8], "size": [16, 2, 18], "uv": [58, 52]},
						{"origin": [-6, 34, -6], "size": [12, 2, 14], "uv": [66, 0]},
						{"origin": [-4, 36, -4], "size": [8, 2, 9], "uv": [36, 77]}
					]
				},
				{
					"name": "lower",
					"parent": "body",
					"pivot": [0, 0, 0],
					"cubes": [
						{"origin": [-6, -1, -6], "size": [12, 2, 12], "pivot": [0, 0, 0], "rotation": [-2.5, 0, 0], "uv": [66, 28]},
						{"origin": [-5, 1, -5], "size": [10, 1, 10], "pivot": [0, 1, 0], "rotation": [-2.5, 0, 0], "uv": [30, 91]},
						{"origin": [-4, 0, -4], "size": [8, 26, 8], "uv": [72, 72]},
						{"origin": [-3.5, 10, -11], "size": [7, 7, 8], "uv": [96, 98]},
						{"origin": [-4.5, 9, -12], "size": [9, 9, 2], "uv": [0, 0]},
						{"origin": [2.5, 9, -13], "size": [3, 9, 2], "uv": [10, 28]},
						{"origin": [-4.5, 8, -13], "size": [9, 3, 2], "uv": [0, 16]},
						{"origin": [-4.5, 16, -13], "size": [9, 3, 2], "uv": [0, 11]},
						{"origin": [-5.5, 9, -13], "size": [3, 9, 2], "uv": [0, 28]}
					]
				}
			]
		}
	]
}