{
	"format_version": "1.12.0",
	"minecraft:geometry": [
		{
			"description": {
				"identifier": "geometry.snapdragon",
				"texture_width": 80,
				"texture_height": 80,
				"visible_bounds_width": 4,
				"visible_bounds_height": 2,
				"visible_bounds_offset": [0, 0, 0]
			},
			"bones": [
				{
					"name": "snapdragon",
					"pivot": [0, 15, 0]
				},
				{
					"name": "stem",
					"parent": "snapdragon",
					"pivot": [0, 2, 3]
				},
				{
					"name": "stem1",
					"parent": "stem",
					"pivot": [-2, 8, 1],
					"cubes": [
						{"origin": [-1, 1.8, 0], "size": [2, 10.3, 2], "pivot": [1, 0, 0], "rotation": [-45, 0, 0], "uv": [38, 60]}
					]
				},
				{
					"name": "stem2",
					"parent": "stem",
					"pivot": [-2, 8, 1],
					"cubes": [
						{"origin": [-1, 0, 9], "size": [2, 11, 2], "pivot": [8, 0, -7], "rotation": [22.5, 0, 0], "uv": [30, 60]},
						{"origin": [-1, 11.5, 5.8], "size": [2, 2, 2], "pivot": [0, 13, 6], "rotation": [72.5, 0, 0], "uv": [15, 43]},
						{"origin": [-1, 1.04265, 4.62154], "size": [2, 2, 2], "pivot": [0, 3, 5], "rotation": [92.5, 0, 0], "uv": [33, 40]},
						{"origin": [-1, 5, 8.5], "size": [2, 2, 2], "pivot": [0, 5, 9], "rotation": [92.5, 0, 0], "uv": [25, 40]}
					]
				},
				{
					"name": "leaves",
					"parent": "snapdragon",
					"pivot": [0, 2, 2],
					"cubes": [
						{"origin": [2.8, 1.3, 3.87868], "size": [3, 0.6, 3], "pivot": [5, 2, 5], "rotation": [-10, 45, 0], "uv": [7, 67]},
						{"origin": [-0.70711, 0.3, 0.87868], "size": [4, 1, 5], "pivot": [2, 1, 2], "rotation": [15, 45, 0], "uv": [55, 15]},
						{"origin": [-2.70711, 0, 2.29289], "size": [4, 1, 5], "pivot": [0, 0, 2], "rotation": [15, -45, 0], "uv": [54, 54]},
						{"origin": [-4.3, 1.5, 5.3], "size": [3, 0.6, 4], "pivot": [-2, 3, 4], "rotation": [-10, -45, 0], "uv": [6, 67]},
						{"origin": [-2, 0, -3], "size": [4, 1, 5], "pivot": [0, 0, 2], "rotation": [-25, 0, 0], "uv": [36, 54]},
						{"origin": [-1.5, 2.4, -5.5], "size": [3, 0.6, 4], "pivot": [0, 2, -1], "rotation": [20, 0, 0], "uv": [6, 67]}
					]
				},
				{
					"name": "body",
					"parent": "snapdragon",
					"pivot": [0, 18, 4],
					"rotation": [5, 0, 0]
				},
				{
					"name": "head",
					"parent": "body",
					"pivot": [8, 3, -8],
					"cubes": [
						{"origin": [-5.5, 12, -5.6], "size": [11, 10, 11], "uv": [0, 0]},
						{"origin": [-6, 12.5, -5], "size": [12, 9, 10], "uv": [0, 21]},
						{"origin": [-5, 12.5, -5], "size": [10, 10, 10], "uv": [34, 34]},
						{"origin": [-4.7, 23.5, 2.2], "size": [1.4, 1.2, 1.5], "uv": [33, 4]},
						{"origin": [-4.5, 24.5, 2.5], "size": [1, 2, 1], "pivot": [-4, 25, 3], "rotation": [-15, 0, 0], "uv": [34, 21]},
						{"origin": [-5, 21, 3], "size": [2, 3, 2], "pivot": [-4, 21, 3.75], "rotation": [22.5, 0, 0], "uv": [9, 40]},
						{"origin": [3.3, 23.5, 2.2], "size": [1.4, 1.2, 1.5], "uv": [6, 21]},
						{"origin": [3.5, 24.5, 2.5], "size": [1, 2, 1], "pivot": [4, 25, 3], "rotation": [-20, 0, 0], "uv": [0, 3]},
						{"origin": [3.4, 23.5, 2.2], "size": [1.4, 1.2, 1.5], "uv": [6, 21]},
						{"origin": [3, 21, 3], "size": [2, 3, 2], "pivot": [4, 21, 3.75], "rotation": [22.5, 0, 0], "uv": [0, 26]},
						{"origin": [-5, 20.75, -6.5], "size": [5, 1, 1], "pivot": [-3, 21, -6], "rotation": [0, 0, 5], "uv": [34, 29]},
						{"origin": [0, 20.75, -6.5], "size": [5, 1, 1], "pivot": [2, 21, -6], "rotation": [0, 0, -5], "uv": [33, 9]},
						{"origin": [1, 18.25, -5.75], "size": [3, 2.75, 0.25], "uv": [33, 2]},
						{"origin": [-4, 18.25, -5.75], "size": [3, 2.75, 0.25], "uv": [33, 0]}
					]
				},
				{
					"name": "scale",
					"parent": "body",
					"pivot": [8, 3, -8],
					"cubes": [
						{"origin": [-6, 13.75, 2.75], "size": [1, 4, 7], "pivot": [-6, 15, 3], "rotation": [0, -20, 0], "uv": [53, 2]},
						{"origin": [-6, 18, 2], "size": [1, 4, 7], "pivot": [-5.5, 21, 2], "rotation": [22.5, -20, 0], "uv": [51, 22]},
						{"origin": [-6, 12, 2.5], "size": [1, 4, 7], "pivot": [-5.5, 15, 2.5], "rotation": [-22.5, -15, 0], "uv": [16, 51]},
						{"origin": [-6, 16.25, 2.5], "size": [1, 4, 7], "pivot": [-5, 18, 4], "rotation": [0, -25, 0], "uv": [0, 51]},
						{"origin": [5, 13.75, 2.75], "size": [1, 4, 7], "pivot": [6, 16, 3], "rotation": [0, 45, 0], "uv": [25, 47]},
						{"origin": [5, 18, 2], "size": [1, 4, 7], "pivot": [5.5, 21, 2], "rotation": [22.5, 35, 0], "uv": [44, 9]},
						{"origin": [5, 12, 2.5], "size": [1, 4, 7], "pivot": [5.5, 15, 2.5], "rotation": [-22.5, 40, 0], "uv": [16, 40]},
						{"origin": [5, 16.25, 2.5], "size": [1, 4, 7], "pivot": [6, 18, 3], "rotation": [0, 40, 0], "uv": [0, 40]}
					]
				},
				{
					"name": "snout",
					"parent": "body",
					"pivot": [8, 3, -8]
				},
				{
					"name": "upper",
					"parent": "snout",
					"pivot": [0, 17, -4],
					"cubes": [
						{"origin": [-3.5, 15, -11.25], "size": [7, 3, 5.75], "uv": [34, 21]},
						{"origin": [-1, 17, -11], "size": [2, 3, 2], "pivot": [0, 17, -10.25], "rotation": [22.5, 0, 0], "uv": [0, 21]},
						{"origin": [-0.6, 19.5, -11.8], "size": [1.4, 1.2, 1.5], "uv": [0, 6]},
						{"origin": [-0.5, 20.5, -11.2], "size": [1, 2, 1], "pivot": [0, 22, -11], "rotation": [-15, 0, 0], "uv": [0, 0]}
					]
				},
				{
					"name": "lower",
					"parent": "snout",
					"pivot": [-1, 14, -5],
					"cubes": [
						{"origin": [3.5, 15, -7.25], "size": [0.2, 1, 1], "uv": [23, 68]},
						{"origin": [3.5, 15, -11], "size": [0.2, 1, 1], "uv": [23, 68]},
						{"origin": [3.5, 15, -8.5], "size": [0.2, 1.25, 1], "uv": [23, 68]},
						{"origin": [-3.7, 15, -7.25], "size": [0.2, 1, 1], "uv": [23, 68]},
						{"origin": [-3.7, 15, -11], "size": [0.2, 1, 1], "uv": [23, 68]},
						{"origin": [-3.75, 12, -11.5], "size": [7.5, 3, 6], "uv": [33, 0]},
						{"origin": [-3.7, 15, -8.5], "size": [0.2, 1.25, 1], "uv": [23, 68]}
					]
				}
			]
		}
	]
}