{
	"format_version": "1.12.0",
	"minecraft:geometry": [
		{
			"description": {
				"identifier": "geometry.squash",
				"texture_width": 80,
				"texture_height": 80,
				"visible_bounds_width": 7,
				"visible_bounds_height": 2,
				"visible_bounds_offset": [0, 0, 0]
			},
			"bones": [
				{
					"name": "squash",
					"pivot": [0, 0, 0],
					"rotation": [0, 90, 0]
				},
				{
					"name": "base",
					"parent": "squash",
					"pivot": [0, 0, 0],
					"cubes": [
						{"origin": [-5, 0, -5.5], "size": [10, 1, 11], "uv": [33, 0]},
						{"origin": [-4.7, 11, -6], "size": [10, 5, 12], "uv": [0, 23]},
						{"origin": [-4.7, 16, -5.5], "size": [10, 1, 11], "uv": [32, 23]},
						{"origin": [-3, 17, -4], "size": [7, 1, 8], "uv": [36, 36]},
						{"origin": [-5, 1, -6.5], "size": [10.5, 10, 13], "uv": [0, 0]},
						{"origin": [-1, 18, -1], "size": [2, 2, 2], "pivot": [0, 18, -1], "rotation": [-10, 0, 0], "uv": [0, 40]},
						{"origin": [-1, 19.5, -0.5], "size": [2, 2, 2], "pivot": [0, 20, 0], "rotation": [-40, 0, 0], "uv": [33, 6]},
						{"origin": [-1.5, 20.03209, 0.2], "size": [3, 4, 3], "pivot": [0, 21.53209, 1.28558], "rotation": [-40, 0, 0], "uv": [0, 0]},
						{"origin": [2, 5, 6], "size": [2, 2, 1], "uv": [32, 40]},
						{"origin": [-2, 10, 6], "size": [2, 2, 1], "uv": [26, 40]},
						{"origin": [-3, 1, 6], "size": [2, 2, 1], "uv": [20, 40]},
						{"origin": [-3, 3, -7], "size": [2, 2, 1], "uv": [14, 40]},
						{"origin": [3, 8, -7], "size": [2, 2, 1], "uv": [38, 0]},
						{"origin": [-3, 12, -6.5], "size": [2, 2, 1], "uv": [37, 28]},
						{"origin": [-5, 12, 1], "size": [1, 2, 2], "uv": [8, 40]},
						{"origin": [-5.5, 6, -3], "size": [1, 2, 2], "uv": [6, 28]},
						{"origin": [5, 3, -6], "size": [1, 2, 2], "uv": [6, 23]},
						{"origin": [5, 14, 1], "size": [1, 2, 2], "uv": [7, 7]}
					]
				},
				{
					"name": "face",
					"parent": "squash",
					"pivot": [0, 0, 0],
					"cubes": [
						{"origin": [5, 3, -3], "size": [1, 1, 5], "pivot": [6, 3, -3], "rotation": [15, 0, 0], "uv": [0, 7]},
						{"origin": [5, 4.5, 1], "size": [1, 1, 4], "pivot": [6, 4, 1], "rotation": [-20, 0, 0], "uv": [32, 23]}
					]
				},
				{
					"name": "eyes",
					"parent": "face",
					"pivot": [0, 0, 0],
					"cubes": [
						{"origin": [4.8, 8, -4], "size": [1, 3, 3], "uv": [33, 0]},
						{"origin": [4.8, 8, 2], "size": [1, 3, 3], "uv": [32, 28]}
					]
				},
				{
					"name": "eyebrow",
					"parent": "face",
					"pivot": [0, 0, 0],
					"cubes": [
						{"origin": [5, 10, 1], "size": [1, 1, 4], "pivot": [6, 10, 1], "rotation": [10, 0, 0], "uv": [0, 28]},
						{"origin": [5, 11, -5], "size": [1, 1, 4], "pivot": [6, 11, -5], "rotation": [-15, 0, 0], "uv": [0, 23]},
						{"origin": [5, 10, -6], "size": [1, 1, 2], "pivot": [6, 10, -8], "rotation": [15, 0, 0], "uv": [12, 43]},
						{"origin": [5, 11.5, 5], "size": [1, 1, 2], "pivot": [6, 12, 3], "rotation": [-25, 0, 0], "uv": [38, 40]}
					]
				}
			]
		}
	]
}