{
	"format_version": "1.12.0",
	"minecraft:geometry": [
		{
			"description": {
				"identifier": "geometry.star",
				"texture_width": 16,
				"texture_height": 16,
				"visible_bounds_width": 3,
				"visible_bounds_height": 1.5,
				"visible_bounds_offset": [0, 0.25, 0]
			},
			"bones": [
				{
					"name": "starfruit",
					"pivot": [0, 0, 0]
				},
				{
					"name": "body",
					"parent": "starfruit",
					"pivot": [0, 0, 0],
					"cubes": [
						{"origin": [-1.872, 0, -1.872], "size": [3.744, 0.97344, 3.744], "uv": [0, 0]}
					]
				},
				{
					"name": "leaves",
					"parent": "starfruit",
					"pivot": [0, 0, 0]
				},
				{
					"name": "arm1",
					"parent": "starfruit",
					"pivot": [0, 0, -0.3744],
					"cubes": [
						{"origin": [-0.0369, -0.09647, 1.34784], "size": [1.4976, 0.936, 2.9952], "pivot": [1.0863, 0.27793, 1.6848], "rotation": [0, -12.5, 5], "uv": [4, 4]},
						{"origin": [-1.4607, -0.09647, 1.34784], "size": [1.4976, 0.936, 2.9952], "pivot": [-1.0863, 0.27793, 1.6848], "rotation": [0, 12.5, -5], "uv": [4, 6]},
						{"origin": [-0.87984, -0.13104, 4.1184], "size": [1.75968, 0.89856, 0.7488], "pivot": [0, 0.3744, 4.4928], "rotation": [-10, 0, 0], "uv": [0, 0]}
					]
				},
				{
					"name": "arm2",
					"parent": "starfruit",
					"pivot": [-1.1232, 0.26641, -0.34944],
					"rotation": [0, 60, 0],
					"cubes": [
						{"origin": [-1.1601, -0.09647, 1.72224], "size": [1.4976, 0.936, 2.9952], "pivot": [-0.0369, 0.27793, 2.0592], "rotation": [0, -12.5, 5], "uv": [0, 7]},
						{"origin": [-2.5839, -0.09647, 1.72224], "size": [1.4976, 0.936, 2.9952], "pivot": [-2.2095, 0.27793, 2.0592], "rotation": [0, 12.5, -5], "uv": [2, 7]},
						{"origin": [-2.00304, -0.13104, 4.4928], "size": [1.75968, 0.89856, 0.7488], "pivot": [-1.1232, 0.3744, 4.8672], "rotation": [-10, 0, 0], "uv": [0, 0]}
					]
				},
				{
					"name": "arm3",
					"parent": "starfruit",
					"pivot": [1.1232, 0.26641, -0.34944],
					"rotation": [0, -60, 0],
					"cubes": [
						{"origin": [-0.3375, -0.09647, 1.72224], "size": [1.4976, 0.936, 2.9952], "pivot": [0.0369, 0.27793, 2.0592], "rotation": [0, 12.5, -5], "uv": [0, 3]},
						{"origin": [1.0863, -0.09647, 1.72224], "size": [1.4976, 0.936, 2.9952], "pivot": [2.2095, 0.27793, 2.0592], "rotation": [0, -12.5, 5], "uv": [6, 6]},
						{"origin": [0.24336, -0.13104, 4.4928], "size": [1.75968, 0.89856, 0.7488], "pivot": [1.1232, 0.3744, 4.8672], "rotation": [-10, 0, 0], "uv": [0, 0]}
					]
				},
				{
					"name": "arm4",
					"parent": "starfruit",
					"pivot": [0.3744, 0.26641, 1.52256],
					"rotation": [-180, -35, 180],
					"cubes": [
						{"origin": [-1.0863, -0.09647, 3.59424], "size": [1.4976, 0.936, 2.9952], "pivot": [-0.7119, 0.27793, 3.9312], "rotation": [0, 12.5, -5], "uv": [2, 5]},
						{"origin": [0.3375, -0.09647, 3.59424], "size": [1.4976, 0.936, 2.9952], "pivot": [1.4607, 0.27793, 3.9312], "rotation": [0, -12.5, 5], "uv": [0, 5]},
						{"origin": [-0.50544, -0.13104, 6.3648], "size": [1.75968, 0.89856, 0.7488], "pivot": [0.3744, 0.3744, 6.7392], "rotation": [-10, 0, 0], "uv": [0, 0]}
					]
				},
				{
					"name": "arm5",
					"parent": "starfruit",
					"pivot": [-0.3744, 0.26641, 1.52256],
					"rotation": [-180, 35, -180],
					"cubes": [
						{"origin": [-0.4113, -0.09647, 3.59424], "size": [1.4976, 0.936, 2.9952], "pivot": [0.7119, 0.27793, 3.9312], "rotation": [0, -12.5, 5], "uv": [2, 3]},
						{"origin": [-1.8351, -0.09647, 3.59424], "size": [1.4976, 0.936, 2.9952], "pivot": [-1.4607, 0.27793, 3.9312], "rotation": [0, 12.5, -5], "uv": [6, 3]},
						{"origin": [-1.25424, -0.13104, 6.3648], "size": [1.75968, 0.89856, 0.7488], "pivot": [-0.3744, 0.3744, 6.7392], "rotation": [-10, 0, 0], "uv": [0, 0]}
					]
				}
			]
		}
	]
}