{
	"format_version": "1.12.0",
	"minecraft:geometry": [
		{
			"description": {
				"identifier": "geometry.sunflower",
				"texture_width": 64,
				"texture_height": 64,
				"visible_bounds_width": 3,
				"visible_bounds_height": 2,
				"visible_bounds_offset": [0, 0, 0]
			},
			"bones": [
				{
					"name": "sunflower",
					"pivot": [0, 0, 0]
				},
				{
					"name": "head",
					"parent": "sunflower",
					"pivot": [0, 0, 0]
				},
				{
					"name": "base",
					"parent": "head",
					"pivot": [0, 2, 0],
					"cubes": [
						{"origin": [-2, 10, 0], "size": [5, 1, 3], "uv": [30, 14]},
						{"origin": [-3, 17.5, -0.5], "size": [7, 2, 4], "uv": [22, 0]},
						{"origin": [-5, 11.5, -0.5], "size": [11, 7, 4], "uv": [0, 13]},
						{"origin": [-4, 11, -1], "size": [9, 8, 5], "uv": [0, 24]},
						{"origin": [-3.5, 11.5, -1.5], "size": [8, 7, 6], "uv": [0, 0]}
					]
				},
				{
					"name": "petals",
					"parent": "head",
					"pivot": [0, 0, 0],
					"cubes": [
						{"origin": [-5, 9, 0.1], "size": [3, 3, 3], "pivot": [-4, 11, 0], "rotation": [0, 0, 15], "uv": [24, 44]},
						{"origin": [-2, 7, 0.1], "size": [3, 5, 3], "pivot": [-1, 11, 0], "rotation": [0, 0, 5], "uv": [28, 29]},
						{"origin": [0.5, 8, 0.1], "size": [3, 4, 3], "pivot": [1, 11, 0], "rotation": [0, 0, -15], "uv": [12, 44]},
						{"origin": [3, 9, 0.1], "size": [3, 4, 3], "pivot": [4, 12, 0], "rotation": [0, 0, -30], "uv": [0, 44]},
						{"origin": [5, 10, 0.1], "size": [3, 5, 3], "pivot": [6, 13, 0], "rotation": [0, 0, -65], "uv": [28, 6]},
						{"origin": [5, 13, 0.1], "size": [3, 5, 3], "pivot": [6, 16, 0], "rotation": [0, 0, -85], "uv": [27, 21]},
						{"origin": [5, 17, 0.1], "size": [3, 4, 3], "pivot": [6, 19, 0], "rotation": [0, 0, -120], "uv": [40, 6]},
						{"origin": [2, 19, 0.1], "size": [3, 4, 3], "pivot": [3, 21, 0], "rotation": [0, 0, -175], "uv": [39, 25]},
						{"origin": [-1, 18, 0.1], "size": [3, 4, 3], "pivot": [0, 20, 0], "rotation": [0, 0, 170], "uv": [39, 18]},
						{"origin": [-4, 18, 0.1], "size": [3, 4, 3], "pivot": [-3, 20, 0], "rotation": [0, 0, 150], "uv": [36, 37]},
						{"origin": [-6, 16, 0.1], "size": [3, 4, 3], "pivot": [-5, 18, 0], "rotation": [0, 0, 120], "uv": [24, 37]},
						{"origin": [-6, 13, 0.1], "size": [3, 4, 3], "pivot": [-5, 15, 0], "rotation": [0, 0, 90], "uv": [12, 37]},
						{"origin": [-7, 10, 0.1], "size": [3, 4, 3], "pivot": [-6, 12, 0], "rotation": [0, 0, 70], "uv": [0, 37]}
					]
				},
				{
					"name": "stem",
					"parent": "sunflower",
					"pivot": [0, 0, 0],
					"cubes": [
						{"origin": [0, 0, 0], "size": [2, 4, 2], "pivot": [1, 0, 1], "rotation": [-5, 0, -5], "uv": [44, 44]},
						{"origin": [-0.33589, 3.79564, 0.34482], "size": [2, 5, 2], "uv": [36, 44]},
						{"origin": [0.89934, 5.85671, 0.34482], "size": [2, 3, 2], "pivot": [1.89934, 3.85671, 1.34482], "rotation": [5, 0, -65], "uv": [49, 4]},
						{"origin": [-1.7487, 4.39205, 0.35243], "size": [2, 3, 2], "pivot": [-0.7487, 2.39205, 1.35243], "rotation": [0, 0, 65], "uv": [48, 36]},
						{"origin": [0.5, 6, 0.35243], "size": [1.5, 1, 2], "pivot": [1.2513, 3.39205, 1.35243], "rotation": [0, 0, 65], "uv": [48, 36]},
						{"origin": [-6.5, 10, 0], "size": [1.5, 1, 2], "pivot": [-5.7487, 7.39205, 1.35243], "rotation": [0, 0, 115], "uv": [48, 36]}
					]
				},
				{
					"name": "leaves",
					"parent": "sunflower",
					"pivot": [0, 0, 0],
					"cubes": [
						{"origin": [-1, 0, -3], "size": [3, 1, 3], "pivot": [1, 0, 0], "rotation": [-15, 40, 0], "uv": [43, 13]},
						{"origin": [-2.3749, 0.87636, -4.63854], "size": [3, 1, 3], "pivot": [-0.3749, 0.87636, -1.63854], "rotation": [30, 40, 0], "uv": [43, 13]},
						{"origin": [1.58217, 0.92323, -2.3276], "size": [3, 1, 3], "pivot": [3.58217, 0.92323, 0.6724], "rotation": [35, -50, 0], "uv": [40, 0]},
						{"origin": [0, 0, -1], "size": [3, 1, 3], "pivot": [2, 0, 2], "rotation": [-15, -50, 0], "uv": [40, 0]},
						{"origin": [-2.12224, 0.60624, -0.56669], "size": [3, 1, 3], "pivot": [-0.62224, 0.60624, 2.93331], "rotation": [25, 140, 0], "uv": [40, 32]},
						{"origin": [-0.5, 0, -2.5], "size": [3, 1, 3], "pivot": [1, 0, 1], "rotation": [-5, 140, 0], "uv": [40, 32]},
						{"origin": [1, 0, -0.5], "size": [2, 1, 2.5], "pivot": [2, 0, 2], "rotation": [-15, -155, 0], "uv": [30, 18]},
						{"origin": [1.80178, 0.64705, 1.21943], "size": [2, 1, 2.5], "pivot": [2.80178, 0.64705, 3.71943], "rotation": [15, -155, 0], "uv": [30, 18]}
					]
				}
			]
		}
	]
}