{
	"format_version": "1.12.0",
	"minecraft:geometry": [
		{
			"description": {
				"identifier": "geometry.sunshroom",
				"texture_width": 112,
				"texture_height": 112,
				"visible_bounds_width": 3,
				"visible_bounds_height": 2,
				"visible_bounds_offset": [0, 0, 0]
			},
			"bones": [
				{
					"name": "sunshroom",
					"pivot": [0, 0, 0],
					"rotation": [-180, 0, 180]
				},
				{
					"name": "upper",
					"parent": "sunshroom",
					"pivot": [0, -1, 0],
					"rotation": [5, 0, 0],
					"cubes": [
						{"origin": [-7.5, 10, -6], "size": [15, 2, 15], "pivot": [0, 10, 0], "rotation": [-3, 0, 0], "uv": [45, 46]},
						{"origin": [-9.5, 11, -8], "size": [19, 4, 19], "pivot": [0, 11, 0], "rotation": [-3, 0, 0], "uv": [0, 0]},
						{"origin": [-8.5, 14, -7], "size": [17, 3, 17], "pivot": [0, 14, 0], "rotation": [-3, 0, 0], "uv": [0, 23]},
						{"origin": [-7.5, 16, -6], "size": [15, 3, 15], "pivot": [0, 16, 0], "rotation": [-3, 0, 0], "uv": [0, 43]},
						{"origin": [-5.5, 17, -4], "size": [11, 3, 11], "pivot": [0, 17, 0], "rotation": [-3, 0, 0], "uv": [51, 23]}
					]
				},
				{
					"name": "lower",
					"parent": "sunshroom",
					"pivot": [0, 0, 0],
					"cubes": [
						{"origin": [-5, 0, -5], "size": [10, 1.5, 10], "uv": [36, 63]},
						{"origin": [-4.5, 1, -4.5], "size": [9, 10, 9], "pivot": [0, 1, 0], "rotation": [-3, 0, 0], "uv": [0, 61]}
					]
				}
			]
		}
	]
}