{
	"format_version": "1.12.0",
	"minecraft:geometry": [
		{
			"description": {
				"identifier": "geometry.zomboss",
				"texture_width": 208,
				"texture_height": 208,
				"visible_bounds_width": 8,
				"visible_bounds_height": 7,
				"visible_bounds_offset": [0, 2.5, 0]
			},
			"bones": [
				{
					"name": "zomboss",
					"pivot": [0, 7, 0]
				},
				{
					"name": "body",
					"parent": "zomboss",
					"pivot": [0, 26, 0],
					"cubes": [
						{"origin": [-12.6, 31, -8.4], "size": [25.2, 10.8, 16.8], "uv": [0, 39]},
						{"origin": [-11.4, 41.8, -7.2], "size": [22.8, 1.2, 14.4], "uv": [75, 0]}
					]
				},
				{
					"name": "topbody",
					"parent": "body",
					"pivot": [0, 38, 0],
					"cubes": [
						{"origin": [-14.4, 43, -9.6], "size": [28.8, 20.4, 19.2], "uv": [0, 0]},
						{"origin": [-8.4, 59, -10.6], "size": [16.8, 4.4, 1.2], "uv": [106, 78]},
						{"origin": [-13.2, 63.4, -8.4], "size": [26.4, 3.6, 16.8], "uv": [0, 65]},
						{"origin": [-12, 67, -8.4], "size": [3.6, 1.2, 16.8], "uv": [26, 154]},
						{"origin": [8.4, 64.6, -9], "size": [3.6, 1.2, 1.2], "uv": [85, 17]},
						{"origin": [-12, 64.8, -9], "size": [3.6, 1.2, 1.2], "uv": [85, 17]},
						{"origin": [8.4, 67, -8.4], "size": [3.6, 1.2, 16.8], "uv": [149, 137]},
						{"origin": [7.8, 67, 6], "size": [4.8, 1.56, 1.2], "uv": [62, 104]},
						{"origin": [-12.6, 67, 6], "size": [4.8, 1.56, 1.2], "uv": [62, 104]},
						{"origin": [-12.6, 67, 4], "size": [4.8, 1.56, 1.2], "uv": [62, 104]},
						{"origin": [-12.6, 67, 2], "size": [4.8, 1.56, 1.2], "uv": [62, 104]},
						{"origin": [-12.6, 67, 0], "size": [4.8, 1.56, 1.2], "uv": [62, 104]},
						{"origin": [-12.6, 67, -2], "size": [4.8, 1.56, 1.2], "uv": [62, 104]},
						{"origin": [-12.6, 67, -4], "size": [4.8, 1.56, 1.2], "uv": [62, 104]},
						{"origin": [-12.6, 67, -6], "size": [4.8, 1.56, 1.2], "uv": [62, 104]},
						{"origin": [-12.6, 67, -8.4], "size": [4.8, 1.56, 1.2], "uv": [62, 104]},
						{"origin": [7.8, 67, 3.6], "size": [4.8, 1.56, 1.2], "uv": [52, 84]},
						{"origin": [7.8, 67, 1.2], "size": [4.8, 1.56, 1.2], "uv": [42, 84]},
						{"origin": [7.8, 67, -1.2], "size": [4.8, 1.56, 1.2], "uv": [82, 58]},
						{"origin": [7.8, 67, -3.6], "size": [4.8, 1.56, 1.2], "uv": [82, 56]},
						{"origin": [7.8, 67, -6], "size": [4.8, 1.56, 1.2], "uv": [82, 54]},
						{"origin": [7.8, 67, -8.4], "size": [4.8, 1.56, 1.2], "uv": [68, 78]},
						{"origin": [7.8, 65.8, -9.6], "size": [4.8, 1.56, 1.2], "uv": [75, 17]},
						{"origin": [-12.6, 65.8, -9.6], "size": [4.8, 1.56, 1.2], "uv": [75, 17]},
						{"origin": [-12.6, 63.5, -9.6], "size": [4.8, 1.56, 1.2], "uv": [75, 17]},
						{"origin": [7.8, 63.4, -9.6], "size": [4.8, 1.56, 1.2], "uv": [75, 11]}
					]
				},
				{
					"name": "leftarm",
					"parent": "topbody",
					"pivot": [15, 61, 0],
					"cubes": [
						{"origin": [14.8, 46.6, -7], "size": [12, 18, 12], "uv": [0, 108]},
						{"origin": [14.996, 33.6, -7], "size": [11.804, 11.604, 11.604], "inflate": 0.01, "uv": [0, 108]},
						{"origin": [12.4, 53.6, -6], "size": [11, 10, 10], "uv": [146, 92]}
					]
				},
				{
					"name": "leftarm2",
					"parent": "leftarm",
					"pivot": [15, 34, 0],
					"cubes": [
						{"origin": [14.896, 45.398, -5.802], "size": [10.804, 8.404, 9.604], "inflate": 0.01, "uv": [114, 153]},
						{"origin": [17.398, 29.8, -8.802], "size": [3.804, 5.604, 4.604], "inflate": 0.01, "pivot": [19.3, 32.602, -5.5], "rotation": [-12.5, 0, 0], "uv": [72, 132]},
						{"origin": [17.398, 25.96098, -8.98881], "size": [3.804, 4.604, 4.604], "inflate": 0.01, "pivot": [19.3, 26.26298, -5.68681], "rotation": [5, 0, 0], "uv": [166, 166]},
						{"origin": [24.398, 29.8, -5.802], "size": [4.804, 5.604, 3.604], "inflate": 0.01, "pivot": [26.8, 32.602, -3], "rotation": [0, 0, -17.5], "uv": [14, 168]},
						{"origin": [24.398, 29.8, -1.802], "size": [4.804, 5.604, 3.604], "inflate": 0.01, "pivot": [26.8, 32.602, 1], "rotation": [0, 0, -17.5], "uv": [0, 166]},
						{"origin": [24.398, 29.8, 2.198], "size": [4.804, 5.604, 3.604], "inflate": 0.01, "pivot": [26.8, 32.602, 5], "rotation": [0, 0, -17.5], "uv": [165, 71]},
						{"origin": [24.80889, 23.25618, -5.802], "size": [4.804, 7.604, 3.604], "inflate": 0.01, "pivot": [27.21089, 27.05818, -3], "rotation": [0, 0, 5], "uv": [99, 161]},
						{"origin": [24.80889, 23.25618, -1.802], "size": [4.804, 7.604, 3.604], "inflate": 0.01, "pivot": [27.21089, 27.05818, 1], "rotation": [0, 0, 5], "uv": [160, 21]},
						{"origin": [24.80889, 23.25618, 2.198], "size": [4.804, 7.604, 3.604], "inflate": 0.01, "pivot": [27.21089, 27.05818, 5], "rotation": [0, 0, 5], "uv": [88, 154]},
						{"origin": [18.398, 28.8, 3.198], "size": [4.804, 6.604, 4.604], "inflate": 0.01, "pivot": [20.8, 32.102, 6.5], "rotation": [15, 0, 0], "uv": [68, 68]},
						{"origin": [18.398, 23.21735, 3.56391], "size": [4.804, 6.604, 4.604], "inflate": 0.01, "pivot": [20.8, 26.51935, 6.86591], "rotation": [-7.5, 0, 0], "uv": [0, 65]}
					]
				},
				{
					"name": "head",
					"parent": "topbody",
					"pivot": [0, 50, -6],
					"cubes": [
						{"origin": [-1.7, 82.4, -11.8], "size": [3.4, 4.6, 4.2], "uv": [88, 168]},
						{"origin": [-1.7, 86.9, -11.5], "size": [3.4, 0.3, 0.2], "uv": [0, 0]},
						{"origin": [-1.7, 84.3, -7.4], "size": [3.4, 0.3, 0.2], "uv": [0, 0]},
						{"origin": [-1.7, 84.1, -7.6], "size": [3.4, 0.3, 0.2], "uv": [0, 0]},
						{"origin": [-1.7, 84.4, -11.3], "size": [3.4, 3, 4.2], "uv": [130, 102]},
						{"origin": [-2.7, 72.8, -10.8], "size": [5.4, 9.6, 2.2], "uv": [75, 0]},
						{"origin": [-4.1, 88.8, -63.8], "size": [1.4, 4.6, 2.2], "pivot": [-6, 14, -53], "rotation": [-40, 0, 0], "uv": [75, 0]},
						{"origin": [2.8, 88.8, -63.8], "size": [1.4, 4.6, 2.2], "pivot": [1, 14, -53], "rotation": [-40, 0, 0], "uv": [75, 0]},
						{"origin": [0.8, 69.8, -17.8], "size": [5.4, 4.6, 1.2], "uv": [0, 49]},
						{"origin": [-5.2, 69.8, -17.8], "size": [4.4, 3.6, 1.2], "uv": [0, 77]},
						{"origin": [-7.2, 65.8, -16.8], "size": [14.4, 9.6, 13.2], "uv": [48, 110]},
						{"origin": [-7.2, 75.4, -15.3], "size": [1.4, 1, 10.2], "uv": [96, 41]},
						{"origin": [5.8, 75.4, -15.3], "size": [1.4, 1, 10.2], "uv": [82, 51]},
						{"origin": [-7.2, 75.4, -5.1], "size": [14.4, 1, 1.2], "uv": [104, 104]},
						{"origin": [-7.2, 75.4, -16.5], "size": [14.4, 1, 1.2], "uv": [75, 15]},
						{"origin": [-6, 58.6, -15.6], "size": [12, 1.2, 13.2], "uv": [128, 71]},
						{"origin": [-6.6, 61.8, -12.8], "size": [1.2, 4.6, 4.2], "uv": [94, 52]},
						{"origin": [5.4, 61.8, -12.8], "size": [1.2, 4.6, 4.2], "uv": [71, 86]},
						{"origin": [-6.6, 59.8, -16.8], "size": [13.2, 3.6, 13.2], "uv": [104, 86]}
					]
				},
				{
					"name": "head2",
					"parent": "head",
					"pivot": [0, 50, -6],
					"cubes": [
						{"origin": [11.8, 74.2, -11.6], "size": [1, 1.2, 1.2], "uv": [0, 12]},
						{"origin": [-13.06, 74.2, -11.6], "size": [1, 1.2, 1.2], "uv": [0, 2]},
						{"origin": [-4, 78.6, -14], "size": [1.5, 1, 1.5], "uv": [0, 10]},
						{"origin": [2.5, 78.6, -14], "size": [1.5, 1, 1.5], "uv": [0, 0]},
						{"origin": [5.06, 73.6, -12], "size": [2.74, 2, 2], "uv": [66, 39]},
						{"origin": [-7.8, 73.6, -12], "size": [2.74, 2, 2], "uv": [10, 10]},
						{"origin": [-3.8, 73.8, -13.8], "size": [1, 5.6, 1], "uv": [66, 43]},
						{"origin": [2.8, 73.8, -13.8], "size": [1, 5.6, 1], "uv": [12, 49]},
						{"origin": [5.8, 74.3, -11.5], "size": [6.4, 1, 1], "uv": [0, 75]},
						{"origin": [-12.2, 74.3, -11.5], "size": [6.4, 1, 1], "uv": [68, 65]}
					]
				},
				{
					"name": "head3",
					"parent": "head",
					"pivot": [-54, 50, -6],
					"rotation": [0, 0, 47.5],
					"cubes": [
						{"origin": [-31.09249, 94.3, -16.5], "size": [2, 2, 1], "uv": [11, 94]},
						{"origin": [-25.01218, 100.9355, -16.5], "size": [2, 2, 1], "uv": [42, 92]},
						{"origin": [-27.03895, 98.72366, -16.5], "size": [2, 2, 1], "uv": [42, 89]},
						{"origin": [-29.06572, 96.51183, -16.5], "size": [2, 2, 1], "uv": [42, 86]},
						{"origin": [-32.62873, 97.52545, -16.5], "size": [2, 2, 1], "uv": [78, 78]},
						{"origin": [-27.8996, 102.68639, -16.5], "size": [2, 2, 1], "uv": [10, 77]},
						{"origin": [-30.60196, 99.73728, -16.5], "size": [2, 2, 1], "uv": [12, 0]}
					]
				},
				{
					"name": "leftarm3",
					"parent": "topbody",
					"pivot": [15, 61, 0]
				},
				{
					"name": "leftarm4",
					"parent": "leftarm3",
					"pivot": [15, 34, 0]
				},
				{
					"name": "rightarm",
					"parent": "topbody",
					"pivot": [-15, 63, 0],
					"cubes": [
						{"origin": [-27.4, 46.6, -6], "size": [12, 18, 12], "uv": [106, 41]},
						{"origin": [-27.204, 33.6, -6], "size": [11.804, 11.604, 11.604], "inflate": 0.01, "uv": [106, 41]},
						{"origin": [-17.4, 52.6, -5], "size": [8, 11, 10], "uv": [149, 0]},
						{"origin": [-26.202, 45.398, -4.802], "size": [10.804, 9.604, 9.604], "inflate": 0.01, "uv": [42, 86]}
					]
				},
				{
					"name": "bone",
					"parent": "rightarm",
					"pivot": [-15, 63, 0],
					"cubes": [
						{"origin": [-21.602, 28.8, -10.802], "size": [3.804, 5.604, 4.604], "inflate": 0.01, "pivot": [-110, 17, -3], "rotation": [-12.5, 0, 0], "uv": [0, 0]},
						{"origin": [-21.602, 25.60198, -7.75006], "size": [3.804, 4.604, 4.604], "inflate": 0.01, "pivot": [-17.798, 26.60198, -7.75006], "rotation": [5, 0, 0], "uv": [0, 0]},
						{"origin": [-15.196, 29.8, -4.802], "size": [-4.804, 5.604, 3.604], "inflate": 0.01, "pivot": [-20, 63, -2], "rotation": [0, 0, 17.5], "uv": [0, 0]},
						{"origin": [-15.196, 29.8, -0.802], "size": [-4.804, 5.604, 3.604], "inflate": 0.01, "pivot": [-20, 63, 2], "rotation": [0, 0, 17.5], "uv": [0, 0]},
						{"origin": [-15.196, 29.8, 3.198], "size": [-4.804, 5.604, 3.604], "inflate": 0.01, "pivot": [-20, 63, 6], "rotation": [0, 0, 17.5], "uv": [0, 0]},
						{"origin": [-27.98316, 23.58692, -4.802], "size": [-4.804, 7.604, 3.604], "inflate": 0.01, "pivot": [-32.78716, 63.33072, -4.802], "rotation": [0, 0, -5], "uv": [0, 0]},
						{"origin": [-27.98316, 23.58692, -0.802], "size": [-4.804, 7.604, 3.604], "inflate": 0.01, "pivot": [-32.78716, 63.33072, -0.802], "rotation": [0, 0, -5], "uv": [0, 0]},
						{"origin": [-27.98316, 23.58692, 3.198], "size": [-4.804, 7.604, 3.604], "inflate": 0.01, "pivot": [-32.78716, 63.33072, 3.198], "rotation": [0, 0, -5], "uv": [0, 0]}
					]
				},
				{
					"name": "rightleg",
					"parent": "zomboss",
					"pivot": [-6, 26, 0],
					"cubes": [
						{"origin": [-13.2, 19, -4.8], "size": [12, 13.2, 9.6], "uv": [81, 132]},
						{"origin": [-13.2, 22.6, -6.6], "size": [12, 2.4, 1], "uv": [133, 6]},
						{"origin": [-13.2, 21.4, -6], "size": [12, 2.4, 1], "uv": [133, 3]}
					]
				},
				{
					"name": "rightleg2",
					"parent": "rightleg",
					"pivot": [-6, 17, 0],
					"cubes": [
						{"origin": [-13.202, -0.002, -1.802], "size": [12.004, 2.004, 8.604], "inflate": 0.01, "uv": [48, 154]},
						{"origin": [-13.202, 0.89873, -16.91029], "size": [12.004, 2.004, 5.604], "inflate": 0.01, "pivot": [-7.2, 1.90073, -14.10829], "rotation": [-20, 0, 0], "uv": [106, 71]},
						{"origin": [-13.202, -0.002, -11.802], "size": [12.004, 2.004, 8.604], "inflate": 0.01, "uv": [66, 41]},
						{"origin": [-12.7, 1.79946, -16.39458], "size": [11.004, 2.004, 22.604], "inflate": 0.01, "uv": [62, 62]},
						{"origin": [-11.7, 3.79946, -16.39458], "size": [9.004, 4.004, 1.604], "inflate": 0.01, "uv": [0, 84]},
						{"origin": [-12.7, 3.79946, -15.39458], "size": [11.004, 4.004, 20.604], "inflate": 0.01, "uv": [0, 84]},
						{"origin": [-11.7, 7.79946, -15.39458], "size": [9.004, 1.004, 10.604], "inflate": 0.01, "uv": [154, 60]},
						{"origin": [-13.202, 6.998, -4.802], "size": [12.004, 12.004, 9.604], "inflate": 0.01, "uv": [123, 132]}
					]
				},
				{
					"name": "leftleg",
					"parent": "zomboss",
					"pivot": [6, 26, 0],
					"cubes": [
						{"origin": [1.2, 19, -5.4], "size": [12, 3.6, 10.8], "uv": [146, 112]},
						{"origin": [1.2, 22.6, -6.6], "size": [12, 2.4, 1], "uv": [133, 0]},
						{"origin": [-13.2, 19, -5.4], "size": [12, 3.6, 10.8], "uv": [142, 37]},
						{"origin": [1.2, 21.4, -6], "size": [12, 2.4, 1], "uv": [66, 51]},
						{"origin": [1.2, 19, -4.8], "size": [12, 13.2, 9.6], "uv": [39, 132]}
					]
				},
				{
					"name": "leftleg2",
					"parent": "leftleg",
					"pivot": [6, 17, 0],
					"cubes": [
						{"origin": [1.198, -0.002, -1.802], "size": [12.004, 2.004, 8.604], "inflate": 0.01, "uv": [154, 50]},
						{"origin": [1.198, 0.89873, -16.91029], "size": [12.004, 2.004, 5.604], "inflate": 0.01, "pivot": [7.2, 1.90073, -14.10829], "rotation": [-20, 0, 0], "uv": [0, 138]},
						{"origin": [1.198, -0.002, -11.802], "size": [12.004, 2.004, 8.604], "inflate": 0.01, "uv": [152, 154]},
						{"origin": [1.696, 1.79946, -16.39458], "size": [11.004, 2.004, 22.604], "inflate": 0.01, "uv": [72, 17]},
						{"origin": [2.696, 3.79946, -16.39458], "size": [9.004, 4.004, 1.604], "inflate": 0.01, "uv": [0, 89]},
						{"origin": [1.696, 3.79946, -15.39458], "size": [11.004, 4.004, 20.604], "inflate": 0.01, "uv": [62, 86]},
						{"origin": [2.696, 7.79946, -15.39458], "size": [9.004, 1.004, 10.604], "inflate": 0.01, "uv": [156, 125]},
						{"origin": [1.198, 6.998, -4.802], "size": [12.004, 12.004, 9.604], "inflate": 0.01, "uv": [0, 145]}
					]
				}
			]
		}
	]
}