{
	"format_version": "1.12.0",
	"minecraft:geometry": [
		{
			"description": {
				"identifier": "geometry.zomboss_dead",
				"texture_width": 208,
				"texture_height": 208,
				"visible_bounds_width": 8,
				"visible_bounds_height": 7,
				"visible_bounds_offset": [0, 2.5, 0]
			},
			"bones": [
				{
					"name": "zomboss",
					"pivot": [0, 7, 0]
				},
				{
					"name": "body",
					"parent": "zomboss",
					"pivot": [0, 26, 0],
					"cubes": [
						{"origin": [-11.33401, -1.4, -20.94783], "size": [25.2, 16.8, 10.8], "uv": [0, 39]},
						{"origin": [-10.13401, -0.2, -10.14783], "size": [22.8, 14.4, 1.2], "uv": [75, 0]}
					]
				},
				{
					"name": "topbody",
					"parent": "body",
					"pivot": [0, 38, 0],
					"cubes": [
						{"origin": [-13.13401, -2.6, -8.94783], "size": [28.8, 19.2, 20.4], "uv": [0, 0]},
						{"origin": [-7.13401, -3.6, 7.05217], "size": [16.8, 1.2, 4.4], "uv": [106, 78]},
						{"origin": [-11.93401, -1.4, 11.45217], "size": [26.4, 16.8, 3.6], "uv": [0, 65]},
						{"origin": [-10.73401, -1.4, 15.05217], "size": [3.6, 16.8, 1.2], "uv": [26, 154]},
						{"origin": [9.66599, -2, 12.65217], "size": [3.6, 1.2, 1.2], "uv": [85, 17]},
						{"origin": [-10.73401, -2, 12.85217], "size": [3.6, 1.2, 1.2], "uv": [85, 17]},
						{"origin": [9.66599, -1.4, 15.05217], "size": [3.6, 16.8, 1.2], "uv": [149, 137]},
						{"origin": [9.06599, 13, 15.05217], "size": [4.8, 1.2, 1.56], "uv": [62, 104]},
						{"origin": [-11.33401, 13, 15.05217], "size": [4.8, 1.2, 1.56], "uv": [62, 104]},
						{"origin": [-11.33401, 11, 15.05217], "size": [4.8, 1.2, 1.56], "uv": [62, 104]},
						{"origin": [-11.33401, 9, 15.05217], "size": [4.8, 1.2, 1.56], "uv": [62, 104]},
						{"origin": [-11.33401, 7, 15.05217], "size": [4.8, 1.2, 1.56], "uv": [62, 104]},
						{"origin": [-11.33401, 5, 15.05217], "size": [4.8, 1.2, 1.56], "uv": [62, 104]},
						{"origin": [-11.33401, 3, 15.05217], "size": [4.8, 1.2, 1.56], "uv": [62, 104]},
						{"origin": [-11.33401, 1, 15.05217], "size": [4.8, 1.2, 1.56], "uv": [62, 104]},
						{"origin": [-11.33401, -1.4, 15.05217], "size": [4.8, 1.2, 1.56], "uv": [62, 104]},
						{"origin": [9.06599, 10.6, 15.05217], "size": [4.8, 1.2, 1.56], "uv": [52, 84]},
						{"origin": [9.06599, 8.2, 15.05217], "size": [4.8, 1.2, 1.56], "uv": [42, 84]},
						{"origin": [9.06599, 5.8, 15.05217], "size": [4.8, 1.2, 1.56], "uv": [82, 58]},
						{"origin": [9.06599, 3.4, 15.05217], "size": [4.8, 1.2, 1.56], "uv": [82, 56]},
						{"origin": [9.06599, 1, 15.05217], "size": [4.8, 1.2, 1.56], "uv": [82, 54]},
						{"origin": [9.06599, -1.4, 15.05217], "size": [4.8, 1.2, 1.56], "uv": [68, 78]},
						{"origin": [9.06599, -2.6, 13.85217], "size": [4.8, 1.2, 1.56], "uv": [75, 17]},
						{"origin": [-11.33401, -2.6, 13.85217], "size": [4.8, 1.2, 1.56], "uv": [75, 17]},
						{"origin": [-11.33401, -2.6, 11.55217], "size": [4.8, 1.2, 1.56], "uv": [75, 17]},
						{"origin": [9.06599, -2.6, 11.45217], "size": [4.8, 1.2, 1.56], "uv": [75, 11]}
					]
				},
				{
					"name": "leftarm",
					"parent": "topbody",
					"pivot": [38, 61, 8],
					"rotation": [-180, -7.5, 180],
					"cubes": [
						{"origin": [39.06599, 0, 2.65217], "size": [12, 12, 18], "uv": [0, 108]},
						{"origin": [39.26199, 0, -10.34783], "size": [11.804, 11.604, 11.604], "inflate": 0.01, "uv": [0, 108]},
						{"origin": [36.66599, 1, 9.65217], "size": [11, 10, 10], "uv": [146, 92]}
					]
				},
				{
					"name": "leftarm2",
					"parent": "leftarm",
					"pivot": [38, 34, 8],
					"cubes": [
						{"origin": [39.16199, 1.198, 1.45017], "size": [10.804, 9.604, 8.404], "inflate": 0.01, "uv": [114, 153]},
						{"origin": [41.66399, -1.802, -14.14783], "size": [3.804, 4.604, 5.604], "inflate": 0.01, "pivot": [43.56599, 1.5, -11.34583], "rotation": [12.5, 0, 0], "uv": [72, 132]},
						{"origin": [41.66399, -1.98881, -17.98685], "size": [3.804, 4.604, 4.604], "inflate": 0.01, "pivot": [43.56599, 1.31319, -17.68485], "rotation": [-5, 0, 0], "uv": [166, 166]},
						{"origin": [48.66399, 1.198, -14.14783], "size": [4.804, 3.604, 5.604], "inflate": 0.01, "pivot": [51.06599, 4, -11.34583], "rotation": [0, 0, -17.5], "uv": [14, 168]},
						{"origin": [48.66399, 5.198, -14.14783], "size": [4.804, 3.604, 5.604], "inflate": 0.01, "pivot": [51.06599, 8, -11.34583], "rotation": [0, 0, -17.5], "uv": [0, 166]},
						{"origin": [48.66399, 9.198, -14.14783], "size": [4.804, 3.604, 5.604], "inflate": 0.01, "pivot": [51.06599, 12, -11.34583], "rotation": [0, 0, -17.5], "uv": [165, 71]},
						{"origin": [49.07488, 1.198, -20.69165], "size": [4.804, 3.604, 7.604], "inflate": 0.01, "pivot": [51.47688, 4, -16.88965], "rotation": [0, 0, 5], "uv": [99, 161]},
						{"origin": [49.07488, 5.198, -20.69165], "size": [4.804, 3.604, 7.604], "inflate": 0.01, "pivot": [51.47688, 8, -16.88965], "rotation": [0, 0, 5], "uv": [160, 21]},
						{"origin": [49.07488, 9.198, -20.69165], "size": [4.804, 3.604, 7.604], "inflate": 0.01, "pivot": [51.47688, 12, -16.88965], "rotation": [0, 0, 5], "uv": [88, 154]},
						{"origin": [42.66399, 10.198, -15.14783], "size": [4.804, 4.604, 6.604], "inflate": 0.01, "pivot": [45.06599, 13.5, -11.84583], "rotation": [-15, 0, 0], "uv": [68, 68]},
						{"origin": [42.66399, 10.56391, -20.73048], "size": [4.804, 4.604, 6.604], "inflate": 0.01, "pivot": [45.06599, 13.86591, -17.42848], "rotation": [7.5, 0, 0], "uv": [0, 65]}
					]
				},
				{
					"name": "head",
					"parent": "topbody",
					"pivot": [0, -2, -13],
					"rotation": [87.5, 0, 0],
					"cubes": [
						{"origin": [2.06599, -62.8, -1.14783], "size": [5.4, 1.2, 4.6], "uv": [0, 49]},
						{"origin": [-3.93401, -62.8, -1.14783], "size": [4.4, 1.2, 3.6], "uv": [0, 77]},
						{"origin": [-5.93401, -61.8, -5.14783], "size": [14.4, 13.2, 9.6], "uv": [48, 110]},
						{"origin": [-5.93401, -60.3, 4.45217], "size": [1.4, 10.2, 1], "uv": [96, 41]},
						{"origin": [7.06599, -60.3, 4.45217], "size": [1.4, 10.2, 1], "uv": [82, 51]},
						{"origin": [-5.93401, -50.1, 4.45217], "size": [14.4, 1.2, 1], "uv": [104, 104]},
						{"origin": [-5.93401, -61.5, 4.45217], "size": [14.4, 1.2, 1], "uv": [75, 15]},
						{"origin": [-4.73401, -60.6, -12.34783], "size": [12, 13.2, 1.2], "uv": [128, 71]},
						{"origin": [-5.33401, -57.8, -9.14783], "size": [1.2, 4.2, 4.6], "uv": [94, 52]},
						{"origin": [6.66599, -57.8, -9.14783], "size": [1.2, 4.2, 4.6], "uv": [71, 86]},
						{"origin": [-5.33401, -61.8, -11.14783], "size": [13.2, 13.2, 3.6], "uv": [104, 86]}
					]
				},
				{
					"name": "head2",
					"parent": "head",
					"pivot": [0, -2, -13],
					"cubes": [
						{"origin": [-11.79401, -56.6, 3.25217], "size": [1, 1.2, 1.2], "uv": [0, 2]},
						{"origin": [-2.73401, -59, 7.65217], "size": [1.5, 1.5, 1], "uv": [0, 10]},
						{"origin": [3.76599, -59, 7.65217], "size": [1.5, 1.5, 1], "uv": [0, 0]},
						{"origin": [-6.53401, -57, 2.65217], "size": [2.74, 2, 2], "uv": [10, 10]},
						{"origin": [-2.53401, -58.8, 2.85217], "size": [1, 1, 5.6], "uv": [66, 43]},
						{"origin": [4.06599, -58.8, 2.85217], "size": [1, 1, 5.6], "uv": [12, 49]},
						{"origin": [-10.93401, -56.5, 3.35217], "size": [6.4, 1, 1], "uv": [68, 65]}
					]
				},
				{
					"name": "head3",
					"parent": "head",
					"pivot": [-54, -2, -13],
					"rotation": [0, 0, 47.5]
				},
				{
					"name": "leftarm3",
					"parent": "topbody",
					"pivot": [15, 61, 0]
				},
				{
					"name": "leftarm4",
					"parent": "leftarm3",
					"pivot": [15, 34, 0]
				},
				{
					"name": "rightarm",
					"parent": "topbody",
					"pivot": [-15, 63, 0],
					"cubes": [
						{"origin": [-26.13401, 1, -5.34783], "size": [12, 12, 18], "pivot": [1.26599, 7, -51.94783], "rotation": [0, -7.5, 0], "uv": [106, 41]},
						{"origin": [-27.93801, 1, -22.34783], "size": [11.804, 11.604, 11.604], "inflate": 0.01, "uv": [106, 41]},
						{"origin": [-16.13401, 2, 0.65217], "size": [8, 10, 11], "uv": [149, 0]},
						{"origin": [-24.93601, 2.198, -6.54983], "size": [10.804, 9.604, 9.604], "inflate": 0.01, "uv": [42, 86]}
					]
				},
				{
					"name": "bone",
					"parent": "rightarm",
					"pivot": [-15, 63, 0],
					"cubes": [
						{"origin": [-20.33601, -3.802, -23.14783], "size": [3.804, 4.604, 5.604], "inflate": 0.01, "pivot": [-108.73401, 4, -34.94783], "rotation": [12.5, 0, 0], "uv": [0, 0]},
						{"origin": [-20.33601, -0.75006, -26.34585], "size": [3.804, 4.604, 4.604], "inflate": 0.01, "pivot": [-16.53201, -0.75006, -25.34585], "rotation": [-5, 0, 0], "uv": [0, 0]},
						{"origin": [-13.93001, 2.198, -22.14783], "size": [-4.804, 3.604, 5.604], "inflate": 0.01, "pivot": [-18.73401, 5, 11.05217], "rotation": [0, 0, 17.5], "uv": [0, 0]},
						{"origin": [-13.93001, 6.198, -22.14783], "size": [-4.804, 3.604, 5.604], "inflate": 0.01, "pivot": [-18.73401, 9, 11.05217], "rotation": [0, 0, 17.5], "uv": [0, 0]},
						{"origin": [-13.93001, 10.198, -22.14783], "size": [-4.804, 3.604, 5.604], "inflate": 0.01, "pivot": [-18.73401, 13, 11.05217], "rotation": [0, 0, 17.5], "uv": [0, 0]},
						{"origin": [-26.71717, 2.198, -28.36091], "size": [-4.804, 3.604, 7.604], "inflate": 0.01, "pivot": [-31.52117, 2.198, 11.38289], "rotation": [0, 0, -5], "uv": [0, 0]},
						{"origin": [-26.71717, 6.198, -28.36091], "size": [-4.804, 3.604, 7.604], "inflate": 0.01, "pivot": [-31.52117, 6.198, 11.38289], "rotation": [0, 0, -5], "uv": [0, 0]},
						{"origin": [-26.71717, 10.198, -28.36091], "size": [-4.804, 3.604, 7.604], "inflate": 0.01, "pivot": [-31.52117, 10.198, 11.38289], "rotation": [0, 0, -5], "uv": [0, 0]}
					]
				},
				{
					"name": "rightleg",
					"parent": "zomboss",
					"pivot": [-6, 26, -19],
					"rotation": [0, 15, 0],
					"cubes": [
						{"origin": [-11.93401, 2.2, -51.94783], "size": [12, 9.6, 13.2], "uv": [81, 132]},
						{"origin": [-11.93401, 0.4, -48.34783], "size": [12, 1, 2.4], "uv": [133, 6]},
						{"origin": [-11.93401, 1, -49.54783], "size": [12, 1, 2.4], "uv": [133, 3]}
					]
				},
				{
					"name": "rightleg2",
					"parent": "rightleg",
					"pivot": [-6, 17, -19],
					"cubes": [
						{"origin": [-11.93601, 5.198, -70.94983], "size": [12.004, 8.604, 2.004], "inflate": 0.01, "uv": [48, 154]},
						{"origin": [-11.93601, -9.91029, -70.0491], "size": [12.004, 5.604, 2.004], "inflate": 0.01, "pivot": [-5.93401, -7.10829, -69.0471], "rotation": [20, 0, 0], "uv": [106, 71]},
						{"origin": [-11.93601, -4.802, -70.94983], "size": [12.004, 8.604, 2.004], "inflate": 0.01, "uv": [66, 41]},
						{"origin": [-11.43401, -9.39458, -69.14837], "size": [11.004, 22.604, 2.004], "inflate": 0.01, "uv": [62, 62]},
						{"origin": [-10.43401, -9.39458, -67.14837], "size": [9.004, 1.604, 4.004], "inflate": 0.01, "uv": [0, 84]},
						{"origin": [-11.43401, -8.39458, -67.14837], "size": [11.004, 20.604, 4.004], "inflate": 0.01, "uv": [0, 84]},
						{"origin": [-10.43401, -8.39458, -63.14837], "size": [9.004, 10.604, 1.004], "inflate": 0.01, "uv": [154, 60]},
						{"origin": [-11.93601, 2.198, -63.94983], "size": [12.004, 9.604, 12.004], "inflate": 0.01, "uv": [123, 132]}
					]
				},
				{
					"name": "leftleg",
					"parent": "zomboss",
					"pivot": [6, 26, 0],
					"cubes": [
						{"origin": [2.46599, 1.6, -32.94783], "size": [12, 10.8, 3.6], "uv": [146, 112]},
						{"origin": [2.46599, 0.4, -29.34783], "size": [12, 1, 2.4], "uv": [133, 0]},
						{"origin": [-11.93401, 1.6, -32.94783], "size": [12, 10.8, 3.6], "uv": [142, 37]},
						{"origin": [2.46599, 1, -30.54783], "size": [12, 1, 2.4], "uv": [66, 51]},
						{"origin": [2.46599, 2.2, -32.94783], "size": [12, 9.6, 13.2], "uv": [39, 132]}
					]
				},
				{
					"name": "leftleg2",
					"parent": "leftleg",
					"pivot": [6, 17, 0],
					"cubes": [
						{"origin": [2.46399, 5.198, -51.94983], "size": [12.004, 8.604, 2.004], "inflate": 0.01, "uv": [154, 50]},
						{"origin": [2.46399, -9.91029, -51.0491], "size": [12.004, 5.604, 2.004], "inflate": 0.01, "pivot": [8.46599, -7.10829, -50.0471], "rotation": [20, 0, 0], "uv": [0, 138]},
						{"origin": [2.46399, -4.802, -51.94983], "size": [12.004, 8.604, 2.004], "inflate": 0.01, "uv": [152, 154]},
						{"origin": [2.96199, -9.39458, -50.14837], "size": [11.004, 22.604, 2.004], "inflate": 0.01, "uv": [72, 17]},
						{"origin": [3.96199, -9.39458, -48.14837], "size": [9.004, 1.604, 4.004], "inflate": 0.01, "uv": [0, 89]},
						{"origin": [2.96199, -8.39458, -48.14837], "size": [11.004, 20.604, 4.004], "inflate": 0.01, "uv": [62, 86]},
						{"origin": [3.96199, -8.39458, -44.14837], "size": [9.004, 10.604, 1.004], "inflate": 0.01, "uv": [156, 125]},
						{"origin": [2.46399, 2.198, -44.94983], "size": [12.004, 9.604, 12.004], "inflate": 0.01, "uv": [0, 145]}
					]
				}
			]
		}
	]
}