{
	"format_version": "1.12.0",
	"minecraft:geometry": [
		{
			"description": {
				"identifier": "geometry.zomboni",
				"texture_width": 128,
				"texture_height": 128,
				"visible_bounds_width": 4,
				"visible_bounds_height": 3,
				"visible_bounds_offset": [0, 0, 0]
			},
			"bones": [
				{
					"name": "zomboni",
					"pivot": [0, 15, 6],
					"rotation": [-15, 0, 0]
				},
				{
					"name": "body",
					"parent": "zomboni",
					"pivot": [0, 27, 14],
					"rotation": [-0.5, 0, 0],
					"cubes": [
						{"origin": [-4, 15, 15], "size": [8, 12, 4], "pivot": [0, 3, 14], "rotation": [15, 0, 0], "uv": [62, 81]},
						{"origin": [-3.8, 15, 14], "size": [7.6, 10, 4], "pivot": [0, 3, 14], "rotation": [15, 0, 0], "uv": [86, 0]},
						{"origin": [-3.8, 15, 13.4], "size": [7.6, 7.9, 1], "pivot": [0, 3, 14], "rotation": [15, 0, 0], "uv": [105, 60]},
						{"origin": [-3.8, 15, 18.9], "size": [7.6, 10.4, 1], "pivot": [0, 3, 14], "rotation": [15, 0, 0], "uv": [65, 97]},
						{"origin": [-3.8, 15, 20.5], "size": [7.6, 7.4, 1], "pivot": [0, 3, 14], "rotation": [15, 0, 0], "uv": [103, 27]},
						{"origin": [-0.1, -1.2, 5], "size": [4, 12.2, 3.3], "pivot": [0, 5, 14], "rotation": [-77, 0, 0], "uv": [51, 95]},
						{"origin": [-4.1, -1.2, 5], "size": [4, 12.2, 3.3], "pivot": [0, 5, 14], "rotation": [-77, 0, 0], "uv": [37, 95]},
						{"origin": [-3.8, 14, 13.9], "size": [7.6, 1, 7], "pivot": [0, 3, 14], "rotation": [15, 0, 0], "uv": [71, 37]},
						{"origin": [-3.8, 15, 19.9], "size": [7.6, 9.4, 1], "pivot": [0, 3, 14], "rotation": [15, 0, 0], "uv": [81, 97]},
						{"origin": [4, 15.6, 10], "size": [4, 10, 4], "uv": [0, 0]},
						{"origin": [-8, 17, 10], "size": [4, 9, 4], "uv": [0, 29]}
					]
				},
				{
					"name": "rightArm",
					"parent": "body",
					"pivot": [-5, 25, 14],
					"rotation": [-30, 0, 0],
					"cubes": [
						{"origin": [-7.9, 13, 20.5], "size": [3.7, 10, 3.5], "pivot": [-5, 25, 14], "rotation": [-50, 0, 0], "uv": [0, 98]}
					]
				},
				{
					"name": "leftArm",
					"parent": "body",
					"pivot": [5, 25, 14],
					"rotation": [-25, 0, 0],
					"mirror": true,
					"cubes": [
						{"origin": [4.1, 12, 20.5], "size": [3.7, 10, 3.5], "pivot": [-5, 25, 14], "rotation": [-50, 0, 0], "uv": [97, 97], "mirror": false}
					]
				},
				{
					"name": "rightLeg",
					"parent": "body",
					"pivot": [-1.9, 15, 17],
					"rotation": [-65, 0, 0],
					"cubes": [
						{"origin": [-4.1, 3.7, 17.7], "size": [4, 4.3, 4.9], "pivot": [0, 3, 14], "rotation": [-13, 0, 0], "uv": [46, 10]},
						{"origin": [-4.2, 2.7, 21.4], "size": [4.1, 5.4, 1.2], "pivot": [0, 3, 14], "rotation": [-13, 0, 0], "uv": [35, 61]}
					]
				},
				{
					"name": "leftLeg",
					"parent": "body",
					"pivot": [1.9, 17, 14],
					"rotation": [-70, 0, 0],
					"mirror": true,
					"cubes": [
						{"origin": [-0.1, 6.6, 22.1], "size": [4.2, 5.5, 1.2], "pivot": [0, 5, 14], "rotation": [-7, 0, 0], "uv": [0, 58], "mirror": false},
						{"origin": [-0.1, 7.8, 18.4], "size": [4, 4.2, 3.9], "pivot": [0, 5, 14], "rotation": [-7, 0, 0], "uv": [105, 86], "mirror": false},
						{"origin": [-0.1, 7.8, 19.3], "size": [4, 4.2, 0], "pivot": [0, 5, 14], "rotation": [-7, 0, 0], "uv": [46, 0], "mirror": false}
					]
				},
				{
					"name": "head",
					"parent": "zomboni",
					"pivot": [0, 27, 14],
					"cubes": [
						{"origin": [-4, 27, 10], "size": [8, 8, 8], "pivot": [0, 3, 14], "rotation": [10, 0, 0], "uv": [0, 71]}
					]
				},
				{
					"name": "hat",
					"parent": "head",
					"pivot": [0, 29, 14],
					"cubes": [
						{"origin": [-3, 35, 6], "size": [6, 1.9, 1.2], "pivot": [0, 29, 14], "rotation": [7, 0, 0], "uv": [44, 44]},
						{"origin": [-3, 34, 6], "size": [6, 4, 7], "pivot": [0, 29, 14], "rotation": [7, 0, 0], "uv": [86, 86]},
						{"origin": [-3.2, 35, 5], "size": [6.4, 1.3, 2], "pivot": [0, 29, 14], "rotation": [7, 0, 0], "uv": [0, 42]},
						{"origin": [-4.2, 34.5, 4.1], "size": [8.4, 1.3, 10], "pivot": [0, 29, 14], "rotation": [7, 0, 0], "uv": [64, 70]},
						{"origin": [-2, 34.4, 5.7], "size": [4, 4, 7.4], "pivot": [0, 29, 14], "rotation": [7, 0, 0], "uv": [0, 87]},
						{"origin": [-3.8, 35, 6], "size": [1, 1, 7], "pivot": [0, 29, 14], "rotation": [7, 0, 0], "uv": [12, 100]},
						{"origin": [-4.5, 34.00548, 4.10453], "size": [9, 1, 10], "pivot": [0, 29, 14], "rotation": [7, 0, 0], "uv": [36, 69]},
						{"origin": [3, 35, 6], "size": [1, 1, 7], "pivot": [0, 29, 14], "rotation": [7, 0, 0], "uv": [99, 78]},
						{"origin": [-1.4, 36.5, 9.5], "size": [3, 3, 3], "pivot": [0, 29, 14], "rotation": [-3, 0, 0], "uv": [106, 53]}
					]
				},
				{
					"name": "car",
					"parent": "zomboni",
					"pivot": [0, 27, 14],
					"cubes": [
						{"origin": [-6, 10, 6], "size": [12, 2, 11], "pivot": [0, 27, 14], "rotation": [15, 0, 0], "uv": [0, 58]},
						{"origin": [-6, 10, 15.99448], "size": [12, 12, 3], "pivot": [0, 27, 14], "rotation": [12.5, 0, 0], "uv": [32, 80]},
						{"origin": [-3, 8, 7], "size": [6, 2, 5], "pivot": [0, 27, 14], "rotation": [15, 0, 0], "uv": [24, 71]},
						{"origin": [-2, 7, 5], "size": [4, 2, 4], "pivot": [0, 27, 14], "rotation": [15, 0, 0], "uv": [21, 100]},
						{"origin": [-2, 9.3, 10.5], "size": [4, 2, 7], "pivot": [0, 27, 14], "rotation": [15, 0, 0], "uv": [15, 91]},
						{"origin": [-5.9, 7, 6.3], "size": [11.8, 6, 1.7], "pivot": [0, 27, 14], "rotation": [15, 0, 0], "uv": [90, 69]},
						{"origin": [-5.9, 7, -0.7], "size": [11.6, 13.7, 0.7], "pivot": [0, 27, 14], "rotation": [15, 0, 0], "uv": [86, 14]},
						{"origin": [-6.7, 4.7, -18.7], "size": [13.3, 7.9, 18.1], "pivot": [0, 27, 14], "rotation": [15, 0, 0], "uv": [0, 29]},
						{"origin": [4.4, 2.8, -5.7], "size": [2.9, 4, 4.1], "pivot": [0, 27, 14], "rotation": [15, 0, 0], "uv": [77, 107]},
						{"origin": [-7.7, 3.8, -4.7], "size": [15.2, 2, 2.1], "pivot": [0, 27, 14], "rotation": [15, 0, 0], "uv": [44, 40]},
						{"origin": [-7.7, 3.8, -16.7], "size": [15.2, 2, 2.1], "pivot": [0, 27, 14], "rotation": [15, 0, 0], "uv": [44, 36]},
						{"origin": [0.7, 3.8, -16.7], "size": [6.8, 2, 2.1], "pivot": [0, 27, 14], "rotation": [15, 0, 0], "uv": [0, 14]},
						{"origin": [4.1, 2.7, -17.7], "size": [3.1, 4, 4.1], "pivot": [0, 27, 14], "rotation": [15, 0, 0], "uv": [106, 42]},
						{"origin": [-7.5, 2.7, -17.7], "size": [3.1, 4, 4.1], "pivot": [0, 27, 14], "rotation": [15, 0, 0], "uv": [105, 106]},
						{"origin": [-7.5, 2.7, -5.7], "size": [3.1, 4, 4.1], "pivot": [0, 27, 14], "rotation": [15, 0, 0], "uv": [24, 106]},
						{"origin": [2.1, 4.5, -15.9], "size": [5.5, 0.5, 0.5], "pivot": [0, 27, 14], "rotation": [15, 0, 0], "uv": [10, 125]},
						{"origin": [-7.9, 4.5, -3.9], "size": [5.5, 0.5, 0.5], "pivot": [0, 27, 14], "rotation": [15, 0, 0], "uv": [10, 126]},
						{"origin": [-7.9, 4.5, -15.9], "size": [5.5, 0.5, 0.5], "pivot": [0, 27, 14], "rotation": [15, 0, 0], "uv": [10, 126]},
						{"origin": [2.1, 4.5, -3.9], "size": [5.5, 0.5, 0.5], "pivot": [0, 27, 14], "rotation": [15, 0, 0], "uv": [10, 126]},
						{"origin": [-7.1, 10.20616, -16.68294], "size": [13.8, 7, 17.9], "pivot": [0, 22, 0], "rotation": [5, 0, 0], "uv": [45, 45]},
						{"origin": [-7.3, 5.80616, -17.68294], "size": [14.2, 11.4, 18.5], "pivot": [0, 22, 0], "rotation": [10, 0, 0], "uv": [0, 0]},
						{"origin": [-5.9, 10.20616, -17.88294], "size": [11.6, 7, 17.7], "pivot": [0, 22, 0], "rotation": [15, 0, 0], "uv": [47, 12]},
						{"origin": [-0.9, 5, 3.3], "size": [1.8, 5, 1.7], "pivot": [0, 27, 14], "rotation": [15, 0, 0], "uv": [55, 54]},
						{"origin": [-0.9, 3, -10.7], "size": [1.8, 5, 1.7], "pivot": [0, 27, 14], "rotation": [15, 0, 0], "uv": [35, 54]},
						{"origin": [-5.1, 2.6, -11.9], "size": [10.6, 0.4, 4.2], "pivot": [0, 27, 14], "rotation": [15, 0, 0], "uv": [41, 122]},
						{"origin": [-4.9, 3, -11.7], "size": [9.8, 1, 3.7], "pivot": [0, 27, 14], "rotation": [15, 0, 0], "uv": [82, 81]},
						{"origin": [-5.9, 5.7, -1.7], "size": [11.8, 1.3, 9.7], "pivot": [0, 27, 14], "rotation": [15, 0, 0], "uv": [46, 0]},
						{"origin": [-2.9, 4, 1.3], "size": [5.8, 1, 5.7], "pivot": [0, 27, 14], "rotation": [15, 0, 0], "uv": [92, 36]},
						{"origin": [-3.2, 3.6, 1.2], "size": [6.3, 1, 6], "pivot": [0, 27, 14], "rotation": [15, 0, 0], "uv": [88, 53]},
						{"origin": [-3.3, 2.4, 1.1], "size": [6.6, 2, 6.4], "pivot": [0, 27, 14], "rotation": [15, 0, 0], "uv": [88, 45]},
						{"origin": [-3.8, 2.7, 0.8], "size": [7.5, 1.1, 6.9], "pivot": [0, 27, 14], "rotation": [15, 0, 0], "uv": [35, 54]},
						{"origin": [-6.3, 10.6, 6.7], "size": [12.6, 0.7, 0.7], "pivot": [0, 27, 14], "rotation": [15, 0, 0], "uv": [12, 70]},
						{"origin": [-6.3, 6, 6.7], "size": [12.6, 0.7, 0.7], "pivot": [0, 27, 14], "rotation": [15, 0, 0], "uv": [11, 70]}
					]
				}
			]
		}
	]
}