{
  "format_version": "1.8.0",
  "minecraft:entity": {
    "description": {
      "identifier": "pvz:anubis_zombie",
      "is_spawnable": true,
      "is_summonable": true,
      "is_experimental": false,
      "runtime_identifier": "minecraft:zombie"
    },
    "components": {
      "minecraft:nameable": {
      },
      "minecraft:breathable": {
        "totalSupply": 15,
        "suffocateTime": 0,
        "breathesWater": true
      },
      "minecraft:health": {
        "value": 40,
        "max": 40
      },
      "minecraft:collision_box": {
        "width": 0.6,
        "height": 2.0
      },
      "minecraft:attack": {
        "damage": 3
      },
      "minecraft:loot": {
        "table": "loot_tables/entities/zombie.json"
      },
      "minecraft:equipment": {
      },
      "minecraft:movement": {
        "value": 0.16
      },
      "minecraft:navigation.walk": {
        "is_amphibious": true,
        "avoid_sun": false,
        "avoid_water": true
      },
      "minecraft:movement.basic": {
      },
      "minecraft:jump.static": {
      },
      "minecraft:can_climb": {
      },
      "minecraft:scale": {
        "value": 1.0
		},
      "minecraft:damage_sensor": [
        {
          "on_damage": {
            "filters": {
              "test": "is_family",
              "subject": "other",
              "value": "monster"
            }
          },
          "deals_damage": false
        }
      ],
      "minecraft:fire_immune": false,
      "minecraft:behavior.hurt_by_target": {
        "priority": 1
      },
    "minecraft:knockback_resistance": {
        "value": 1
      },
 "minecraft:behavior.nearest_attackable_target": {
        "priority": 4,
        "within_radius": 80,
        "reselect_targets": true,
        "entity_types": [
          {
            "filters": { 
                "any_of": [
                  { "test" : "is_family", "subject" : "other", "value" : "player"},
                  { "test" : "is_family", "subject" : "other", "value" : "villager"},
                  { "test" : "is_family", "subject" : "other", "value" : "wandering_trader"},
				  { "test" : "is_family", "subject" : "other", "value" : "irongolem"}
                ]
            },
            "max_dist": 80
          }
        ],
        "must_see": true,
        "must_see_forget_duration": 17.0
      },
			"minecraft:behavior.ranged_attack": {
				"priority": 1,
				"attack_interval_min": 1,
				"attack_interval_max": 3,
				"attack_radius": 10
			},
      "minecraft:behavior.melee_attack": {
        "priority": 4,
        "track_target": false
      },
      "minecraft:behavior.random_stroll": {
        "priority": 5,
        "speed_multiplier": 1
      },
          "minecraft:behavior.take_flower":{
          "priority": 4
        },
			"minecraft:shooter": {
				"def": "pvz:bones"
			},
      "minecraft:behavior.look_at_player": {
        "priority": 6,
        "look_distance": 8
      },
      "minecraft:behavior.random_look_around": {
        "priority": 6
      },
      "minecraft:type_family": {
        "family": [ "monster", "undead" ]
      },
      "minecraft:physics": {
      }
    },
    "events": {
      "minecraft:entity_spawned": {
      }
    }
  }
}