{
	"format_version": "1.8.0",
	"minecraft:entity": {
		"description": {
			"identifier": "pvz:cold_snapdragon",
			"is_spawnable": true,
			"is_summonable": true,
			"is_experimental": false
		},
		"component_groups": {
			"minecraft:shoot": {
				"minecraft:spawn_entity": [{
					"min_wait_time": 1,
					"max_wait_time": 1,
					"spawn_entity": "pvz:ice_spike",
					"spawn_event": "minecraft:snapdragon",
					"num_to_spawn": 3,
            "causes_fire": true,
					"single_use": false
				}]
			},
			"minecraft:nonshoot": {}
		},
		"components": {
			"minecraft:health": {
				"value": 20,
				"max": 30
			},
			"minecraft:nameable": {},
			"minecraft:pushable": {
				"is_pushable": false,
				"is_pushable_by_piston": false
			},
			"minecraft:collision_box": {
				"width": 0.45,
				"height": 0.2
			},
			"minecraft:spell_effects": {
				"add_effects": [{
					"effect": "slowness",
					"amplifier": 50,
					"visible": false,
					"duration": 10
				}]
			},
			"minecraft:breathable": {
				"total_supply": 15,
				"suffocate_time": 0,
				"breathes_water": false,
				"breathes_air": true
			},
			"minecraft:attack": {
				"damage": 9,
				"effect_name": "poison",
				"effect_duration": 10
			},
			"minecraft:variant": {
				"value": 3
			},
			"minecraft:navigation.walk": {
				"avoid_water": true,
				"can_float": true,
				"can_open_doors": true,
				"can_pass_doors": true,
				"can_path_over_water": true
			},
			"minecraft:movement": {
				"value": 0
			},
			"minecraft:knockback_resistance": {
				"value": 1
			},
			"minecraft:movement.basic": {},
			"minecraft:jump.static": {},
			"minecraft:can_climb": {},
			"minecraft:scale": {
				"value": 0.9
			},
			"minecraft:damage_sensor": [{
				"on_damage": {
					"filters": {
						"test": "is_family",
						"subject": "other",
						"value": "villager"
					}
				},
				"deals_damage": false
			}],
			"minecraft:fire_immune": false,
			"minecraft:behavior.hurt_by_target": {
				"priority": 1
			},
			"minecraft:behavior.nearest_attackable_target": {
				"priority": 2,
				"within_radius": 10,
				"reselect_targets": true,
				"entity_types": [{
					"filters": {
						"any_of": [{
							"test": "is_family",
							"subject": "other",
							"value": "monster"
						}]
					},
					"max_dist": 10
				}],
				"must_see": true,
				"must_see_forget_duration": 17.0
			},
			"minecraft:behavior.ranged_attack": {
				"priority": 1,
				"attack_interval_min": 1,
				"attack_interval_max": 1,
				"attack_radius": 10
			},
			"minecraft:behavior.melee_attack": {
				"priority": 2,
				"target_dist": 1.2,
				"speed_multiplier": 2,
				"track_target": true
			},
			"minecraft:behavior.random_stroll": {
				"priority": 3,
				"speed_multiplier": 1.2
			},
			"minecraft:shooter": {
				"def": "pvz:ice_spike"
			},
			"minecraft:behavior.look_at_player": {
				"priority": 7,
				"look_distance": 70
			},
			"minecraft:behavior.random_look_around": {
				"priority": 4
			},
			"minecraft:type_family": {
				"family": [
					"villager","player","plant"
				]
			},
			"minecraft:on_target_escape": {
				"event": "minecraft:nonshoot",
				"target": "self"
			},
			"minecraft:physics": {}
		},
		"events": {
			"minecraft:shoot": {
				"add": {
					"component_groups": [
						"minecraft:shoot"
					]
				},
				"remove": {
					"component_groups": [
						"minecraft:nonshoot"
					]
				}
			},
			"minecraft:nonshoot": {
				"add": {
					"component_groups": [
						"minecraft:nonshoot"
					]
				},
				"remove": {
					"component_groups": [
						"minecraft:shoot"
					]
				}
			}
		}
	}
}