{
  "format_version": "1.8.0",
  "minecraft:entity": {
    "description": {
      "scripts": {
        "animate": [
          "poison_explosion"
        ]
      },
      "animations": {
        "poison_explosion": "controller.animation.poison.explosion"
      },
      "identifier": "pvz:shadowshroom",
      "is_spawnable": true,
      "is_summonable": true,
      "is_experimental": false
    },
    "component_groups": {
      "minecraft:readying": {
        "minecraft:is_baby": {},
        "minecraft:ageable": {
          "duration": 0,
          "grow_up": {
            "event": "minecraft:arm",
            "target": "self"
          }
        },
        "minecraft:collision_box": {
          "width": 0.1,
          "height": 0.1
        }
      },
      "minecraft:armed": {
        "minecraft:damage_sensor": [
          {
            "on_damage": {
              "event": "minecraft:event_explode"
            }
          }
        ],
        "minecraft:collision_box": {
          "width": 0.20,
          "height": 0.15
        }
      },
      "minecraft:exploding": {
        "minecraft:is_saddled": {},
        "minecraft:area_attack": {
          "cause": "contact",
          "damage_per_tick": 10,
          "damage_range": 4,
          "entity_filter": {
            "all_of": [
              {
                "test": "is_family",
                "subject": "other",
                "value": "monster"
              }
            ]
          }
        }
      }
    },
    "components": {
      "minecraft:behavior.swell": {
        "start_distance": 2.5,
        "stop_distance": 6.0,
        "priority": 2
      },
      "minecraft:type_family": {
        "family": [
          "villager","player","plant"
        ]
      },    "minecraft:behavior.nearest_attackable_target": {
        "priority": 2,
        "within_radius": 25,
        "reselect_targets": true,
        "entity_types": [
          {
            "filters": {
              "any_of": [
                {
                  "test": "is_family",
                  "subject": "other",
                  "value": "monster"
                }
              ]
            },
            "max_dist": 35
          }
        ],
        "must_see": true,
        "must_see_forget_duration": 17.0
      },
      "minecraft:shooter": {
      },
      "minecraft:behavior.ranged_attack": {
        "priority": 1,
        "attack_interval_min": 1,
        "attack_interval_max": 2,
        "charge_charged_trigger": 0.0,
        "charge_shoot_trigger": 1.20,
        "attack_radius": 13,
        "burst_shots": 1,
        "burst_interval": 0.0
      },
      "minecraft:push_through": {
        "value": 1
      },
      "minecraft:pushable": {
        "is_pushable": false,
        "is_pushable_by_piston": false
      },
      "minecraft:knockback_resistance": {
        "value": 100
      },
      "minecraft:health": {
        "value": 20,
        "max": 20
      },
      "minecraft:behavior.look_at_player": {
        "priority": 2,
        "look_distance": 1.0
      },
      "minecraft:behavior.random_look_around": {
        "priority": 3
      },
      "minecraft:behavior.melee_attack": {
        "priority": 4,
        "speed_multiplier": 1.25,
        "track_target": false
      },
      "minecraft:damage_sensor": [
        {
          "on_damage": {
            "filters": {
              "test": "is_family",
              "subject": "other",
              "value": "plant"
            }
          },
          "deals_damage": false
        }
      ],
      "minecraft:breathable": {
        "totalSupply": 15,
        "suffocateTime": 0
      },
      "minecraft:nameable": {},
      "minecraft:collision_box": {
        "width": 0.20,
        "height": 0.15
      },
      "minecraft:movement": {
        "value": 0
      },
      "minecraft:navigation.walk": {
        "avoid_water": true
      },
      "minecraft:movement.basic": {},
      "minecraft:can_climb": {},
      "minecraft:fall_damage": {
        "value": 0.0
      },
      "minecraft:balloonable": {},
      "minecraft:physics": {}
    },
    "events": {
      "minecraft:event_shoveled": {
        "add": {
          "component_groups": [
            "minecraft:shoveled"
          ]
        }
      },
      "minecraft:event_ready": {
        "add": {
          "component_groups": [
            "minecraft:armed"
          ]
        }
      },
      "minecraft:entity_spawned": {
        "add": {
          "component_groups": [
            "minecraft:armed"
          ]
        }
      },
      "minecraft:arm": {
        "add": {
          "component_groups": [
            "minecraft:armed"
          ]
        },
        "remove": {
          "component_groups": [
            "minecraft:readying"
          ]
        }
      },
      "minecraft:event_explode": {
        "add": {
          "component_groups": [
            "minecraft:exploding"
          ]
        },
        "remove": {
          "component_groups": [
            "minecraft:armed"
          ]
        }
      }
    }
  }
}