{
    "format_version": "1.10.0",
    "minecraft:entity": {
        "description": {
            "scripts": {
                "animate": [
                    "pvz_explosion"
                ]
            },
            "animations": {
                "pvz_explosion": "controller.animation.pvz_common.explosion"
            },
            "identifier": "gw:chili_bean_bomb",
            "is_spawnable": false,
            "is_summonable": true,
            "is_experimental": false
        },
        "component_groups": {
            "minecraft:is_shaking": {},
            "minecraft:exploding": {
                "minecraft:area_attack": {
                    "cause": "contact",
                    "damage_per_tick": 90,
                    "damage_range": 5,
                    "entity_filter": {
                        "all_of": [
                            {
                                "test": "is_family",
                                "subject": "other",
                                "value": "monster"
                            }
                        ]
                    }
                },
                "minecraft:transformation": {
                    "into": "gw:chili_bean_bom<minecraft:exploding_a>"
                }
            },
            "minecraft:exploding_a": {
                "minecraft:variant": {
                    "value": 1
                },
                "minecraft:is_saddled": {},
                "minecraft:health": {
                    "value": 0,
                    "max": 0
                }
            }
        },
        "components": {
            "minecraft:variant": {
                "value": 0
            },
            "minecraft:type_family": {
                "family": [
                    "player",
                    "villager"
                ]
            },
            "minecraft:timer": {
                "looping": false,
                "time": 1.4,
                "time_down_event": {
                    "event": "minecraft:exploding"
                }
            },
            "minecraft:is_shaking": {},
            "minecraft:knockback_resistance": {
                "value": 100
            },
            "minecraft:health": {
                "value": 9999,
                "max": 9999
            },
            "minecraft:breathable": {
                "totalSupply": 0,
                "suffocateTime": 0
            },
            "minecraft:nameable": {},
            "minecraft:collision_box": {
                "width": 0.75,
                "height": 0.425
            },
            "minecraft:movement": {
                "value": 0
            },
            "minecraft:navigation.walk": {
                "avoid_water": true
            },
            "minecraft:movement.basic": {},
            "minecraft:jump.static": {},
            "minecraft:can_climb": {},
            "minecraft:scale": {
				"value": 0.60
            },
            "minecraft:balloonable": {},
            "minecraft:physics": {},
            "minecraft:pushable": {
                "is_pushable": false,
                "is_pushable_by_piston": true
            }
        },
        "events": {
            "minecraft:exploding": {
                "add": {
                    "component_groups": [
                        "minecraft:exploding"
                    ]
                }
            },
            "minecraft:exploding_a": {
                "add": {
                    "component_groups": [
                        "minecraft:exploding_a"
                    ]
                },
                "remove": {
                    "component_groups": [
                        "minecraft:exploding"
                    ]
                }
            }
        }
    }
}