{
    "format_version": "1.8.0",
    "minecraft:entity": {
        "description": {
            "identifier": "gw:tallnut_battlement",
            "is_spawnable": false,
            "is_summonable": true,
            "is_experimental": false
        },
        "components": {
            "minecraft:type_family": {
                "family": [
                    "villager"
                ]
            },
            "minecraft:health": {
                "value": 80,
                "max": 80
            },
            "minecraft:fire_immune": true,
            "minecraft:physics": {
                "has_gravity": true,
                "has_collusion": false
            },
            "minecraft:knockback_resistance": {
                "value": 100,
                "max": 100
            },
            "minecraft:damage_sensor": {
                "on_damage": {
                    "filters": {
                        "test": "is_family",
                        "subject": "other",
                        "value": "villager"
                    }
                },
                "deals_damage": false
            },
            "minecraft:collision_box": {
                "width": 2,
                "height": 2
            },
            "minecraft:push_through": {
                "value": 1
            }
        },
        "events": {
            "minecraft:entity_spawned": {
                "add": {
                    "component_groups": [
                        "minecraft:timing"
                    ]
                }
            },
            "minecraft:event_become_zombie": {
                "add": {
                    "component_groups": [
                        "minecraft:become_zombie"
                    ]
                }
            }
        }
    }
}