{
	"format_version": "1.8.0",
	"animations": {
		"animation.pepper_pult.idle": {
       "loop": true,
			"animation_length": 3,
			"bones": {
				"pepper_pult": {
					"rotation": {
						"0.0": [-7.5, 0, 0],
						"1.0": [2.5, 0, 0],
						"2.0": [-7.5, 0, 0],
						"3.0": [-2.5, 0, 0]
					},
					"position": {
						"0.0": [0, 0, 0],
						"1.0": [0, 0, 0],
						"2.0": [0, 0, 0],
						"3.0": [0, 0, 0]
					}
				},
				"leaves": {
					"rotation": {
						"0.0": [0, 0, 0],
						"1.0": [0, 0, 5],
						"2.0": [0, 0, -7.5],
						"3.0": [0, 0, -2.5]
					},
					"position": {
						"0.0": [0, 0, 0],
						"1.0": [0, 0, 0],
						"2.0": [0, 0, 0],
						"3.0": [0, 0, 0]
					}
				},
				"stem": {
					"rotation": {
						"0.0": [-5, 0, 0],
						"1.0": [20, 0, 0],
						"2.0": [7.5, 0, 0],
						"3.0": [20, 0, 0]
					},
					"position": {
						"0.0": [0, 0, 0],
						"1.0": [0, 0, 5],
						"2.0": [0, 0, 3],
						"3.0": [0, 0, 5]
					}
				},
				"pult": {
					"rotation": {
						"0.0": [-5, 0, 0],
						"1.0": [22.5, 0, 0],
						"2.0": [10, 0, 0],
						"3.0": [15, 0, 0]
					},
					"position": {
						"0.0": [0, 0, 0],
						"1.0": [0, -2, 5],
						"2.0": [0, -2, 5],
						"3.0": [0, -1, 4]
					}
				},
				"fire": {
					"rotation": {
						"0.0": [0, 0, 0],
						"1.0": [20, 0, 0],
						"2.0": [2.5, 0, 0],
						"3.0": [10, 0, 0]
					},
					"position": {
						"0.0": [-1, -2, 1],
						"1.0": [0, -3, 3],
						"2.0": [0, -3, 3]
					}
				}
			}
		}
	}
}