{
	"format_version": "1.12.0",
	"minecraft:geometry": [
		{
			"description": {
				"identifier": "geometry.bat",
				"texture_width": 256,
				"texture_height": 256,
				"visible_bounds_width": 5,
				"visible_bounds_height": 3,
				"visible_bounds_offset": [0, 0, 0]
			},
			"bones": [
				{
					"name": "body",
					"pivot": [0, 24, 0],
					"cubes": [
						{"origin": [-4, 0, -4], "size": [8, 28, 8], "uv": [0, 71]},
						{"origin": [-11.5, 11, -11.5], "size": [23, 3, 23], "uv": [0, 44]},
						{"origin": [-18.5, 11, 11.5], "size": [37, 10, 0], "uv": [50, 127]},
						{"origin": [-18.5, 11, -12.5], "size": [37, 10, 0], "uv": [52, 89]},
						{"origin": [-17, 26, -17], "size": [34, 10, 34], "uv": [0, 0]}
					]
				}
			]
		}
	]
}