{
	"format_version": "1.12.0",
	"minecraft:geometry": [
		{
			"description": {
				"identifier": "geometry.ed_bdino",
				"texture_width": 64,
				"texture_height": 64,
				"visible_bounds_width": 4,
				"visible_bounds_height": 5,
				"visible_bounds_offset": [0, 1.5, 0]
			},
			"bones": [
				{
					"name": "waist",
					"pivot": [0, 12, 0]
				},
				{
					"name": "body",
					"parent": "waist",
					"pivot": [0, 24, 0],
					"cubes": [
						{"origin": [-4, 12, -2], "size": [8, 12, 4], "uv": [0, 16]},
						{"origin": [-4, 9, -3], "size": [8, 10, 6], "uv": [34, 32]}
					]
				},
				{
					"name": "head",
					"parent": "body",
					"pivot": [0, 24, 0],
					"cubes": [
						{"origin": [-4, 24, -4], "size": [8, 8, 8], "uv": [0, 0]},
						{"origin": [-4, 29, -5], "size": [4, 2, 1], "pivot": [-2, 30, -4.5], "rotation": [0, 0, 7.5], "uv": [24, 28]},
						{"origin": [0, 29, -5], "size": [4, 2, 1], "pivot": [2, 30, -4.5], "rotation": [0, 0, -5], "uv": [24, 28]},
						{"origin": [-4, 21, -3.8], "size": [8, 3, 1], "uv": [0, 40]},
						{"origin": [-5, 21, -3.8], "size": [4, 3, 1], "pivot": [0, 23, -4], "rotation": [0, 0, 32.5], "uv": [0, 40]},
						{"origin": [1, 21, -3.8], "size": [4, 3, 1], "pivot": [0, 23, -4], "rotation": [0, 0, -32.5], "uv": [0, 40], "mirror": true}
					]
				},
				{
					"name": "hat",
					"parent": "head",
					"pivot": [0, 24, 0],
					"cubes": [
						{"origin": [-5, 32, -5], "size": [10, 1, 10], "pivot": [0, 32, 0], "rotation": [0, -2.5, 0], "uv": [2, 53]}
					]
				},
				{
					"name": "bone",
					"parent": "hat",
					"pivot": [0, 33, 0],
					"cubes": [
						{"origin": [-4, 32, -1], "size": [3, 7, 3], "pivot": [0, 33, 0], "rotation": [0, -2.5, 7.5], "uv": [0, 46]}
					]
				},
				{
					"name": "bone2",
					"parent": "bone",
					"pivot": [0, 33, 0],
					"rotation": [0, 2.5, -7.5],
					"cubes": [
						{"origin": [-2.14995, 39.34172, -1.1323], "size": [2, 5, 2], "pivot": [-2.17156, 39.80746, 0.39048], "rotation": [15, -2.5, 37.5], "uv": [1, 47]}
					]
				},
				{
					"name": "bone3",
					"parent": "bone2",
					"pivot": [0, 33, 0],
					"cubes": [
						{"origin": [1.34042, 43.01388, -2.23264], "size": [1, 5, 1], "pivot": [0.82844, 42.80746, -0.60952], "rotation": [20, -5, 30], "uv": [2, 48]}
					]
				},
				{
					"name": "bone4",
					"parent": "hat",
					"pivot": [0, 33, 0],
					"rotation": [0, -125, 0],
					"cubes": [
						{"origin": [-4, 32, -1], "size": [3, 7, 3], "pivot": [0, 33, 0], "rotation": [0, -2.5, 7.5], "uv": [0, 46]}
					]
				},
				{
					"name": "bone5",
					"parent": "bone4",
					"pivot": [0, 33, 0],
					"rotation": [0, 0, -5],
					"cubes": [
						{"origin": [-2.14995, 39.34172, -1.1323], "size": [2, 5, 2], "pivot": [-2.17156, 39.80746, 0.39048], "rotation": [15, -2.5, 37.5], "uv": [1, 47]}
					]
				},
				{
					"name": "bone6",
					"parent": "bone5",
					"pivot": [0, 33, 0],
					"cubes": [
						{"origin": [1.34042, 43.01388, -2.23264], "size": [1, 5, 1], "pivot": [0.82844, 42.80746, -0.60952], "rotation": [-22.5, -72.5, 42.5], "uv": [2, 48]}
					]
				},
				{
					"name": "bone7",
					"parent": "hat",
					"pivot": [0, 33, 0],
					"rotation": [0, 147.5, 0],
					"cubes": [
						{"origin": [-4, 32, -1], "size": [3, 7, 3], "pivot": [0, 33, 0], "rotation": [0, -2.5, 7.5], "uv": [0, 46]}
					]
				},
				{
					"name": "bone8",
					"parent": "bone7",
					"pivot": [0, 33, 0],
					"rotation": [0, 0, -5],
					"cubes": [
						{"origin": [-2.14995, 39.34172, -1.1323], "size": [2, 5, 2], "pivot": [-2.17156, 39.80746, 0.39048], "rotation": [15, -2.5, 37.5], "uv": [1, 47]}
					]
				},
				{
					"name": "bone9",
					"parent": "bone8",
					"pivot": [0, 33, 0],
					"cubes": [
						{"origin": [1.34042, 43.01388, -2.23264], "size": [1, 5, 1], "pivot": [0.82844, 42.80746, -0.60952], "rotation": [20, -2.5, 40], "uv": [2, 48]}
					]
				},
				{
					"name": "bone10",
					"parent": "hat",
					"pivot": [0, 33, 0],
					"rotation": [0, 67.5, 0],
					"cubes": [
						{"origin": [-4, 32, -1], "size": [3, 7, 3], "pivot": [0, 33, 0], "rotation": [0, -2.5, 7.5], "uv": [0, 46]}
					]
				},
				{
					"name": "bone11",
					"parent": "bone10",
					"pivot": [0, 33, 0],
					"rotation": [0, 0, -5],
					"cubes": [
						{"origin": [-2.14995, 39.34172, -1.1323], "size": [2, 5, 2], "pivot": [-2.17156, 39.80746, 0.39048], "rotation": [15, -2.5, 37.5], "uv": [1, 47]}
					]
				},
				{
					"name": "bone12",
					"parent": "bone11",
					"pivot": [0, 33, 0],
					"cubes": [
						{"origin": [1.34042, 43.01388, -2.23264], "size": [1, 5, 1], "pivot": [0.82844, 42.80746, -0.60952], "rotation": [25, -2.5, 35], "uv": [2, 48]}
					]
				},
				{
					"name": "rightArm",
					"parent": "body",
					"pivot": [-5, 22, 0],
					"cubes": [
						{"origin": [-8, 12, -2], "size": [4, 12, 4], "uv": [40, 16]}
					]
				},
				{
					"name": "rightItem",
					"parent": "rightArm",
					"pivot": [-6, 15, 1]
				},
				{
					"name": "leftArm",
					"parent": "body",
					"pivot": [5, 22, 0],
					"mirror": true,
					"cubes": [
						{"origin": [4, 12, -2], "size": [4, 12, 4], "uv": [24, 16]}
					]
				},
				{
					"name": "rightLeg",
					"parent": "body",
					"pivot": [-1.9, 12, 0],
					"cubes": [
						{"origin": [-3.9, 0, -2], "size": [4, 12, 4], "uv": [40, 16]}
					]
				},
				{
					"name": "leftLeg",
					"parent": "body",
					"pivot": [1.9, 12, 0],
					"mirror": true,
					"cubes": [
						{"origin": [-0.1, 0, -2], "size": [4, 12, 4], "uv": [40, 16]}
					]
				}
			]
		}
	]
}