{
	"format_version": "1.12.0",
	"minecraft:geometry": [
		{
			"description": {
				"identifier": "geometry.ed_bm",
				"texture_width": 64,
				"texture_height": 64,
				"visible_bounds_width": 2,
				"visible_bounds_height": 4,
				"visible_bounds_offset": [0, 2, 0]
			},
			"bones": [
				{
					"name": "waist",
					"pivot": [0, 12, 0]
				},
				{
					"name": "body",
					"parent": "waist",
					"pivot": [0, 24, 0],
					"cubes": [
						{"origin": [-4, 12, -2], "size": [8, 12, 4], "uv": [0, 16]}
					]
				},
				{
					"name": "head",
					"parent": "body",
					"pivot": [0, 24, 0],
					"cubes": [
						{"origin": [-4, 24, -4], "size": [8, 8, 8], "uv": [0, 0]}
					]
				},
				{
					"name": "hat",
					"parent": "head",
					"pivot": [0, 24, 0],
					"cubes": [
						{"origin": [-4, 32, -4], "size": [8, 1, 8], "inflate": 0.5, "uv": [0, 33]},
						{"origin": [-2, 34, -2], "size": [4, 4, 4], "inflate": 0.5, "uv": [0, 35]},
						{"origin": [0, 34, -3], "size": [0, 2, 0], "inflate": 0.5, "pivot": [-0.5, 33, -3], "rotation": [25, 0, 0], "uv": [0, 35]},
						{"origin": [-1, 35.53955, -7.01256], "size": [2, 2, 0], "inflate": 0.5, "pivot": [-0.5, 38, -6], "rotation": [57.5, 0, 0], "uv": [0, 35]},
						{"origin": [-0.5, 38, -6], "size": [1, 1, 0], "inflate": 0.5, "pivot": [0.5, 37, -6], "rotation": [105, 0, 0], "uv": [0, 36]}
					]
				},
				{
					"name": "bone",
					"parent": "hat",
					"pivot": [0, 37.5, -1.5],
					"rotation": [-12.5, 0, 0],
					"cubes": [
						{"origin": [-1.5, 39, -1.7], "size": [3, 3, 3], "inflate": 0.5, "uv": [0, 38]}
					]
				},
				{
					"name": "rightArm",
					"parent": "body",
					"pivot": [-5, 22, 0],
					"cubes": [
						{"origin": [-8, 12, -2], "size": [4, 12, 4], "uv": [40, 16]}
					]
				},
				{
					"name": "rightItem",
					"parent": "rightArm",
					"pivot": [-6, 15, 1]
				},
				{
					"name": "leftArm",
					"parent": "body",
					"pivot": [5, 22, 0],
					"mirror": true,
					"cubes": [
						{"origin": [4, 12, -2], "size": [4, 12, 4], "uv": [40, 16]}
					]
				},
				{
					"name": "rightLeg",
					"parent": "body",
					"pivot": [-1.9, 12, 0],
					"cubes": [
						{"origin": [-3.9, 0, -2], "size": [4, 12, 4], "uv": [16, 48]}
					]
				},
				{
					"name": "leftLeg",
					"parent": "body",
					"pivot": [1.9, 12, 0],
					"mirror": true,
					"cubes": [
						{"origin": [-0.1, 0, -2], "size": [4, 12, 4], "uv": [32, 48], "mirror": false}
					]
				}
			]
		}
	]
}