{
	"format_version": "1.12.0",
	"minecraft:geometry": [
		{
			"description": {
				"identifier": "geometry.ed_breed",
				"texture_width": 64,
				"texture_height": 64,
				"visible_bounds_width": 3,
				"visible_bounds_height": 3.5,
				"visible_bounds_offset": [0, 1.25, 0]
			},
			"bones": [
				{
					"name": "zt",
					"pivot": [0, 0, 0],
					"rotation": [0, 180, 0]
				},
				{
					"name": "body_ed",
					"parent": "zt",
					"pivot": [0, 0, -1],
					"rotation": [10, 180, 0],
					"cubes": [
						{"origin": [-0.5, 6.83407, 0.51508], "size": [1, 8, 1], "pivot": [0, 6.83407, 0.51508], "rotation": [-5, 0, 0], "uv": [36, 9]},
						{"origin": [-0.5, 6.83407, -0.48492], "size": [1, 1, 3], "pivot": [0, 6.83407, 0.51508], "rotation": [-42.5, 0, 0], "uv": [36, 31]},
						{"origin": [-0.5, 5.83407, 1.51508], "size": [1, 9, 1], "pivot": [0, 6.83407, 1.51508], "rotation": [5, 0, 0], "uv": [36, 36]}
					]
				},
				{
					"name": "body_ed2",
					"parent": "body_ed",
					"pivot": [0, 6.83407, 0.51508],
					"rotation": [170, 0, 0],
					"cubes": [
						{"origin": [-0.5, 6.83407, 0.51508], "size": [1, 8, 1], "uv": [36, 0]},
						{"origin": [-0.5, 6.83407, -0.48492], "size": [1, 1, 3], "pivot": [0, 6.83407, 0.51508], "rotation": [-37.5, 0, 0], "uv": [8, 2]},
						{"origin": [-0.5, 5.83407, 1.51508], "size": [1, 9, 1], "pivot": [0, 6.83407, 1.51508], "rotation": [7.5, 0, 0], "uv": [20, 32]}
					]
				},
				{
					"name": "naodai",
					"parent": "body_ed",
					"pivot": [0, 13.83407, 1.51508],
					"rotation": [-22.5, 0, 0],
					"cubes": [
						{"origin": [-1, 27.83407, 2.51508], "size": [2, 1, 1.9], "pivot": [0, 28.83407, 2.51508], "rotation": [-32.5, 0, 0], "uv": [40, 16]},
						{"origin": [-1, 27.83407, -1.38492], "size": [2, 1, 1.9], "pivot": [0, 28.83407, 0.51508], "rotation": [32.5, 0, 0], "uv": [40, 20]},
						{"origin": [-1, 13.83407, 0.51508], "size": [2, 15, 2], "uv": [0, 0]},
						{"origin": [-0.5, 28.83407, 1.01508], "size": [1, 2.5, 1], "uv": [40, 22]},
						{"origin": [-1.9, 13.83407, 1.51508], "size": [2, 14, 1.5], "pivot": [-1, 20.83407, 2.51508], "rotation": [1, 45, -2.5], "uv": [0, 33]},
						{"origin": [-1.9, 13.83407, 2.01508], "size": [2, 14, 1.5], "pivot": [-1, 20.83407, 2.51508], "rotation": [-4, 45, -2.5], "uv": [30, 0]},
						{"origin": [-0.1, 13.83407, 2.01508], "size": [2, 14, 1.5], "pivot": [1, 20.83407, 2.51508], "rotation": [-4, -45, 2.5], "uv": [30, 30]},
						{"origin": [-1.9, 13.83407, -0.48492], "size": [2, 14, 1.5], "pivot": [-1, 20.83407, 0.51508], "rotation": [4, -45, -2.5], "uv": [24, 0]},
						{"origin": [-0.1, 13.83407, -0.48492], "size": [2, 14, 1.5], "pivot": [1, 20.83407, 0.51508], "rotation": [4, 45, 2.5], "uv": [24, 24]},
						{"origin": [-0.1, 13.83407, 1.51508], "size": [2, 14, 1.5], "pivot": [1, 20.83407, 2.51508], "rotation": [1, -45, 2.5], "uv": [14, 32]},
						{"origin": [-0.1, 13.83407, 0.01508], "size": [2, 14, 1.5], "pivot": [1, 20.83407, 0.51508], "rotation": [-1, 45, 2.5], "uv": [8, 24]},
						{"origin": [-1.9, 13.83407, 0.01508], "size": [2, 14, 1.5], "pivot": [-1, 20.83407, 0.51508], "rotation": [-1, -45, -2.5], "uv": [30, 15]},
						{"origin": [-2.9, 27.83407, 0.51508], "size": [1.9, 1, 2], "pivot": [-1, 28.83407, 1.51508], "rotation": [0, 0, -32.5], "uv": [40, 40]},
						{"origin": [1, 27.83407, 0.51508], "size": [1.9, 1, 2], "pivot": [1, 28.83407, 1.51508], "rotation": [0, 0, 32.5], "uv": [38, 26]},
						{"origin": [0, 13.83407, 0.51508], "size": [2, 14, 2], "pivot": [1, 13.83407, 1.51508], "rotation": [0, 0, 2.5], "uv": [8, 8]},
						{"origin": [-2, 13.83407, 0.51508], "size": [2, 14, 2], "pivot": [-1, 13.83407, 1.51508], "rotation": [0, 0, -2.5], "uv": [16, 16]},
						{"origin": [-1, 13.83407, -0.48492], "size": [2, 14, 2], "pivot": [0, 13.83407, 0.51508], "rotation": [2.5, 0, 0], "uv": [0, 17]},
						{"origin": [-3.20562, 20.82331, -0.69895], "size": [2, 3, 0], "pivot": [-2, 23.28141, -0.89836], "rotation": [7.5, 32.5, 0], "uv": [0, 61]},
						{"origin": [-3.20562, 24.82331, -0.69895], "size": [2, 1, 0], "pivot": [-2, 23.28141, -0.89836], "rotation": [7.5, 32.5, 0], "uv": [0, 17]},
						{"origin": [1.20562, 24.82331, -0.69892], "size": [2, 1, 0], "pivot": [2, 23.28141, -0.89836], "rotation": [7.5, -32.5, 0], "uv": [0, 17], "mirror": true},
						{"origin": [1.20562, 20.82331, -0.69895], "size": [2, 3, 0], "pivot": [2, 23.28141, -0.89836], "rotation": [7.5, -32.5, 0], "uv": [0, 61], "mirror": true},
						{"origin": [-1, 13.83407, 1.51508], "size": [2, 14, 2], "pivot": [0, 13.83407, 2.51508], "rotation": [-2.5, 0, 0], "uv": [16, 0]}
					]
				},
				{
					"name": "leaves",
					"parent": "zt",
					"pivot": [1, 0, 0],
					"cubes": [
						{"origin": [-1, 0, 0], "size": [2, 8, 0], "pivot": [0.5, 0, 0], "rotation": [-20, 0, -2.5], "uv": [36, 20]},
						{"origin": [-1.32791, 7.51039, 2.73616], "size": [2, 1, 0], "pivot": [0.17209, 7.51039, 2.73616], "rotation": [-70, 0, -2.5], "uv": [20, 42]},
						{"origin": [-1.34283, 7.85208, 3.67585], "size": [2, 1, 0], "pivot": [0.15717, 7.85208, 3.67585], "rotation": [-120, 0, -2.5], "uv": [10, 42]},
						{"origin": [-1.32102, 7.35256, 4.54188], "size": [2, 1, 0], "pivot": [0.17898, 7.35256, 4.54188], "rotation": [177.5, 0, -2.5], "uv": [6, 42]},
						{"origin": [0.25, 6.31084, 4.50016], "size": [1, 2, 0], "pivot": [1.22256, 6.35442, 4.49826], "rotation": [177.5, 0, 17.5], "uv": [8, 8]},
						{"origin": [-1, 6.31084, 4.50016], "size": [2, 1, 0], "pivot": [0.5, 6.35442, 4.49826], "rotation": [177.5, 0, 0], "uv": [41, 33]},
						{"origin": [-0.5, 5.31084, 4.50016], "size": [1, 1, 0], "pivot": [-0.5, 5.35442, 4.49826], "rotation": [177.5, 0, 0], "uv": [16, 16]},
						{"origin": [-1.25, 6.31084, 4.50016], "size": [1, 2, 0], "pivot": [-1.22256, 6.35442, 4.49826], "rotation": [177.5, 0, -17.5], "uv": [0, 0]},
						{"origin": [0, 0, 0], "size": [1, 8, 0], "pivot": [0.5, 0, 0], "rotation": [-20, 0, 2.5], "uv": [14, 24]},
						{"origin": [0.32791, 7.51039, 2.73616], "size": [1, 1, 0], "pivot": [0.82791, 7.51039, 2.73616], "rotation": [-70, 0, 2.5], "uv": [6, 17]},
						{"origin": [0.34283, 7.85208, 3.67585], "size": [1, 1, 0], "pivot": [0.84283, 7.85208, 3.67585], "rotation": [-120, 0, 2.5], "uv": [13, 3]},
						{"origin": [0.32102, 7.35256, 4.54188], "size": [1, 1, 0], "pivot": [0.82102, 7.35256, 4.54188], "rotation": [177.5, 0, 2.5], "uv": [16, 1]}
					]
				},
				{
					"name": "leaves2",
					"parent": "zt",
					"pivot": [1, 1, 0],
					"rotation": [5, 0, 0],
					"cubes": [
						{"origin": [-1, 0, -2], "size": [2, 9, 0], "pivot": [0.5, 1, -2], "rotation": [20, 0, -2.5], "uv": [24, 15]},
						{"origin": [-1.32791, 8.51039, -4.73616], "size": [2, 1, 0], "pivot": [0.17209, 8.51039, -4.73616], "rotation": [70, 0, -2.5], "uv": [41, 32]},
						{"origin": [-1.34283, 8.85208, -5.67585], "size": [2, 1, 0], "pivot": [0.15717, 8.85208, -5.67585], "rotation": [120, 0, -2.5], "uv": [41, 31]},
						{"origin": [-1.32102, 8.35256, -6.54188], "size": [2, 1, 0], "pivot": [0.17898, 8.35256, -6.54188], "rotation": [140, 0, -2.5], "uv": [10, 41]},
						{"origin": [0, 0, -2], "size": [1, 9, 0], "pivot": [0.5, 1, -2], "rotation": [20, 0, 2.5], "uv": [28, 15]},
						{"origin": [0.32791, 8.51039, -4.73616], "size": [1, 1, 0], "pivot": [0.82791, 8.51039, -4.73616], "rotation": [70, 0, 2.5], "uv": [15, 0]},
						{"origin": [0.34283, 8.85208, -5.67585], "size": [1, 1, 0], "pivot": [0.84283, 8.85208, -5.67585], "rotation": [120, 0, 2.5], "uv": [14, 9]},
						{"origin": [0.32102, 8.35256, -6.54188], "size": [1, 1, 0], "pivot": [0.82102, 8.35256, -6.54188], "rotation": [140, 0, 2.5], "uv": [14, 8]}
					]
				},
				{
					"name": "leaves3",
					"parent": "zt",
					"pivot": [3, -4, -2],
					"rotation": [0, 90, 0],
					"cubes": [
						{"origin": [1, 0, -4], "size": [2, 4, 0], "pivot": [2.5, -4, -4], "rotation": [20, 0, -2.5], "uv": [40, 12]},
						{"origin": [0.67209, 3.51039, -6.73616], "size": [2, 1, 0], "pivot": [2.17209, 3.51039, -6.73616], "rotation": [70, 0, -2.5], "uv": [6, 41]},
						{"origin": [0.65717, 3.85208, -7.67585], "size": [2, 1, 0], "pivot": [2.15717, 3.85208, -7.67585], "rotation": [120, 0, -2.5], "uv": [40, 39]},
						{"origin": [0.67898, 3.35256, -8.54188], "size": [2, 1, 0], "pivot": [2.17898, 3.35256, -8.54188], "rotation": [140, 0, -2.5], "uv": [40, 38]},
						{"origin": [2, 0, -4], "size": [1, 4, 0], "pivot": [2.5, -4, -4], "rotation": [20, 0, 2.5], "uv": [28, 39]},
						{"origin": [2.32791, 3.51039, -6.73616], "size": [1, 1, 0], "pivot": [2.82791, 3.51039, -6.73616], "rotation": [70, 0, 2.5], "uv": [13, 4]},
						{"origin": [2.34283, 3.85208, -7.67585], "size": [1, 1, 0], "pivot": [2.84283, 3.85208, -7.67585], "rotation": [120, 0, 2.5], "uv": [13, 3]},
						{"origin": [2.32102, 3.35256, -8.54188], "size": [1, 1, 0], "pivot": [2.82102, 3.35256, -8.54188], "rotation": [140, 0, 2.5], "uv": [13, 2]}
					]
				},
				{
					"name": "leaves4",
					"parent": "zt",
					"pivot": [-2, -2, 0],
					"rotation": [0, -90, 0],
					"cubes": [
						{"origin": [-4, 0, -2], "size": [2, 6, 0], "pivot": [-2.5, -2, -2], "rotation": [20, 0, -2.5], "uv": [24, 39]},
						{"origin": [-4.32791, 5.51039, -4.73616], "size": [2, 1, 0], "pivot": [-2.82791, 5.51039, -4.73616], "rotation": [70, 0, -2.5], "uv": [40, 37]},
						{"origin": [-4.34283, 5.85208, -5.67585], "size": [2, 1, 0], "pivot": [-2.84283, 5.85208, -5.67585], "rotation": [120, 0, -2.5], "uv": [40, 25]},
						{"origin": [-4.32102, 5.35256, -6.54188], "size": [2, 1, 0], "pivot": [-2.82102, 5.35256, -6.54188], "rotation": [140, 0, -2.5], "uv": [36, 35]},
						{"origin": [-3, 0, -2], "size": [1, 6, 0], "pivot": [-2.5, -2, -2], "rotation": [20, 0, 2.5], "uv": [6, 33]},
						{"origin": [-2.67209, 5.51039, -4.73616], "size": [1, 1, 0], "pivot": [-2.17209, 5.51039, -4.73616], "rotation": [70, 0, 2.5], "uv": [8, 4]},
						{"origin": [-2.65717, 5.85208, -5.67585], "size": [1, 1, 0], "pivot": [-2.15717, 5.85208, -5.67585], "rotation": [120, 0, 2.5], "uv": [8, 3]},
						{"origin": [-2.67898, 5.35256, -6.54188], "size": [1, 1, 0], "pivot": [-2.17898, 5.35256, -6.54188], "rotation": [140, 0, 2.5], "uv": [8, 2]}
					]
				},
				{
					"name": "ks",
					"parent": "zt",
					"pivot": [-6.00549, 28.5, 2.17241]
				},
				{
					"name": "ed_lightning",
					"parent": "ks",
					"pivot": [-6.00549, 28.5, 2.17241],
					"rotation": [107.5, 0, 90],
					"cubes": [
						{"origin": [-5, 28, 1], "size": [4, 1, 1], "uv": [36, 18]},
						{"origin": [-7.5, 28, 1], "size": [2.5, 1, 1], "pivot": [-5, 28, 1], "rotation": [0, 62.5, 0], "uv": [40, 10]},
						{"origin": [-7.53468, 28, 2.56126], "size": [2.5, 1, 1], "pivot": [-5.03468, 28.5, 3.06126], "rotation": [0, -12.5, 0], "uv": [40, 6]},
						{"origin": [-9.98727, 28, 2.12838], "size": [3, 1, 1], "pivot": [-6.98727, 28.5, 2.62838], "rotation": [0, 45, 0], "uv": [39, 8]}
					]
				},
				{
					"name": "ed_lightning2",
					"parent": "ks",
					"pivot": [6.99451, 18.5, 3.17241],
					"rotation": [-80, 82.5, 120],
					"cubes": [
						{"origin": [8, 18, 2], "size": [4, 1, 1], "uv": [35, 29]},
						{"origin": [5.5, 18, 2], "size": [2.5, 1, 1], "pivot": [8, 18, 2], "rotation": [0, 62.5, 0], "uv": [40, 4]},
						{"origin": [5.46532, 18, 3.56126], "size": [2.5, 1, 1], "pivot": [7.96532, 18.5, 4.06126], "rotation": [0, -12.5, 0], "uv": [40, 2]},
						{"origin": [3.01273, 18, 3.12838], "size": [3, 1, 1], "pivot": [6.01273, 18.5, 3.62838], "rotation": [0, 45, 0], "uv": [6, 39]}
					]
				},
				{
					"name": "ed_lightning3",
					"parent": "ks",
					"pivot": [-5.00549, 16.5, -1.82759],
					"rotation": [-22.5, -65, -150],
					"cubes": [
						{"origin": [-4, 16, -3], "size": [4, 1, 1], "uv": [6, 0]},
						{"origin": [-6.5, 16, -3], "size": [2.5, 1, 1], "pivot": [-4, 16, -3], "rotation": [0, 62.5, 0], "uv": [40, 0]},
						{"origin": [-6.53468, 16, -1.43874], "size": [2.5, 1, 1], "pivot": [-4.03468, 16.5, -0.93874], "rotation": [0, -12.5, 0], "uv": [39, 35]},
						{"origin": [-8.98727, 16, -1.87162], "size": [3, 1, 1], "pivot": [-5.98727, 16.5, -1.37162], "rotation": [0, 45, 0], "uv": [8, 6]}
					]
				}
			]
		}
	]
}