{
	"format_version": "1.12.0",
	"minecraft:geometry": [
		{
			"description": {
				"identifier": "geometry.ed_cc",
				"texture_width": 64,
				"texture_height": 64,
				"visible_bounds_width": 3,
				"visible_bounds_height": 2,
				"visible_bounds_offset": [0, 0, 0]
			},
			"bones": [
				{
					"name": "face",
					"pivot": [0, 0, 0]
				},
				{
					"name": "bone",
					"parent": "face",
					"pivot": [0, 0, 0],
					"cubes": [
						{"origin": [-3, 0, -2], "size": [6, 2, 5], "uv": [17, 17]},
						{"origin": [-4, 1, -3], "size": [8, 7, 7], "uv": [0, 0]},
						{"origin": [-3, 8, -2], "size": [6, 2, 5], "uv": [0, 14]},
						{"origin": [-3, 10, 0], "size": [6, 3, 1], "uv": [41, 15]},
						{"origin": [2, 13, 0], "size": [4, 5, 1], "pivot": [2, 14, 0], "rotation": [0, 0, 37.5], "uv": [43, 0]},
						{"origin": [-4, 12, 0], "size": [8, 6, 1], "pivot": [0, 13, 0], "rotation": [0, 0, 2.5], "uv": [0, 23]},
						{"origin": [-6, 11, 0], "size": [4, 5, 1], "pivot": [-4, 13, 0], "rotation": [0, 0, -45], "uv": [0, 43]},
						{"origin": [-3, -1, -3], "size": [6, 2, 1], "pivot": [0, 1, -3], "rotation": [47.5, 0, 0], "uv": [42, 34]},
						{"origin": [-3, -1, 3], "size": [6, 2, 1], "pivot": [0, 1, 4], "rotation": [-47.5, 0, 0], "uv": [42, 11]},
						{"origin": [-4, -1, -2], "size": [1, 2, 5], "pivot": [-4, 1, 0], "rotation": [0, 0, -47.5], "uv": [0, 36]},
						{"origin": [3, -1, -2], "size": [1, 2, 5], "pivot": [4, 1, 0], "rotation": [0, 0, 47.5], "uv": [35, 35]},
						{"origin": [-3, 8, -3], "size": [6, 2, 1], "pivot": [0, 8, -3], "rotation": [-27.5, 0, 0], "uv": [37, 42]},
						{"origin": [-3, 10, -2], "size": [6, 2, 1], "pivot": [0, 8, -2], "rotation": [-27.5, 0, 0], "uv": [37, 42]},
						{"origin": [-3, 8, 3], "size": [6, 2, 1], "pivot": [0, 8, 4], "rotation": [27.5, 0, 0], "uv": [23, 42]},
						{"origin": [-3, 10, 2], "size": [6, 2, 1], "pivot": [0, 8, 3], "rotation": [27.5, 0, 0], "uv": [23, 42]},
						{"origin": [3, 8, -2], "size": [1, 2, 5], "pivot": [4, 8, 0], "rotation": [0, 0, -17.5], "uv": [23, 35]},
						{"origin": [-4, 8, -2], "size": [1, 2, 5], "pivot": [-4, 8, 0], "rotation": [0, 0, 27.5], "uv": [34, 15]}
					]
				},
				{
					"name": "rarm",
					"parent": "face",
					"pivot": [-1, -3, 0],
					"rotation": [0, 0, 12.5],
					"cubes": [
						{"origin": [-9.5, 0, 0], "size": [6.5, 1, 1], "pivot": [-5, 0, 0], "rotation": [0, 0, 26.5], "uv": [21, 15]},
						{"origin": [-8.8, 1.83609, -0.5237], "size": [2.5, 1, 0.5], "pivot": [-8.57821, 2.27957, 0], "rotation": [0, -12.5, 26.5], "uv": [0, 15]},
						{"origin": [-8.85881, 1.83609, 1], "size": [2.5, 1, 0.5], "pivot": [-8.57821, 2.27957, 1], "rotation": [0, 12.5, 26.5], "uv": [0, 6]},
						{"origin": [-11.6, 2, -0.5], "size": [2.6, 1, 2], "pivot": [-9, 2, 1], "rotation": [0, 0, 54], "uv": [7, 36]},
						{"origin": [-10.05, 6.07561, -0.5], "size": [1.65, 1, 2], "pivot": [-10.45658, 6.16903, 1], "rotation": [0, 0, 90], "uv": [19, 43]},
						{"origin": [-13, 6.5, -0.5], "size": [2, 1, 2], "pivot": [-11, 6, 1], "rotation": [0, 0, 122.5], "uv": [30, 35]},
						{"origin": [-7.5, 5.6, -0.5], "size": [2, 1, 2], "pivot": [-7.59082, 6.26385, 1], "rotation": [0, 0, -165], "uv": [23, 30]},
						{"origin": [-9.66345, 6.28737, -0.5], "size": [1.6, 1, 2], "pivot": [-7.9763, 6.78356, 1], "rotation": [0, 0, -112.5], "uv": [42, 37]},
						{"origin": [-9.2, 5.54628, -0.5], "size": [1.8, 1, 2], "pivot": [-7, 6, 1], "rotation": [0, 0, -50], "uv": [0, 3]},
						{"origin": [-10.30071, 4.54628, -0.5], "size": [1, 1, 2], "pivot": [-9, 4, 1], "rotation": [0, 0, 47.5], "uv": [0, 0]}
					]
				},
				{
					"name": "larm",
					"parent": "face",
					"pivot": [0, 0, 0],
					"cubes": [
						{"origin": [3, 0, 0], "size": [7, 1, 1], "pivot": [4, 0, 0], "rotation": [0, 0, -45], "uv": [0, 21]},
						{"origin": [5.34315, 3.58579, 1], "size": [2, 1, 0.5], "pivot": [7, 5, 1], "rotation": [0, -17.5, -45], "uv": [0, 16]},
						{"origin": [5.04244, 3.58579, -0.6], "size": [2, 1, 0.5], "pivot": [7, 5, 0], "rotation": [0, 17.5, -45], "uv": [0, 15]},
						{"origin": [7.5, 4, -0.5], "size": [3.8, 1, 2], "pivot": [8, 4, 1], "rotation": [0, 0, -27.5], "uv": [9, 30]},
						{"origin": [7.34416, 5.49824, 0.95254], "size": [3.8, 1, 1], "pivot": [11, 5, 2], "rotation": [0, -7.5, -27.5], "uv": [30, 38]},
						{"origin": [7.34416, 5.49824, -1.04746], "size": [3.8, 1, 1], "pivot": [11, 5, 0], "rotation": [0, 7.5, -27.5], "uv": [9, 33]},
						{"origin": [5.84215, 10.03262, -1.5], "size": [3, 1, 4], "pivot": [9, 11, 2], "rotation": [0, 0, -117.5], "uv": [29, 24]},
						{"origin": [8.396, 7.6, 1.58538], "size": [3, 1, 1], "pivot": [11, 8, 3], "rotation": [-7.5, -12.5, -82.5], "uv": [39, 22]},
						{"origin": [8.36712, 7.85486, -1.64951], "size": [3, 1, 1], "pivot": [11, 8, -2], "rotation": [-5, 12.5, -82.5], "uv": [19, 36]},
						{"origin": [5.84215, 10.03262, 2.1], "size": [3, 1, 1], "pivot": [9, 11, 3], "rotation": [-7.5, -7.5, -117.5], "uv": [7, 39]},
						{"origin": [5.84215, 10.03262, -1.9], "size": [3, 1, 1], "pivot": [9, 11, -1], "rotation": [-7.5, 7.5, -117.5], "uv": [19, 38]},
						{"origin": [3.9, 10.55518, -2], "size": [3, 1, 5], "pivot": [7, 11.5, 0], "rotation": [0, 0, -70], "uv": [18, 24]},
						{"origin": [2.8, 7.55518, -2], "size": [3.3, 1, 5], "pivot": [6, 8.5, 0], "rotation": [0, 0, -129], "uv": [23, 0]},
						{"origin": [6.05123, 4, -2], "size": [2, 1, 5], "pivot": [8, 5.5, 0], "rotation": [0, 0, 175], "uv": [14, 30]},
						{"origin": [7.09485, 7.8, -2], "size": [2, 1, 5], "pivot": [9, 7.5, 0], "rotation": [0, 0, 59], "uv": [0, 30]},
						{"origin": [8.09485, 8.8, -2], "size": [1, 1, 5], "pivot": [9, 9.5, 0], "rotation": [0, 0, 12.5], "uv": [38, 24]},
						{"origin": [7, 8.8, -2], "size": [1.45, 1, 5], "pivot": [8, 9.5, 0], "rotation": [0, 0, -40], "uv": [12, 37]},
						{"origin": [7, 8.5, -2], "size": [2, 0.5, 5], "pivot": [8, 8.5, 0], "rotation": [0, 0, -130], "uv": [19, 25]},
						{"origin": [7.4, 6.6, -2], "size": [2, 1, 5], "pivot": [9, 6.5, 0], "rotation": [0, 0, 91], "uv": [29, 29]},
						{"origin": [4.07761, 10.55423, -2], "size": [2.93, 1, 5], "pivot": [7, 11, 0], "rotation": [0, 0, -176.5], "uv": [34, 1]},
						{"origin": [10.5, 6, -1], "size": [3.2, 1, 3], "pivot": [11, 6, 2], "rotation": [0, 0, -83.5], "uv": [10, 43]}
					]
				}
			]
		}
	]
}