{
	"format_version": "1.12.0",
	"minecraft:geometry": [
		{
			"description": {
				"identifier": "geometry.ed_cherry",
				"texture_width": 64,
				"texture_height": 64,
				"visible_bounds_width": 3,
				"visible_bounds_height": 2.5,
				"visible_bounds_offset": [0, 0.75, 0]
			},
			"bones": [
				{
					"name": "st",
					"pivot": [0, 0, 0]
				},
				{
					"name": "bone",
					"parent": "st",
					"pivot": [-1, 0, -1],
					"cubes": [
						{
							"origin": [-7, 0, -4],
							"size": [5, 7, 5],
							"uv": {
								"north": {"uv": [12, 26], "uv_size": [5, 7]},
								"east": {"uv": [17, 26], "uv_size": [5, 7]},
								"south": {"uv": [26, 0], "uv_size": [5, 7]},
								"west": {"uv": [26, 7], "uv_size": [5, 7]},
								"up": {"uv": [10, 33], "uv_size": [5, 5]},
								"down": {"uv": [15, 38], "uv_size": [5, -5]}
							}
						},
						{
							"origin": [-8, 1, -4],
							"size": [7, 5, 5],
							"uv": {
								"north": {"uv": [0, 0], "uv_size": [7, 5]},
								"east": {"uv": [0, 29], "uv_size": [5, 5]},
								"south": {"uv": [0, 5], "uv_size": [7, 5]},
								"west": {"uv": [22, 29], "uv_size": [5, 5]},
								"up": {"uv": [7, 7], "uv_size": [7, 5]},
								"down": {"uv": [7, 5], "uv_size": [7, -5]}
							}
						},
						{
							"origin": [-7, 1, -5],
							"size": [5, 5, 7],
							"uv": {
								"north": {"uv": [27, 29], "uv_size": [5, 5]},
								"east": {"uv": [0, 10], "uv_size": [7, 5]},
								"south": {"uv": [29, 14], "uv_size": [5, 5]},
								"west": {"uv": [7, 12], "uv_size": [7, 5]},
								"up": {"uv": [14, 14], "uv_size": [5, 7]},
								"down": {"uv": [14, 7], "uv_size": [5, -7]}
							}
						},
						{
							"origin": [-8, 1, -4.6],
							"size": [1.5, 5, 1.5],
							"pivot": [-7.25, 3.5, -4.25],
							"rotation": [0, 45, 0],
							"uv": {
								"north": {"uv": [17, 21], "uv_size": [2, 5]},
								"east": {"uv": [20, 33], "uv_size": [2, 5]},
								"south": {"uv": [0, 34], "uv_size": [2, 5]},
								"west": {"uv": [2, 34], "uv_size": [2, 5]},
								"up": {"uv": [5, 15], "uv_size": [2, 2]},
								"down": {"uv": [7, 26], "uv_size": [2, -2]}
							}
						},
						{
							"origin": [0.8, 1, -4.2],
							"size": [1.5, 5, 1.5],
							"pivot": [0.75, 3.5, -3.85],
							"rotation": [0, -45, 0],
							"uv": {
								"north": {"uv": [36, 25], "uv_size": [2, 5]},
								"east": {"uv": [32, 37], "uv_size": [2, 5]},
								"south": {"uv": [34, 37], "uv_size": [2, 5]},
								"west": {"uv": [36, 37], "uv_size": [2, 5]},
								"up": {"uv": [42, 26], "uv_size": [2, 2]},
								"down": {"uv": [42, 37], "uv_size": [2, -2]}
							}
						},
						{
							"origin": [7.8, 1, -4.2],
							"size": [1.5, 5, 1.5],
							"pivot": [0.75, 3.5, -3.85],
							"rotation": [0, -45, 0],
							"uv": {
								"north": {"uv": [37, 30], "uv_size": [2, 5]},
								"east": {"uv": [4, 38], "uv_size": [2, 5]},
								"south": {"uv": [6, 38], "uv_size": [2, 5]},
								"west": {"uv": [8, 38], "uv_size": [2, 5]},
								"up": {"uv": [4, 43], "uv_size": [2, 2]},
								"down": {"uv": [6, 45], "uv_size": [2, -2]}
							}
						},
						{
							"origin": [5.23259, 1, -3.7],
							"size": [1.5, 5, 1.5],
							"pivot": [5.98259, 3.5, -3.05172],
							"rotation": [0, 45, 0],
							"uv": {
								"north": {"uv": [10, 38], "uv_size": [2, 5]},
								"east": {"uv": [12, 38], "uv_size": [2, 5]},
								"south": {"uv": [14, 38], "uv_size": [2, 5]},
								"west": {"uv": [16, 38], "uv_size": [2, 5]},
								"up": {"uv": [8, 43], "uv_size": [2, 2]},
								"down": {"uv": [10, 45], "uv_size": [2, -2]}
							}
						},
						{
							"origin": [0.35477, 1, 1.21995],
							"size": [1.5, 5, 1.5],
							"pivot": [1.10477, 3.5, 1.96995],
							"rotation": [0, 45, 0],
							"uv": {
								"north": {"uv": [18, 38], "uv_size": [2, 5]},
								"east": {"uv": [20, 38], "uv_size": [2, 5]},
								"south": {"uv": [38, 38], "uv_size": [2, 5]},
								"west": {"uv": [38, 0], "uv_size": [2, 5]},
								"up": {"uv": [12, 43], "uv_size": [2, 2]},
								"down": {"uv": [14, 45], "uv_size": [2, -2]}
							}
						},
						{
							"origin": [-8, 1, 0.35],
							"size": [1.5, 5, 1.5],
							"pivot": [-7.25, 3.5, 0.75],
							"rotation": [0, 45, 0],
							"uv": {
								"north": {"uv": [22, 34], "uv_size": [2, 5]},
								"east": {"uv": [24, 34], "uv_size": [2, 5]},
								"south": {"uv": [26, 34], "uv_size": [2, 5]},
								"west": {"uv": [28, 34], "uv_size": [2, 5]},
								"up": {"uv": [22, 26], "uv_size": [2, 2]},
								"down": {"uv": [32, 44], "uv_size": [2, -2]}
							}
						},
						{
							"origin": [-2.8, 1, 0.35],
							"size": [1.5, 5, 1.5],
							"pivot": [-2.25, 3.5, 1.1],
							"rotation": [0, 45, 0],
							"uv": {
								"north": {"uv": [30, 34], "uv_size": [2, 5]},
								"east": {"uv": [34, 10], "uv_size": [2, 5]},
								"south": {"uv": [34, 15], "uv_size": [2, 5]},
								"west": {"uv": [36, 0], "uv_size": [2, 5]},
								"up": {"uv": [34, 42], "uv_size": [2, 2]},
								"down": {"uv": [36, 44], "uv_size": [2, -2]}
							}
						},
						{
							"origin": [-2.8, 1, -4.75],
							"size": [1.5, 5, 1.5],
							"pivot": [-2.05, 3.5, -3.9],
							"rotation": [0, 45, 0],
							"uv": {
								"north": {"uv": [36, 5], "uv_size": [2, 5]},
								"east": {"uv": [36, 10], "uv_size": [2, 5]},
								"south": {"uv": [36, 15], "uv_size": [2, 5]},
								"west": {"uv": [36, 20], "uv_size": [2, 5]},
								"up": {"uv": [42, 42], "uv_size": [2, 2]},
								"down": {"uv": [42, 26], "uv_size": [2, -2]}
							}
						}
					]
				},
				{
					"name": "bone2",
					"parent": "st",
					"pivot": [7, 0, 0],
					"cubes": [
						{
							"origin": [1, 0, -3],
							"size": [5, 7, 5],
							"uv": {
								"north": {"uv": [14, 7], "uv_size": [5, 7]},
								"east": {"uv": [0, 15], "uv_size": [5, 7]},
								"south": {"uv": [5, 17], "uv_size": [5, 7]},
								"west": {"uv": [19, 19], "uv_size": [5, 7]},
								"up": {"uv": [29, 19], "uv_size": [5, 5]},
								"down": {"uv": [31, 5], "uv_size": [5, -5]}
							}
						},
						{
							"origin": [0, 1, -3],
							"size": [7, 5, 5],
							"uv": {
								"north": {"uv": [19, 0], "uv_size": [7, 5]},
								"east": {"uv": [31, 5], "uv_size": [5, 5]},
								"south": {"uv": [19, 5], "uv_size": [7, 5]},
								"west": {"uv": [31, 24], "uv_size": [5, 5]},
								"up": {"uv": [19, 10], "uv_size": [7, 5]},
								"down": {"uv": [10, 26], "uv_size": [7, -5]}
							}
						},
						{
							"origin": [1, 1, -4],
							"size": [5, 5, 7],
							"uv": {
								"north": {"uv": [32, 32], "uv_size": [5, 5]},
								"east": {"uv": [0, 24], "uv_size": [7, 5]},
								"south": {"uv": [5, 33], "uv_size": [5, 5]},
								"west": {"uv": [24, 24], "uv_size": [7, 5]},
								"up": {"uv": [24, 15], "uv_size": [5, 7]},
								"down": {"uv": [7, 33], "uv_size": [5, -7]}
							}
						},
						{
							"origin": [1, 6, -4],
							"size": [5, 1.45, 1],
							"pivot": [3, 6, -4],
							"rotation": [-45, 0, 0],
							"uv": {
								"north": {"uv": [19, 15], "uv_size": [5, 1]},
								"east": {"uv": [34, 44], "uv_size": [1, 1]},
								"south": {"uv": [19, 16], "uv_size": [5, 1]},
								"west": {"uv": [35, 44], "uv_size": [1, 1]},
								"up": {"uv": [19, 17], "uv_size": [5, 1]},
								"down": {"uv": [19, 19], "uv_size": [5, -1]}
							}
						},
						{
							"origin": [-7, 6, -5],
							"size": [5, 1.45, 1],
							"pivot": [-5, 6, -5],
							"rotation": [-45, 0, 0],
							"uv": {
								"north": {"uv": [0, 22], "uv_size": [5, 1]},
								"east": {"uv": [36, 44], "uv_size": [1, 1]},
								"south": {"uv": [0, 23], "uv_size": [5, 1]},
								"west": {"uv": [37, 44], "uv_size": [1, 1]},
								"up": {"uv": [24, 22], "uv_size": [5, 1]},
								"down": {"uv": [24, 24], "uv_size": [5, -1]}
							}
						},
						{
							"origin": [-7, -0.5, -5],
							"size": [5, 1.45, 1],
							"pivot": [-5, 1, -5],
							"rotation": [45, 0, 0],
							"uv": {
								"north": {"uv": [39, 14], "uv_size": [5, 1]},
								"east": {"uv": [44, 10], "uv_size": [1, 1]},
								"south": {"uv": [39, 15], "uv_size": [5, 1]},
								"west": {"uv": [44, 11], "uv_size": [1, 1]},
								"up": {"uv": [39, 16], "uv_size": [5, 1]},
								"down": {"uv": [39, 18], "uv_size": [5, -1]}
							}
						},
						{
							"origin": [1, -0.5, -4],
							"size": [5, 1.45, 1],
							"pivot": [3, 1, -4],
							"rotation": [45, 0, 0],
							"uv": {
								"north": {"uv": [39, 18], "uv_size": [5, 1]},
								"east": {"uv": [44, 12], "uv_size": [1, 1]},
								"south": {"uv": [39, 19], "uv_size": [5, 1]},
								"west": {"uv": [44, 13], "uv_size": [1, 1]},
								"up": {"uv": [39, 20], "uv_size": [5, 1]},
								"down": {"uv": [39, 22], "uv_size": [5, -1]}
							}
						},
						{
							"origin": [-7, 6, 1],
							"size": [5, 1.45, 1],
							"pivot": [-5, 6, 2],
							"rotation": [45, 0, 0],
							"uv": {
								"north": {"uv": [32, 30], "uv_size": [5, 1]},
								"east": {"uv": [42, 44], "uv_size": [1, 1]},
								"south": {"uv": [32, 31], "uv_size": [5, 1]},
								"west": {"uv": [43, 44], "uv_size": [1, 1]},
								"up": {"uv": [37, 35], "uv_size": [5, 1]},
								"down": {"uv": [37, 37], "uv_size": [5, -1]}
							}
						},
						{
							"origin": [-8, 6, -4],
							"size": [1, 1.45, 5],
							"pivot": [-8, 6, -2],
							"rotation": [0, 0, 45],
							"uv": {
								"north": {"uv": [44, 14], "uv_size": [1, 1]},
								"east": {"uv": [39, 22], "uv_size": [5, 1]},
								"south": {"uv": [44, 15], "uv_size": [1, 1]},
								"west": {"uv": [39, 23], "uv_size": [5, 1]},
								"up": {"uv": [3, 39], "uv_size": [1, 5]},
								"down": {"uv": [39, 29], "uv_size": [1, -5]}
							}
						},
						{
							"origin": [0, 6, -3],
							"size": [1, 1.45, 5],
							"pivot": [0, 6, -1],
							"rotation": [0, 0, 45],
							"uv": {
								"north": {"uv": [44, 20], "uv_size": [1, 1]},
								"east": {"uv": [39, 33], "uv_size": [5, 1]},
								"south": {"uv": [44, 21], "uv_size": [1, 1]},
								"west": {"uv": [39, 34], "uv_size": [5, 1]},
								"up": {"uv": [26, 40], "uv_size": [1, 5]},
								"down": {"uv": [27, 45], "uv_size": [1, -5]}
							}
						},
						{
							"origin": [-2, 6, -4],
							"size": [1, 1.45, 5],
							"pivot": [-1, 6, -2],
							"rotation": [0, 0, -45],
							"uv": {
								"north": {"uv": [44, 16], "uv_size": [1, 1]},
								"east": {"uv": [39, 29], "uv_size": [5, 1]},
								"south": {"uv": [44, 17], "uv_size": [1, 1]},
								"west": {"uv": [39, 30], "uv_size": [5, 1]},
								"up": {"uv": [22, 40], "uv_size": [1, 5]},
								"down": {"uv": [23, 45], "uv_size": [1, -5]}
							}
						},
						{
							"origin": [6, 6, -3],
							"size": [1, 1.45, 5],
							"pivot": [7, 6, -1],
							"rotation": [0, 0, -45],
							"uv": {
								"north": {"uv": [44, 18], "uv_size": [1, 1]},
								"east": {"uv": [39, 31], "uv_size": [5, 1]},
								"south": {"uv": [44, 19], "uv_size": [1, 1]},
								"west": {"uv": [39, 32], "uv_size": [5, 1]},
								"up": {"uv": [24, 40], "uv_size": [1, 5]},
								"down": {"uv": [25, 45], "uv_size": [1, -5]}
							}
						},
						{
							"origin": [6, -0.45, -3],
							"size": [1, 1.45, 5],
							"pivot": [7, 1, -1],
							"rotation": [0, 0, 45],
							"uv": {
								"north": {"uv": [44, 22], "uv_size": [1, 1]},
								"east": {"uv": [40, 40], "uv_size": [5, 1]},
								"south": {"uv": [44, 23], "uv_size": [1, 1]},
								"west": {"uv": [40, 0], "uv_size": [5, 1]},
								"up": {"uv": [28, 40], "uv_size": [1, 5]},
								"down": {"uv": [29, 45], "uv_size": [1, -5]}
							}
						},
						{
							"origin": [-2, -0.45, -4],
							"size": [1, 1.45, 5],
							"pivot": [-1, 1, -2],
							"rotation": [0, 0, 45],
							"uv": {
								"north": {"uv": [44, 28], "uv_size": [1, 1]},
								"east": {"uv": [40, 38], "uv_size": [5, 1]},
								"south": {"uv": [44, 29], "uv_size": [1, 1]},
								"west": {"uv": [40, 39], "uv_size": [5, 1]},
								"up": {"uv": [41, 41], "uv_size": [1, 5]},
								"down": {"uv": [41, 29], "uv_size": [1, -5]}
							}
						},
						{
							"origin": [0, -0.45, -3],
							"size": [1, 1.45, 5],
							"pivot": [0, 1, -1],
							"rotation": [0, 0, -45],
							"uv": {
								"north": {"uv": [44, 24], "uv_size": [1, 1]},
								"east": {"uv": [40, 1], "uv_size": [5, 1]},
								"south": {"uv": [44, 25], "uv_size": [1, 1]},
								"west": {"uv": [40, 2], "uv_size": [5, 1]},
								"up": {"uv": [30, 40], "uv_size": [1, 5]},
								"down": {"uv": [31, 45], "uv_size": [1, -5]}
							}
						},
						{
							"origin": [-8, -0.45, -4],
							"size": [1, 1.45, 5],
							"pivot": [-8, 1, -2],
							"rotation": [0, 0, -45],
							"uv": {
								"north": {"uv": [44, 26], "uv_size": [1, 1]},
								"east": {"uv": [40, 3], "uv_size": [5, 1]},
								"south": {"uv": [44, 27], "uv_size": [1, 1]},
								"west": {"uv": [40, 4], "uv_size": [5, 1]},
								"up": {"uv": [40, 24], "uv_size": [1, 5]},
								"down": {"uv": [40, 46], "uv_size": [1, -5]}
							}
						},
						{
							"origin": [1, 6, 2],
							"size": [5, 1.45, 1],
							"pivot": [3, 6, 3],
							"rotation": [45, 0, 0],
							"uv": {
								"north": {"uv": [38, 37], "uv_size": [5, 1]},
								"east": {"uv": [44, 44], "uv_size": [1, 1]},
								"south": {"uv": [22, 39], "uv_size": [5, 1]},
								"west": {"uv": [44, 5], "uv_size": [1, 1]},
								"up": {"uv": [27, 39], "uv_size": [5, 1]},
								"down": {"uv": [39, 6], "uv_size": [5, -1]}
							}
						},
						{
							"origin": [1, -0.5, 2],
							"size": [5, 1.45, 1],
							"pivot": [3, 1, 3],
							"rotation": [-45, 0, 0],
							"uv": {
								"north": {"uv": [39, 6], "uv_size": [5, 1]},
								"east": {"uv": [44, 6], "uv_size": [1, 1]},
								"south": {"uv": [39, 7], "uv_size": [5, 1]},
								"west": {"uv": [44, 7], "uv_size": [1, 1]},
								"up": {"uv": [39, 8], "uv_size": [5, 1]},
								"down": {"uv": [39, 10], "uv_size": [5, -1]}
							}
						},
						{
							"origin": [-7, -0.5, 1],
							"size": [5, 1.45, 1],
							"pivot": [-5, 1, 2],
							"rotation": [-45, 0, 0],
							"uv": {
								"north": {"uv": [39, 10], "uv_size": [5, 1]},
								"east": {"uv": [44, 8], "uv_size": [1, 1]},
								"south": {"uv": [39, 11], "uv_size": [5, 1]},
								"west": {"uv": [44, 9], "uv_size": [1, 1]},
								"up": {"uv": [39, 12], "uv_size": [5, 1]},
								"down": {"uv": [39, 14], "uv_size": [5, -1]}
							}
						}
					]
				},
				{
					"name": "gan",
					"parent": "st",
					"pivot": [0, 0, 0],
					"cubes": [
						{
							"origin": [-5, 7, -2],
							"size": [1, 3, 1],
							"pivot": [-5, 7, 0],
							"rotation": [0, 0, 17.5],
							"uv": {
								"north": {"uv": [16, 43], "uv_size": [1, 3]},
								"east": {"uv": [17, 43], "uv_size": [1, 3]},
								"south": {"uv": [18, 43], "uv_size": [1, 3]},
								"west": {"uv": [19, 43], "uv_size": [1, 3]},
								"up": {"uv": [22, 28], "uv_size": [1, 1]},
								"down": {"uv": [23, 29], "uv_size": [1, -1]}
							}
						},
						{
							"origin": [3, 7, -1],
							"size": [1, 3.8, 1],
							"pivot": [4, 7, 0],
							"rotation": [-2.5, 0, -32.5],
							"uv": {
								"north": {"uv": [5, 29], "uv_size": [1, 4]},
								"east": {"uv": [6, 29], "uv_size": [1, 4]},
								"south": {"uv": [31, 10], "uv_size": [1, 4]},
								"west": {"uv": [32, 10], "uv_size": [1, 4]},
								"up": {"uv": [42, 41], "uv_size": [1, 1]},
								"down": {"uv": [43, 29], "uv_size": [1, -1]}
							}
						},
						{
							"origin": [-0.88131, 5.84766, -1.51027],
							"size": [1, 5, 1],
							"pivot": [-3, 10, -1],
							"rotation": [10, 0, -52.5],
							"uv": {
								"north": {"uv": [38, 5], "uv_size": [1, 5]},
								"east": {"uv": [38, 10], "uv_size": [1, 5]},
								"south": {"uv": [38, 15], "uv_size": [1, 5]},
								"west": {"uv": [38, 20], "uv_size": [1, 5]},
								"up": {"uv": [43, 37], "uv_size": [1, 1]},
								"down": {"uv": [43, 42], "uv_size": [1, -1]}
							}
						},
						{
							"origin": [-4.0516, 9.83814, -2],
							"size": [1, 4, 1],
							"pivot": [-4, 10, 0],
							"rotation": [0, 0, 37.5],
							"uv": {
								"north": {"uv": [10, 17], "uv_size": [1, 4]},
								"east": {"uv": [11, 17], "uv_size": [1, 4]},
								"south": {"uv": [12, 17], "uv_size": [1, 4]},
								"west": {"uv": [13, 17], "uv_size": [1, 4]},
								"up": {"uv": [35, 29], "uv_size": [1, 1]},
								"down": {"uv": [42, 29], "uv_size": [1, -1]}
							}
						}
					]
				},
				{
					"name": "sf",
					"parent": "st",
					"pivot": [0, 0, 0],
					"cubes": [
						{
							"origin": [-2, 12, -2],
							"size": [1, 3, 1],
							"pivot": [-1, 12, -2],
							"rotation": [0, 0, 62.5],
							"uv": {
								"north": {"uv": [20, 43], "uv_size": [1, 3]},
								"east": {"uv": [21, 43], "uv_size": [1, 3]},
								"south": {"uv": [38, 43], "uv_size": [1, 3]},
								"west": {"uv": [39, 43], "uv_size": [1, 3]},
								"up": {"uv": [0, 44], "uv_size": [1, 1]},
								"down": {"uv": [1, 45], "uv_size": [1, -1]}
							}
						},
						{
							"origin": [-2, 12, -2],
							"size": [1, 5, 1],
							"pivot": [-1, 12, -2],
							"rotation": [0, 0, 45],
							"uv": {
								"north": {"uv": [38, 25], "uv_size": [1, 5]},
								"east": {"uv": [0, 39], "uv_size": [1, 5]},
								"south": {"uv": [1, 39], "uv_size": [1, 5]},
								"west": {"uv": [2, 39], "uv_size": [1, 5]},
								"up": {"uv": [32, 44], "uv_size": [1, 1]},
								"down": {"uv": [33, 45], "uv_size": [1, -1]}
							}
						},
						{
							"origin": [-2, 12, -2],
							"size": [1, 4, 1],
							"pivot": [-1, 12, -2],
							"rotation": [0, 0, 17.5],
							"uv": {
								"north": {"uv": [33, 10], "uv_size": [1, 4]},
								"east": {"uv": [4, 34], "uv_size": [1, 4]},
								"south": {"uv": [34, 20], "uv_size": [1, 4]},
								"west": {"uv": [35, 20], "uv_size": [1, 4]},
								"up": {"uv": [2, 44], "uv_size": [1, 1]},
								"down": {"uv": [3, 45], "uv_size": [1, -1]}
							}
						},
						{
							"origin": [-1.11475, 13.66103, -2],
							"size": [2.5, 2, 1],
							"pivot": [0.38525, 14.66103, -1.5],
							"rotation": [0, 180, 27.5],
							"uv": {
								"north": {"uv": [7, 5], "uv_size": [3, 2]},
								"east": {"uv": [13, 5], "uv_size": [1, 2]},
								"south": {"uv": [10, 5], "uv_size": [3, 2]},
								"west": {"uv": [9, 24], "uv_size": [1, 2]},
								"up": {"uv": [26, 14], "uv_size": [3, 1]},
								"down": {"uv": [32, 30], "uv_size": [3, -1]}
							}
						}
					]
				}
			]
		}
	]
}