{
	"format_version": "1.12.0",
	"minecraft:geometry": [
		{
			"description": {
				"identifier": "geometry.ed_dinoimp",
				"texture_width": 64,
				"texture_height": 32,
				"visible_bounds_width": 3,
				"visible_bounds_height": 4,
				"visible_bounds_offset": [0, 1, 0]
			},
			"bones": [
				{
					"name": "waist",
					"pivot": [0, 12, 0]
				},
				{
					"name": "body",
					"parent": "waist",
					"pivot": [0, 18, 0],
					"cubes": [
						{"origin": [-3, 6, -2], "size": [6, 12, 5], "uv": [16, 16]}
					]
				},
				{
					"name": "head",
					"parent": "body",
					"pivot": [0, 18, 0],
					"cubes": [
						{"origin": [-4, 18, -3.5], "size": [8, 8, 8], "uv": [0, 0]},
						{"origin": [-4, 23, -4.5], "size": [4, 2, 1], "uv": [22, 13]},
						{"origin": [0, 23, -4.5], "size": [4, 2, 1], "uv": [22, 13], "mirror": true}
					]
				},
				{
					"name": "hat",
					"parent": "head",
					"pivot": [0, 18, 0]
				},
				{
					"name": "rightArm",
					"parent": "body",
					"pivot": [-5, 18, 0],
					"cubes": [
						{"origin": [-6, 9, -1], "size": [3, 9, 3], "uv": [40, 16]}
					]
				},
				{
					"name": "rightItem",
					"parent": "rightArm",
					"pivot": [-6, 9, 1]
				},
				{
					"name": "leftArm",
					"parent": "body",
					"pivot": [5, 18, 0],
					"mirror": true,
					"cubes": [
						{"origin": [3, 9, -1], "size": [3, 9, 3], "uv": [40, 16]}
					]
				},
				{
					"name": "rightLeg",
					"parent": "body",
					"pivot": [-1.9, 9, 0],
					"cubes": [
						{"origin": [-2.9, 0, -1], "size": [3, 9, 3], "uv": [40, 16]}
					]
				},
				{
					"name": "leftLeg",
					"parent": "body",
					"pivot": [1.9, 9, 0],
					"mirror": true,
					"cubes": [
						{"origin": [-0.1, 0, -1], "size": [3, 9, 3], "uv": [40, 16]}
					]
				}
			]
		}
	]
}