{
	"format_version": "1.12.0",
	"minecraft:geometry": [
		{
			"description": {
				"identifier": "geometry.ed_dino_flag",
				"texture_width": 64,
				"texture_height": 64,
				"visible_bounds_width": 3,
				"visible_bounds_height": 5,
				"visible_bounds_offset": [0, 1.5, 0]
			},
			"bones": [
				{
					"name": "waist",
					"pivot": [0, 12, 0]
				},
				{
					"name": "body",
					"parent": "waist",
					"pivot": [0, 24, 0],
					"cubes": [
						{"origin": [-4, 12, -2], "size": [8, 12, 4], "uv": [32, 32]},
						{"origin": [-4, 9, -3], "size": [8, 10, 6], "uv": [27, 0]}
					]
				},
				{
					"name": "head",
					"parent": "body",
					"pivot": [0, 24, 0],
					"cubes": [
						{"origin": [-4, 24, -4], "size": [8, 8, 8], "uv": [0, 25]},
						{"origin": [-4, 29, -5], "size": [4, 2, 1], "pivot": [-2, 30, -4.5], "rotation": [0, 0, 7.5], "uv": [10, 4]},
						{"origin": [0, 29, -5], "size": [4, 2, 1], "pivot": [2, 30, -4.5], "rotation": [0, 0, -5], "uv": [10, 4]},
						{"origin": [-4, 21, -3.8], "size": [8, 3, 1], "uv": [0, 0]},
						{"origin": [-5, 21, -3.8], "size": [4, 3, 1], "pivot": [0, 23, -4], "rotation": [0, 0, 32.5], "uv": [0, 4]},
						{"origin": [1, 21, -3.8], "size": [4, 3, 1], "pivot": [0, 23, -4], "rotation": [0, 0, -32.5], "uv": [0, 4], "mirror": true}
					]
				},
				{
					"name": "hat",
					"parent": "head",
					"pivot": [0, 24, 0]
				},
				{
					"name": "rightArm",
					"parent": "body",
					"pivot": [-5, 22, 0],
					"cubes": [
						{"origin": [-8, 12, -2], "size": [4, 12, 4], "uv": [48, 48]}
					]
				},
				{
					"name": "rightItem",
					"parent": "rightArm",
					"pivot": [-6, 15, 1],
					"cubes": [
						{"origin": [-7.5, 11, 3], "size": [3, 3, 3], "pivot": [-6, 13.5, 3.5], "rotation": [102.5, 0, 0], "uv": [24, 25]},
						{"origin": [-7.5, 10, 1], "size": [3, 3, 3], "pivot": [-6, 12.5, 3.5], "rotation": [75, 0, 0], "uv": [24, 25]},
						{"origin": [-7.5, 13, -23], "size": [3, 3, 3], "pivot": [-6, 13, -20], "rotation": [-22.5, 0, 0], "uv": [24, 25]},
						{"origin": [-7.5, 13, -23], "size": [3, 3, 3], "pivot": [-6, 13, -20], "rotation": [100, 0, 0], "uv": [24, 25]},
						{"origin": [-7, 12, -19], "size": [0, 13, 9], "uv": [0, 0]},
						{"origin": [-7, 12, -20], "size": [2, 2, 23], "uv": [0, 0]}
					]
				},
				{
					"name": "leftArm",
					"parent": "body",
					"pivot": [5, 22, 0],
					"mirror": true,
					"cubes": [
						{"origin": [4, 12, -2], "size": [4, 12, 4], "uv": [32, 48], "mirror": false}
					]
				},
				{
					"name": "rightLeg",
					"parent": "body",
					"pivot": [-1.9, 12, 0],
					"cubes": [
						{"origin": [-3.9, 0, -2], "size": [4, 12, 4], "uv": [16, 41]}
					]
				},
				{
					"name": "leftLeg",
					"parent": "body",
					"pivot": [1.9, 12, 0],
					"mirror": true,
					"cubes": [
						{"origin": [-0.1, 0, -2], "size": [4, 12, 4], "uv": [0, 41], "mirror": false}
					]
				}
			]
		}
	]
}