{
	"format_version": "1.12.0",
	"minecraft:geometry": [
		{
			"description": {
				"identifier": "geometry.ed_dinobully",
				"texture_width": 128,
				"texture_height": 128,
				"visible_bounds_width": 5,
				"visible_bounds_height": 5,
				"visible_bounds_offset": [0, 1.5, 0]
			},
			"bones": [
				{
					"name": "waist",
					"pivot": [0, 18, 0]
				},
				{
					"name": "body",
					"parent": "waist",
					"pivot": [0, 42, 0],
					"cubes": [
						{"origin": [-7, 19.8, -3], "size": [14, 19.8, 6], "uv": [76, 101]},
						{"origin": [-7, 12.8, -3], "size": [14, 7.8, 6], "uv": [88, 58]}
					]
				},
				{
					"name": "head",
					"parent": "body",
					"pivot": [0, 42, 0],
					"cubes": [
						{"origin": [-6, 39.6, -6], "size": [12, 12, 12], "uv": [34, 16]}
					]
				},
				{
					"name": "hat",
					"parent": "head",
					"pivot": [0, 42, 0]
				},
				{
					"name": "bone",
					"parent": "hat",
					"pivot": [0, 51, -5],
					"cubes": [
						{"origin": [-7, 48, -7], "size": [6, 3, 4], "uv": [35, 0]},
						{"origin": [1, 48, -7], "size": [6, 3, 4], "uv": [35, 0]},
						{"origin": [-1, 48, -7], "size": [2, 2, 1], "uv": [41, 5]},
						{"origin": [-6, 36, -7], "size": [12, 5, 1], "uv": [28, 7]},
						{"origin": [-1, 33, -8], "size": [2, 8, 1], "uv": [36, 3]},
						{"origin": [6, 40, -7], "size": [1, 3, 6], "pivot": [12, 41, -7], "rotation": [22.5, 0, 0], "uv": [0, 8]},
						{"origin": [-7, 40, -7], "size": [1, 3, 6], "pivot": [-1, 41, -7], "rotation": [22.5, 0, 0], "uv": [0, 8]},
						{"origin": [-9, 40, 7], "size": [18, 6, 3], "pivot": [12, 41, -7], "rotation": [22.5, 0, 0], "uv": [27, 0]},
						{"origin": [6, 40, -1], "size": [3, 5, 8], "pivot": [12, 41, -7], "rotation": [22.5, 0, 0], "uv": [30, 0]},
						{"origin": [-9, 40, -1], "size": [3, 5, 8], "pivot": [-3, 41, -7], "rotation": [22.5, 0, 0], "uv": [30, 0]},
						{"origin": [-5, 32, -7], "size": [9, 9, 1], "pivot": [0, 37, -6.5], "rotation": [0, 0, -45], "uv": [80, 42]}
					]
				},
				{
					"name": "bone2",
					"parent": "bone",
					"pivot": [0, 37, -6.5],
					"cubes": [
						{"origin": [-6, 36, -7.5], "size": [12, 2, 2], "uv": [92, 0]},
						{"origin": [6, 36, -7.5], "size": [2, 2, 2], "pivot": [0, 37, -7.5], "rotation": [0, 0, -7.5], "uv": [92, 0]},
						{"origin": [6, 36, -7.5], "size": [2, 2, 2], "pivot": [0, 37, -7.5], "rotation": [0, 0, 12.5], "uv": [92, 0]},
						{"origin": [-8, 36, -7.5], "size": [2, 2, 2], "pivot": [0, 37, -7.5], "rotation": [0, 0, 7.5], "uv": [92, 0]},
						{"origin": [-8, 36, -7.5], "size": [2, 2, 2], "pivot": [0, 37, -7.5], "rotation": [0, 0, -12.5], "uv": [92, 0]}
					]
				},
				{
					"name": "rightArm",
					"parent": "body",
					"pivot": [-7.5, 36, 0],
					"rotation": [0, 0, 5],
					"cubes": [
						{"origin": [-11, 26.4, -3], "size": [5, 13.2, 6], "uv": [74, 5]},
						{"origin": [-11, 8.2, -3], "size": [5, 19.2, 6], "pivot": [0, 27.5, 0], "rotation": [-15, 0, 0], "uv": [106, 31]},
						{"origin": [-13, 13.2, -3], "size": [2, 8.2, 6], "pivot": [0, 27.5, 0], "rotation": [-15, 0, 0], "uv": [112, 5]}
					]
				},
				{
					"name": "rightItem",
					"parent": "rightArm",
					"pivot": [-9, 28.5, 1.5]
				},
				{
					"name": "leftArm",
					"parent": "body",
					"pivot": [7.5, 36, 0],
					"rotation": [2.5, 0, -5],
					"mirror": true,
					"cubes": [
						{"origin": [6, 25.3, -3], "size": [5, 14.3, 6], "uv": [70, 71], "mirror": false},
						{"origin": [6, 7.1, -3], "size": [5, 19.3, 6], "pivot": [7, 25.3, 0], "rotation": [-15, 0, 0], "uv": [104, 30], "mirror": false},
						{"origin": [11, 12.1, -3], "size": [2, 8.3, 6], "pivot": [7, 25.3, 0], "rotation": [-15, 0, 0], "uv": [112, 5], "mirror": false}
					]
				},
				{
					"name": "rightLeg",
					"parent": "body",
					"pivot": [-2.85, 24, 0],
					"cubes": [
						{"origin": [-6.85, 0, -2], "size": [6, 19.8, 4], "uv": [48, 65]}
					]
				},
				{
					"name": "leftLeg",
					"parent": "body",
					"pivot": [2.85, 24, 0],
					"mirror": true,
					"cubes": [
						{"origin": [0.85, 0, -2], "size": [6, 19.8, 4], "uv": [104, 31], "mirror": false}
					]
				}
			]
		}
	]
}