{
	"format_version": "1.12.0",
	"minecraft:geometry": [
		{
			"description": {
				"identifier": "geometry.ed_dinoggt",
				"texture_width": 128,
				"texture_height": 128,
				"visible_bounds_width": 5,
				"visible_bounds_height": 6,
				"visible_bounds_offset": [0, 2, 0]
			},
			"bones": [
				{
					"name": "body",
					"pivot": [0, 19, 0],
					"cubes": [
						{"origin": [-7, 18, -6], "size": [14, 16, 12], "uv": [0, 28]}
					]
				},
				{
					"name": "topbody",
					"parent": "body",
					"pivot": [0, 31, 0],
					"cubes": [
						{"origin": [-12, 31, -8], "size": [24, 12, 16], "uv": [0, 0]}
					]
				},
				{
					"name": "head",
					"parent": "topbody",
					"pivot": [0, 43, -6],
					"cubes": [
						{"origin": [-4, 48.75, -11], "size": [4, 1, 0], "inflate": 0.5, "pivot": [-2, 49.25, -11], "rotation": [0, 0, 10], "uv": [28, 119]},
						{"origin": [0, 48.75, -11], "size": [4, 1, 0], "inflate": 0.5, "pivot": [2, 49.25, -11], "rotation": [0, 0, -10], "uv": [28, 119], "mirror": true},
						{"origin": [-2, 46, -11], "size": [4, 0, 0], "inflate": 0.5, "uv": [69, 15]},
						{"origin": [3, 45, -11], "size": [0, 1, 0], "inflate": 0.5, "pivot": [3, 45.5, -11], "rotation": [0, 0, -50], "uv": [69, 15]},
						{"origin": [-3, 45, -11], "size": [0, 1, 0], "inflate": 0.5, "pivot": [-3, 45.5, -11], "rotation": [0, 0, 50], "uv": [69, 15]},
						{"origin": [-4, 43, -10], "size": [8, 8, 8], "inflate": 0.5, "uv": [0, 56]},
						{"origin": [-5, 40, -9], "size": [10, 6, 0], "inflate": 0.5, "uv": [62, 103]},
						{"origin": [-5, 40, -10], "size": [10, 2, 0], "inflate": 0.5, "uv": [57, 107]}
					]
				},
				{
					"name": "bone3",
					"parent": "head",
					"pivot": [0, 55, -4]
				},
				{
					"name": "leftArm",
					"parent": "topbody",
					"pivot": [15, 39, 0],
					"rotation": [27.5, 0, -2.5],
					"cubes": [
						{"origin": [12, 27, -5], "size": [6, 15, 8], "uv": [52, 28]}
					]
				},
				{
					"name": "leftarm2",
					"parent": "leftArm",
					"pivot": [15, 27, 0],
					"rotation": [-27.5, 0, 0],
					"cubes": [
						{"origin": [12, 12, -5], "size": [6, 15, 8], "inflate": 0.01, "uv": [52, 28]}
					]
				},
				{
					"name": "bone2",
					"parent": "leftarm2",
					"pivot": [13, 12, -6],
					"rotation": [85, 7.5, -167.5],
					"cubes": [
						{"origin": [10.09834, 1.22584, -11.69446], "size": [4, 47, 5], "pivot": [9.58525, 2.28023, -8.92125], "rotation": [0, -7.5, 0], "uv": [110, 0]},
						{"origin": [10.09834, 1.22584, -11.69446], "size": [4, 47, 5], "pivot": [9.58525, 2.28023, -8.92125], "rotation": [-2.5, -7.5, -2.5], "uv": [110, 0]},
						{"origin": [10.09834, 1.22584, -11.69446], "size": [4, 47, 5], "pivot": [9.58525, 2.28023, -8.92125], "rotation": [-2.5, -7.5, 2.5], "uv": [110, 0]},
						{"origin": [10.09834, 1.22584, -11.69446], "size": [4, 47, 5], "pivot": [9.58525, 2.28023, -8.92125], "rotation": [-5, -7.5, 0], "uv": [110, 0]}
					]
				},
				{
					"name": "rightArm",
					"parent": "topbody",
					"pivot": [-15, 39, 0],
					"cubes": [
						{"origin": [-18, 27, -5], "size": [6, 15, 8], "uv": [52, 28]}
					]
				},
				{
					"name": "rightarm2",
					"parent": "rightArm",
					"pivot": [-15, 27, 0],
					"cubes": [
						{"origin": [-18, 12, -5], "size": [6, 15, 8], "inflate": 0.01, "uv": [52, 28]}
					]
				},
				{
					"name": "rightleg",
					"pivot": [-6, 19, 0],
					"cubes": [
						{"origin": [-9, 10, -3], "size": [7, 10, 6], "uv": [54, 34]}
					]
				},
				{
					"name": "rightleg2",
					"parent": "rightleg",
					"pivot": [-6, 10, 0],
					"cubes": [
						{"origin": [-9, 0, -3], "size": [7, 10, 6], "inflate": 0.01, "uv": [52, 35]}
					]
				},
				{
					"name": "leftleg",
					"pivot": [6, 19, 0],
					"cubes": [
						{"origin": [2, 10, -3], "size": [7, 10, 6], "uv": [53, 35]}
					]
				},
				{
					"name": "leftleg2",
					"parent": "leftleg",
					"pivot": [6, 10, 0],
					"cubes": [
						{"origin": [2, 0, -3], "size": [7, 10, 6], "inflate": 0.01, "uv": [53, 33]}
					]
				},
				{
					"name": "bone",
					"pivot": [0, 0, 0]
				}
			]
		}
	]
}