{"format_version":"1.8.0","geometry.ed_ded_z":{"visible_bounds_width":2,"visible_bounds_height":2,"visible_bounds_offset":[0,1,0],"texturewidth":64,"textureheight":32,"bones":[{"name":"body","pivot":[0.0,24.0,0.0],"cubes":[{"origin":[-4.0,12.0,-2.0],"size":[8.0,12.0,4.0],"pivot":[0.0,0.0,0.0],"rotation":[0.0,0.0,0.0],"uv":[16,16],"inflate":0}],"parent":"waist","rotation":[0,0,0],"bind_pose_rotation":[0,0,0]},{"name":"waist","pivot":[0.0,12.0,0.0],"rotation":[0,0,0],"bind_pose_rotation":[0,0,0]},{"name":"head","pivot":[0.0,24.0,0.0],"cubes":[{"origin":[-4.0,24.0,-4.0],"size":[8.0,8.0,8.0],"pivot":[0.0,0.0,0.0],"rotation":[0.0,0.0,0.0],"uv":[0,0],"inflate":0}],"parent":"body","rotation":[0,0,0],"bind_pose_rotation":[0,0,0]},{"name":"hat","pivot":[0.0,24.0,0.0],"cubes":[{"origin":[-4.0,24.0,-4.0],"size":[8.0,8.0,8.0],"pivot":[0.0,0.0,0.0],"rotation":[0.0,0.0,0.0],"uv":[32,0],"inflate":0.5}],"parent":"head","rotation":[0,0,0],"bind_pose_rotation":[0,0,0]},{"name":"rightArm","pivot":[-5.0,22.0,0.0],"cubes":[{"origin":[-8.0,12.0,-2.0],"size":[4.0,12.0,4.0],"pivot":[0.0,0.0,0.0],"rotation":[0.0,0.0,0.0],"uv":[40,16],"inflate":0}],"parent":"body","rotation":[0,0,0],"bind_pose_rotation":[0,0,0]},{"name":"rightItem","pivot":[-6,15,1],"parent":"rightArm","rotation":[0,0,0],"bind_pose_rotation":[0,0,0]},{"name":"leftArm","pivot":[5.0,22.0,0.0],"cubes":[{"origin":[4.0,12.0,-2.0],"size":[4.0,12.0,4.0],"pivot":[0.0,0.0,0.0],"rotation":[0.0,0.0,0.0],"uv":[40,16],"inflate":0}],"parent":"body","mirror":true,"rotation":[0,0,0],"bind_pose_rotation":[0,0,0]},{"name":"rightLeg","pivot":[-1.9,12.0,0.0],"cubes":[{"origin":[-3.9,0.0,-2.0],"size":[4.0,12.0,4.0],"pivot":[0.0,0.0,0.0],"rotation":[0.0,0.0,0.0],"uv":[0,16],"inflate":0}],"parent":"body","rotation":[0,0,0],"bind_pose_rotation":[0,0,0]},{"name":"leftLeg","pivot":[1.9,12.0,0.0],"cubes":[{"origin":[-0.1,0.0,-2.0],"size":[4.0,12.0,4.0],"pivot":[0.0,0.0,0.0],"rotation":[0.0,0.0,0.0],"uv":[0,16],"inflate":0}],"parent":"body","mirror":true,"rotation":[0,0,0],"bind_pose_rotation":[0,0,0]}]}}