{
	"format_version": "1.12.0",
	"minecraft:geometry": [
		{
			"description": {
				"identifier": "geometry.ed_dc",
				"texture_width": 128,
				"texture_height": 128,
				"visible_bounds_width": 3,
				"visible_bounds_height": 2.5,
				"visible_bounds_offset": [0, 0.75, 0]
			},
			"bones": [
				{
					"name": "bone",
					"pivot": [0, 0, 0]
				},
				{
					"name": "bone2",
					"parent": "bone",
					"pivot": [0, 0, 0],
					"cubes": [
						{"origin": [-8, 0, -4], "size": [16, 1, 8], "uv": [29, 17]},
						{"origin": [-4, 0, -8], "size": [8, 1, 16], "uv": [0, 0]},
						{"origin": [-6, 1, -6], "size": [12, 1, 12], "uv": [32, 0]},
						{"origin": [-4, 2, -4], "size": [8, 1, 8], "uv": [0, 45]},
						{"origin": [-4, 2, -9], "size": [8, 1, 5], "pivot": [0, 3, -4], "rotation": [25, 0, 0], "uv": [21, 56]},
						{"origin": [-4, 2, 4], "size": [8, 1, 5], "pivot": [0, 3, 4], "rotation": [-25, 0, 0], "uv": [0, 54]},
						{"origin": [4, 2, -4], "size": [5, 1, 8], "pivot": [4, 3, 0], "rotation": [0, 0, 25], "uv": [42, 48]},
						{"origin": [-9, 2, -4], "size": [5, 1, 8], "pivot": [-4, 3, 0], "rotation": [0, 0, -25], "uv": [24, 47]},
						{"origin": [-3, 0, -8.5], "size": [6, 1, 17], "pivot": [0, 1, 0], "rotation": [0, 45, 0], "uv": [29, 29]},
						{"origin": [-3, 0, -8.5], "size": [6, 1, 17], "pivot": [0, 1, 0], "rotation": [0, -45, 0], "uv": [0, 17]}
					]
				},
				{
					"name": "bone3",
					"parent": "bone2",
					"pivot": [0, 2, -7],
					"cubes": [
						{"origin": [-4, 0, -8], "size": [3, 2, 1], "pivot": [0, 0, -4], "rotation": [-15, 0, 0], "uv": [0, 3]},
						{"origin": [1, 0, -8], "size": [3, 2, 1], "pivot": [0, 0, -4], "rotation": [-15, 0, 0], "uv": [0, 0]}
					]
				},
				{
					"name": "bone5",
					"parent": "bone3",
					"pivot": [0, 0, -4]
				},
				{
					"name": "bone4",
					"parent": "bone",
					"pivot": [0, 3, 0],
					"cubes": [
						{"origin": [-1, 3, 0], "size": [1, 2, 1], "pivot": [0, 3, 0], "rotation": [0, 0, -20], "uv": [8, 17]},
						{"origin": [3, 3, -1], "size": [1, 2, 1], "pivot": [4, 3, -1], "rotation": [0, 0, 15], "uv": [4, 17]},
						{"origin": [-5, 2, -5], "size": [1, 2, 1], "pivot": [-4, 2, -5], "rotation": [17.5, 0, -7.5], "uv": [0, 17]},
						{"origin": [4, 2, -5], "size": [1, 2, 1], "pivot": [4, 2, -5], "rotation": [17.5, 0, 7.5], "uv": [0, 9]},
						{"origin": [-2, 2, -5], "size": [1, 2, 1], "pivot": [-1, 2, -5], "rotation": [35, -2.5, -20], "uv": [11, 13]},
						{"origin": [1, 2, -5], "size": [1, 2, 1], "pivot": [1, 2, -5], "rotation": [35, 2.5, 20], "uv": [8, 3]},
						{"origin": [-6, 2, 3], "size": [1, 2, 1], "pivot": [-5, 2, 3], "rotation": [-17.5, 25, -30], "uv": [4, 10]},
						{"origin": [0, 3, -3], "size": [1, 2, 1], "pivot": [1, 3, -3], "rotation": [25, -2.5, 5], "uv": [10, 10]},
						{"origin": [5, 2, 3], "size": [1, 2, 1], "pivot": [6, 2, 3], "rotation": [-17.5, 0, 35], "uv": [10, 6]},
						{"origin": [-6, 2, -1], "size": [1, 2, 1], "pivot": [-5, 2, -1], "rotation": [0, 0, -30], "uv": [12, 3]},
						{"origin": [5, 2, -1], "size": [1, 2, 1], "pivot": [5, 2, -1], "rotation": [0, 0, 30], "uv": [0, 12]},
						{"origin": [-2, 3, 5], "size": [1, 2, 1], "pivot": [-1, 3, 5], "rotation": [-20, 0, -20], "uv": [12, 0]},
						{"origin": [-4, 3, 1], "size": [1, 2, 1], "pivot": [-3, 3, 1], "rotation": [-20, 0, -20], "uv": [7, 8]},
						{"origin": [1, 3, 4], "size": [1, 2, 1], "pivot": [1, 3, 4], "rotation": [-20, 0, 20], "uv": [7, 12]}
					]
				}
			]
		}
	]
}