{
	"format_version": "1.12.0",
	"minecraft:geometry": [
		{
			"description": {
				"identifier": "geometry.ed_egyptggt",
				"texture_width": 128,
				"texture_height": 128,
				"visible_bounds_width": 5,
				"visible_bounds_height": 5,
				"visible_bounds_offset": [0, 2.5, 0]
			},
			"bones": [
				{
					"name": "body",
					"pivot": [0, 19, 0],
					"cubes": [
						{"origin": [-7, 18, -6], "size": [14, 16, 12], "uv": [44, 21]}
					]
				},
				{
					"name": "topbody",
					"parent": "body",
					"pivot": [0, 31, 0],
					"cubes": [
						{"origin": [-12, 31, -8], "size": [24, 12, 16], "uv": [3, 21]}
					]
				},
				{
					"name": "head",
					"parent": "topbody",
					"pivot": [0, 43, -6],
					"cubes": [
						{"origin": [-4, 43, -10], "size": [8, 8, 8], "inflate": 0.5, "uv": [0, 0]}
					]
				},
				{
					"name": "bone3",
					"parent": "head",
					"pivot": [0, 55, -4],
					"cubes": [
						{"origin": [-4, 50, -11], "size": [8, 2, 10], "uv": [61, 103]},
						{"origin": [-5, 52, -7], "size": [10, 5, 2], "pivot": [0, 52, -11], "rotation": [-7.5, 0, 0], "uv": [85, 85]},
						{"origin": [-7, 32, -7], "size": [3, 20, 2], "pivot": [-5.5, 47, -6], "rotation": [-30, 0, 0], "uv": [66, 66]},
						{"origin": [4, 32, -7], "size": [3, 20, 2], "pivot": [5.5, 47, -6], "rotation": [-30, 0, 0], "uv": [66, 66]},
						{"origin": [-1, 52, -14], "size": [1, 1, 7], "pivot": [0, 52, -8], "rotation": [-77.5, 0, 0], "uv": [70, 103]},
						{"origin": [-2, 52, -15], "size": [3, 1, 5], "pivot": [0, 52, -8], "rotation": [-77.5, 0, 0], "uv": [65, 106]},
						{"origin": [-1, 58, -11], "size": [1, 1, 3], "pivot": [0, 58, -9], "rotation": [12.5, 0, 0], "uv": [70, 108]}
					]
				},
				{
					"name": "leftArm",
					"parent": "topbody",
					"pivot": [15, 39, 0],
					"rotation": [27.5, 0, -2.5],
					"cubes": [
						{"origin": [12, 27, -5], "size": [6, 15, 8], "uv": [83, 26], "mirror": true}
					]
				},
				{
					"name": "leftarm2",
					"parent": "leftArm",
					"pivot": [15, 27, 0],
					"rotation": [-27.5, 0, 0],
					"cubes": [
						{"origin": [12, 12, -5], "size": [6, 15, 8], "inflate": 0.01, "uv": [100, 51], "mirror": true}
					]
				},
				{
					"name": "bone2",
					"parent": "leftarm2",
					"pivot": [13, 12, -6],
					"rotation": [85, 7.5, -167.5],
					"cubes": [
						{"origin": [4, 1, -9], "size": [14, 37, 11], "uv": [0, 74]},
						{"origin": [10.5, 35, -19], "size": [1, 1, 10], "uv": [39, 0]},
						{"origin": [10, 27, -10], "size": [2, 4, 1], "uv": [41, 103]},
						{"origin": [8, 23, -10], "size": [6, 4, 1], "uv": [50, 11]}
					]
				},
				{
					"name": "rightArm",
					"parent": "topbody",
					"pivot": [-15, 39, 0],
					"cubes": [
						{"origin": [-18, 27, -5], "size": [6, 15, 8], "uv": [76, 24]}
					]
				},
				{
					"name": "rightarm2",
					"parent": "rightArm",
					"pivot": [-15, 27, 0],
					"cubes": [
						{"origin": [-18, 12, -5], "size": [6, 15, 8], "inflate": 0.01, "uv": [100, 51]}
					]
				},
				{
					"name": "rightleg",
					"pivot": [-6, 19, 0],
					"cubes": [
						{"origin": [-9, 10, -3], "size": [7, 10, 6], "uv": [59, 30]}
					]
				},
				{
					"name": "rightleg2",
					"parent": "rightleg",
					"pivot": [-6, 10, 0],
					"cubes": [
						{"origin": [-9, 0, -3], "size": [7, 10, 6], "inflate": 0.01, "uv": [80, 18]}
					]
				},
				{
					"name": "leftleg",
					"pivot": [6, 19, 0],
					"cubes": [
						{"origin": [2, 10, -3], "size": [7, 10, 6], "uv": [62, 35], "mirror": true}
					]
				},
				{
					"name": "leftleg2",
					"parent": "leftleg",
					"pivot": [6, 10, 0],
					"cubes": [
						{"origin": [2, 0, -3], "size": [7, 10, 6], "inflate": 0.01, "uv": [80, 18], "mirror": true}
					]
				},
				{
					"name": "bone",
					"pivot": [0, 0, 0]
				}
			]
		}
	]
}