{
	"format_version": "1.12.0",
	"minecraft:geometry": [
		{
			"description": {
				"identifier": "geometry.ed_fz",
				"texture_width": 64,
				"texture_height": 64,
				"visible_bounds_width": 3,
				"visible_bounds_height": 4,
				"visible_bounds_offset": [0, 2, 0]
			},
			"bones": [
				{
					"name": "waist",
					"pivot": [0, 12, 0]
				},
				{
					"name": "body",
					"parent": "waist",
					"pivot": [0, 24, 0],
					"cubes": [
						{"origin": [-4, 12, -2], "size": [8, 12, 4], "uv": [28, 28]}
					]
				},
				{
					"name": "head",
					"parent": "body",
					"pivot": [0, 24, 0],
					"cubes": [
						{"origin": [-4, 24, -4], "size": [8, 8, 8], "uv": [0, 16]}
					]
				},
				{
					"name": "hat",
					"parent": "head",
					"pivot": [0, 24, 0],
					"cubes": [
						{"origin": [-4, 24, -4], "size": [8, 8, 8], "inflate": 0.5, "uv": [0, 0]},
						{"origin": [5, 25, -5], "size": [-1, 2, 2], "inflate": 0.5, "uv": [58, 34]},
						{"origin": [-4, 25, -5], "size": [8, 2, 0], "inflate": 0.5, "uv": [48, 18]}
					]
				},
				{
					"name": "rightArm",
					"parent": "body",
					"pivot": [-5, 22, 0],
					"cubes": [
						{"origin": [-8, 12, -2], "size": [4, 12, 4], "pivot": [0, 22, 0], "rotation": [-7.5, 0, 0], "uv": [32, 0]}
					]
				},
				{
					"name": "rightItem",
					"parent": "rightArm",
					"pivot": [-6, 15, 1]
				},
				{
					"name": "leftArm",
					"parent": "body",
					"pivot": [5, 22, 0],
					"mirror": true,
					"cubes": [
						{"origin": [4, 12, -2], "size": [4, 12, 4], "uv": [32, 0]}
					]
				},
				{
					"name": "rightLeg",
					"parent": "body",
					"pivot": [-1.9, 12, 0],
					"cubes": [
						{"origin": [-3.9, 0, -2], "size": [4, 12, 4], "uv": [0, 32]}
					]
				},
				{
					"name": "leftLeg",
					"parent": "body",
					"pivot": [1.9, 12, 0],
					"mirror": true,
					"cubes": [
						{"origin": [-0.1, 0, -2], "size": [4, 12, 4], "uv": [0, 32]}
					]
				},
				{
					"name": "bone",
					"parent": "body",
					"pivot": [-4, 21, 0],
					"rotation": [0, 0, -2.5],
					"cubes": [
						{"origin": [-9, 21, -3], "size": [5, 5, 6], "uv": [29, 49]},
						{"origin": [-6, 26, -3], "size": [2, 7, 6], "pivot": [-4, 26, 0], "rotation": [0, 0, -75], "uv": [29, 49]},
						{"origin": [-12.71952, 20.34465, -3], "size": [2, 8, 6], "pivot": [-10.70697, 27.80511, 0], "rotation": [0, 0, -32.5], "uv": [6, 50]}
					]
				},
				{
					"name": "bone2",
					"parent": "body",
					"pivot": [5, 21, 0],
					"rotation": [0, 180, -2.5],
					"cubes": [
						{"origin": [0, 21, -3], "size": [5, 5, 6], "uv": [29, 49]},
						{"origin": [3, 26, -3], "size": [2, 7, 6], "pivot": [5, 26, 0], "rotation": [0, 0, -75], "uv": [29, 49]},
						{"origin": [-3.71952, 20.34465, -3], "size": [2, 8, 6], "pivot": [-1.70697, 27.80511, 0], "rotation": [0, 0, -32.5], "uv": [6, 50]}
					]
				}
			]
		}
	]
}