{
	"format_version": "1.12.0",
	"minecraft:geometry": [
		{
			"description": {
				"identifier": "geometry.ed_fl_box_new",
				"texture_width": 128,
				"texture_height": 128,
				"visible_bounds_width": 10,
				"visible_bounds_height": 6,
				"visible_bounds_offset": [0, 1, 0]
			},
			"bones": [
				{
					"name": "waist",
					"pivot": [0, 12, 0]
				},
				{
					"name": "body",
					"parent": "waist",
					"pivot": [0, 24, 0],
					"cubes": [
						{"origin": [-4, 12, -2], "size": [8, 12, 4], "uv": [46, 46]}
					]
				},
				{
					"name": "rf",
					"parent": "body",
					"pivot": [-5, 22, 0],
					"cubes": [
						{"origin": [-8, 12, -2], "size": [4, 12, 4], "pivot": [0, 24, 1], "rotation": [-90, 0, -22.5], "uv": [0, 48]}
					]
				},
				{
					"name": "rightItem",
					"parent": "rf",
					"pivot": [-6, 15, 1]
				},
				{
					"name": "lf",
					"parent": "body",
					"pivot": [5, 22, 0],
					"mirror": true,
					"cubes": [
						{"origin": [4, 12, -2], "size": [4, 12, 4], "pivot": [0, 24, 0], "rotation": [-90, 0, 15], "uv": [0, 48]}
					]
				},
				{
					"name": "rightLeg",
					"parent": "body",
					"pivot": [-1.9, 12, 0],
					"cubes": [
						{"origin": [-3.9, 0, -2], "size": [4, 12, 4], "uv": [0, 48]}
					]
				},
				{
					"name": "leftLeg",
					"parent": "body",
					"pivot": [1.9, 12, 0],
					"mirror": true,
					"cubes": [
						{"origin": [-0.1, 0, -2], "size": [4, 12, 4], "uv": [0, 48]}
					]
				},
				{
					"name": "bone",
					"parent": "body",
					"pivot": [0, 27, 0],
					"rotation": [32.5, 0, 0],
					"cubes": [
						{"origin": [-7, 9, -8], "size": [14, 37, 11], "uv": [0, 74]},
						{"origin": [-1, 35, -10], "size": [2, 4, 2], "uv": [0, 0]},
						{"origin": [-1, 42.5, -9], "size": [2, 2, 1], "uv": [0, 6]},
						{"origin": [-0.5, 44, -18], "size": [1, 1, 2], "uv": [4, 7]},
						{"origin": [-0.5, 43, -18], "size": [1, 1, 10], "uv": [39, 0]},
						{"origin": [-4, 31, -9], "size": [8, 4, 1], "uv": [50, 11]}
					]
				},
				{
					"name": "head",
					"parent": "body",
					"pivot": [0, 24, 0],
					"rotation": [32.5, 0, 0],
					"cubes": [
						{"origin": [-4, 24, -4], "size": [8, 8, 8], "uv": [86, 11]},
						{"origin": [-4, 32, -4], "size": [8, 4, 8], "uv": [96, 39]},
						{"origin": [-4, 36, 1], "size": [8, 4, 3], "uv": [101, 44]}
					]
				}
			]
		}
	]
}