{
	"format_version": "1.12.0",
	"minecraft:geometry": [
		{
			"description": {
				"identifier": "geometry.ed_fs",
				"texture_width": 128,
				"texture_height": 128,
				"visible_bounds_width": 3,
				"visible_bounds_height": 2.5,
				"visible_bounds_offset": [0, 0.75, 0]
			},
			"bones": [
				{
					"name": "body",
					"pivot": [0, 0, 0],
					"cubes": [
						{"origin": [-7, 0, -7], "size": [14, 8, 14], "uv": [49, 90]}
					]
				},
				{
					"name": "d",
					"parent": "body",
					"pivot": [0, 10, 0],
					"cubes": [
						{"origin": [-8, 14.8, -10], "size": [16, 3, 3], "pivot": [0, 18.5, -8.5], "rotation": [45, 0, 0], "uv": [50, 6]},
						{"origin": [-8, 16.8, 5], "size": [16, 3, 3], "pivot": [0, 18.3, 8.5], "rotation": [45, 0, 0], "uv": [50, 0]},
						{"origin": [-8, 8, -9], "size": [16, 9, 18], "uv": [0, 0]},
						{"origin": [-2, 10, -12], "size": [4, 4, 3], "uv": [66, 66]},
						{"origin": [-2.5, 9.5, -14], "size": [5, 5, 2], "uv": [46, 53]},
						{"origin": [-8, 10, -7], "size": [16, 9, 14], "uv": [0, 50]},
						{"origin": [-10, 8, -7], "size": [20, 9, 14], "uv": [0, 27]},
						{"origin": [5.75, 8, -10], "size": [3, 9, 3], "pivot": [9.5, 12.5, -8.5], "rotation": [0, 45, 0], "uv": [66, 53]},
						{"origin": [-11, 8, -7.75], "size": [3, 9, 3], "pivot": [-9.5, 12.5, -8.5], "rotation": [0, 45, 0], "uv": [0, 50]},
						{"origin": [-8.75, 8, 7], "size": [3, 9, 3], "pivot": [-9.5, 12.5, 8.5], "rotation": [0, 45, 0], "uv": [0, 27]},
						{"origin": [8, 8, 4.75], "size": [3, 9, 3], "pivot": [9.5, 12.5, 8.5], "rotation": [0, 45, 0], "uv": [0, 0]},
						{"origin": [-8.75, 17, -7], "size": [3, 3, 14], "pivot": [-9.5, 18.5, 0], "rotation": [0, 0, 45], "uv": [46, 59]},
						{"origin": [6.75, 17.4, -7], "size": [3, 3, 14], "pivot": [10.5, 17.5, 0], "rotation": [0, 0, -45], "uv": [54, 36]}
					]
				}
			]
		}
	]
}