{
	"format_version": "1.12.0",
	"minecraft:geometry": [
		{
			"description": {
				"identifier": "geometry.ed_gpea",
				"texture_width": 64,
				"texture_height": 64,
				"visible_bounds_width": 3,
				"visible_bounds_height": 2.5,
				"visible_bounds_offset": [0, 0.75, 0]
			},
			"bones": [
				{
					"name": "head",
					"pivot": [0, 8, 1],
					"cubes": [
						{"origin": [-3, 9, -4], "size": [6, 6, 8], "uv": [0, 0]},
						{"origin": [-0.5, 15, 3], "size": [1, 1, 3], "pivot": [0, 15.5, 4], "rotation": [45, 0, 0], "uv": [19, 2]},
						{"origin": [-0.5, 16, 5], "size": [1, 1, 2], "pivot": [0, 16.5, 7], "rotation": [-7.5, 0, 0], "uv": [20, 3]},
						{"origin": [-0.5, 16.34171, 6.25638], "size": [1, 1, 2], "pivot": [0, 16.5, 6], "rotation": [-35, 0, 0], "uv": [20, 0]},
						{"origin": [-1.5, 13.7934, 7.10876], "size": [3, 3, 4.9], "pivot": [0, 15.10876, 7.79335], "rotation": [-72.5, 0, 0], "uv": [0, 57]},
						{"origin": [-1.5, 10.5, -5], "size": [3, 3, 1], "uv": [0, 14]},
						{"origin": [1, 10.5, -6.5], "size": [1, 2, 1.5], "pivot": [0, 11.5, -5.5], "rotation": [0, 0, 90], "uv": [12, 36]},
						{"origin": [-3, 10.5, -6.5], "size": [1, 2, 1.5], "pivot": [0, 11.5, -5.5], "rotation": [0, 0, 90], "uv": [12, 36]},
						{"origin": [1.5, 13, -6.5], "size": [1, 2.15, 1.5], "pivot": [2.5, 13, -5.75], "rotation": [0, 0, -45], "uv": [8, 29]},
						{"origin": [-2.5, 13, -6.5], "size": [1, 2.15, 1.5], "pivot": [-2.5, 13, -5.75], "rotation": [0, 0, 45], "uv": [9, 29]},
						{"origin": [1.5, 13, -6.5], "size": [1, 2.15, 1.5], "pivot": [-2.5, 13, -5.75], "rotation": [0, 0, 45], "uv": [8, 29]},
						{"origin": [-2.44, 13, -6.5], "size": [1, 2.15, 1.5], "pivot": [2.5, 13, -5.75], "rotation": [0, 0, -45], "uv": [0, 29]},
						{"origin": [-2.5, 11, -6.5], "size": [1, 2, 1.5], "uv": [0, 36]},
						{"origin": [1.5, 11, -6.5], "size": [1, 2, 1.5], "uv": [0, 36]},
						{"origin": [-3, 8, -3], "size": [6, 8, 6], "uv": [22, 22]},
						{"origin": [-3, 15, -4], "size": [6, 1.4, 1], "pivot": [0, 15, -4], "rotation": [-45, 0, 0], "uv": [0, 34]},
						{"origin": [-3, 15, 3], "size": [6, 1.4, 1], "pivot": [0, 15, 4], "rotation": [45, 0, 0], "uv": [33, 16]},
						{"origin": [-3, 7.6, 3], "size": [6, 1.4, 1], "pivot": [0, 9, 4], "rotation": [-45, 0, 0], "uv": [28, 19]},
						{"origin": [-3, 7.6, -4], "size": [6, 1.4, 1], "pivot": [0, 9, -4], "rotation": [45, 0, 0], "uv": [28, 4]},
						{"origin": [3, 15, -3], "size": [1, 1.4, 6], "pivot": [4, 15, 0], "rotation": [0, 0, -45], "uv": [8, 27]},
						{"origin": [-4, 15, -3], "size": [1, 1.4, 6], "pivot": [-4, 15, 0], "rotation": [0, 0, 45], "uv": [0, 26]},
						{"origin": [-4, 7.6, -3], "size": [1, 1.4, 6], "pivot": [-4, 9, 0], "rotation": [0, 0, -45], "uv": [22, 8]},
						{"origin": [3, 7.6, -3], "size": [1, 1.4, 6], "pivot": [4, 9, 0], "rotation": [0, 0, 45], "uv": [20, 0]},
						{"origin": [-4, 9, -3], "size": [8, 6, 6], "uv": [0, 14]},
						{"origin": [-3.7, 9, -3.7], "size": [2, 6, 1.4], "pivot": [-3, 12, -3], "rotation": [0, -45, 0], "uv": [37, 37]},
						{"origin": [-4.3, 9, 2.3], "size": [2, 6, 1.4], "pivot": [-3, 12, 3], "rotation": [0, -135, 0], "uv": [16, 26]},
						{"origin": [1.79828, 9, -3.49828], "size": [2, 6, 1.4], "pivot": [2.79828, 12, -2.79828], "rotation": [0, -135, 0], "uv": [0, 0]},
						{"origin": [1.79828, 9, 2.09828], "size": [2, 6, 1.4], "pivot": [2.79828, 12, 2.79828], "rotation": [0, -45, 0], "uv": [31, 36]},
						{"origin": [-1, 7.3, -0.3], "size": [2, 1, 2], "pivot": [0, 7.8, 0.7], "rotation": [2.5, 0, 0], "uv": [32, 61]},
						{"origin": [-3, 7.3, -1.3], "size": [2, 1, 3], "pivot": [0, 7.8, 0.7], "rotation": [-15, -40, 17.5], "uv": [21, 60]},
						{"origin": [-3, 7.3, -2.3], "size": [2, 1, 3], "pivot": [0, 7.8, -0.3], "rotation": [45, 75, 55], "uv": [31, 60]},
						{"origin": [-1, 7.3, -1.3], "size": [4, 1, 1], "pivot": [1, 7.8, 0.7], "rotation": [5, -2.5, -97.5], "uv": [29, 62]},
						{"origin": [0, 7.3, -2.3], "size": [3, 1, 3], "pivot": [1, 7.8, -0.3], "rotation": [-45, 15, -40], "uv": [31, 60]}
					]
				},
				{
					"name": "bone",
					"parent": "head",
					"pivot": [0, 0, 1]
				},
				{
					"name": "bone2",
					"parent": "head",
					"pivot": [0, 0, 1]
				},
				{
					"name": "body",
					"pivot": [0, 0, 0],
					"cubes": [
						{"origin": [-0.5, 6, 0.5], "size": [1, 3, 1], "pivot": [0, 6, 1], "rotation": [10, 0, 0], "uv": [31, 60]},
						{"origin": [-0.5, 1, 0.455], "size": [1, 3.1, 1], "pivot": [0, 4, 1], "rotation": [-17.5, 0, 0], "uv": [29, 60]},
						{"origin": [-1.5, -1, 0.455], "size": [3, 5.1, 2], "pivot": [0, 4, 1], "rotation": [-42.5, -67.5, 0], "uv": [29, 57]},
						{"origin": [-1.5, -1, 0.455], "size": [3, 5.1, 2], "pivot": [0, 4, 1], "rotation": [-40, -177.5, 0], "uv": [26, 57]},
						{"origin": [-1.5, -5, 2.455], "size": [3, 5.1, 2], "pivot": [0, 0, 3], "rotation": [-95, 162.5, 0], "uv": [25, 57]},
						{"origin": [-1.5, -1, 0.455], "size": [3, 5.1, 2], "pivot": [0, 4, 1], "rotation": [-40, 80, 0], "uv": [24, 57]},
						{"origin": [-1.5, -1, 0.455], "size": [3, 5.1, 2], "pivot": [0, 4, 1], "rotation": [-40, -2.5, 0], "uv": [30, 57]},
						{"origin": [-2.5, -6, 0.455], "size": [3, 5.1, 2], "pivot": [-1, 0, 1], "rotation": [-95, 72.5, 0], "uv": [26, 57]},
						{"origin": [-0.5, -7, -0.545], "size": [4, 5.1, 2], "pivot": [1, 0, 0], "rotation": [-92.5, -80, -5], "uv": [24, 57]},
						{"origin": [-0.5, -6, -1.545], "size": [3, 5.1, 2], "pivot": [1, 0, -1], "rotation": [-92.5, 17.5, 5], "uv": [24, 57]},
						{"origin": [-0.5, 3.9566, 0.48947], "size": [1, 2.15, 1], "uv": [28, 61]}
					]
				}
			]
		}
	]
}