{
	"format_version": "1.12.0",
	"minecraft:geometry": [
		{
			"description": {
				"identifier": "geometry.ed_gunt_z",
				"texture_width": 128,
				"texture_height": 128,
				"visible_bounds_width": 3,
				"visible_bounds_height": 4,
				"visible_bounds_offset": [0, 2, 0]
			},
			"bones": [
				{
					"name": "waist",
					"pivot": [0, 12, 9]
				},
				{
					"name": "body",
					"parent": "waist",
					"pivot": [0, 24, 9],
					"cubes": [
						{"origin": [-4, 12, 7], "size": [8, 12, 4], "uv": [0, 35]}
					]
				},
				{
					"name": "head",
					"parent": "body",
					"pivot": [0, 24, 9],
					"cubes": [
						{"origin": [-4, 24, 5], "size": [8, 8, 8], "uv": [22, 23]}
					]
				},
				{
					"name": "hat",
					"parent": "head",
					"pivot": [0, 24, 9],
					"cubes": [
						{"origin": [-4, 31, 5], "size": [8, 3, 8], "pivot": [0, 31, 9], "rotation": [-12.5, 0, 0], "uv": [0, 117]},
						{"origin": [-3, 32, 5], "size": [6, 3, 7], "pivot": [0, 32, 9], "rotation": [-35, 0, 0], "uv": [30, 11]},
						{"origin": [-3, 33, 6], "size": [5, 3, 5], "pivot": [0, 33, 10], "rotation": [-62.5, 0, 0], "uv": [5, 120]},
						{"origin": [-5, 21, 6], "size": [10, 10, 4], "uv": [91, 23]}
					]
				},
				{
					"name": "rightArm",
					"parent": "body",
					"pivot": [-5, 22, 9],
					"rotation": [-80, 0, 0],
					"cubes": [
						{"origin": [-8, 12, 7], "size": [4, 12, 4], "uv": [53, 0]}
					]
				},
				{
					"name": "rightItem",
					"parent": "rightArm",
					"pivot": [-6, 15, 10]
				},
				{
					"name": "leftArm",
					"parent": "body",
					"pivot": [5, 22, 9],
					"rotation": [-85, 0, 0],
					"mirror": true,
					"cubes": [
						{"origin": [4, 12, 7], "size": [4, 12, 4], "uv": [53, 0]}
					]
				},
				{
					"name": "rightLeg",
					"parent": "body",
					"pivot": [-1.9, 12, 9],
					"cubes": [
						{"origin": [-3.9, 0, 7], "size": [4, 12, 4], "uv": [0, 51]}
					]
				},
				{
					"name": "leftLeg",
					"parent": "body",
					"pivot": [1.9, 12, 9],
					"mirror": true,
					"cubes": [
						{"origin": [-0.1, 0, 7], "size": [4, 12, 4], "uv": [0, 51]}
					]
				},
				{
					"name": "bone",
					"parent": "waist",
					"pivot": [-1.2, 10, -6.5],
					"cubes": [
						{"origin": [-4, 0, -12], "size": [4, 20, 11], "uv": [0, 0]},
						{"origin": [-4, 0, -12], "size": [4, 20, 11], "pivot": [0, 10, -6.5], "rotation": [0, 180, 0], "uv": [0, 0]},
						{"origin": [-4, 4, -1], "size": [4, 12, 4], "uv": [20, 49]},
						{"origin": [-4, 4, -1], "size": [4, 12, 4], "pivot": [0, 10, 1], "rotation": [0, 180, 0], "uv": [20, 49]},
						{"origin": [-4, -2, -1], "size": [8, 6, 4], "pivot": [0, 4, 3], "rotation": [-47.5, 0, 0], "uv": [44, 45]},
						{"origin": [-4, 16, -1], "size": [8, 6, 4], "pivot": [0, 16, 3], "rotation": [47.5, 0, 0], "uv": [24, 39]},
						{"origin": [-4, -2, -16], "size": [8, 6, 4], "pivot": [0, 4, -16], "rotation": [47.5, 0, 0], "uv": [44, 45], "mirror": true},
						{"origin": [-4, 16, -16], "size": [8, 6, 4], "pivot": [0, 16, -16], "rotation": [-47.5, 0, 0], "uv": [44, 45], "mirror": true},
						{"origin": [-4, 4, -16], "size": [4, 12, 4], "uv": [20, 49]},
						{"origin": [-4, 4, -16], "size": [4, 12, 4], "pivot": [0, 10, -14], "rotation": [0, 180, 0], "uv": [20, 49]}
					]
				}
			]
		}
	]
}