{
	"format_version": "1.12.0",
	"minecraft:geometry": [
		{
			"description": {
				"identifier": "geometry.ed_ggt",
				"texture_width": 128,
				"texture_height": 128,
				"visible_bounds_width": 5,
				"visible_bounds_height": 6,
				"visible_bounds_offset": [0, 2, 0]
			},
			"bones": [
				{
					"name": "body",
					"pivot": [0, 19, 0],
					"cubes": [
						{"origin": [-7, 18, -6], "size": [14, 16, 12], "uv": [0, 28]}
					]
				},
				{
					"name": "topbody",
					"parent": "body",
					"pivot": [0, 31, 0],
					"cubes": [
						{"origin": [-12, 31, -8], "size": [24, 12, 16], "uv": [0, 0]}
					]
				},
				{
					"name": "head",
					"parent": "topbody",
					"pivot": [0, 43, -6],
					"cubes": [
						{"origin": [-4, 43, -10], "size": [8, 8, 8], "inflate": 0.5, "uv": [0, 56]}
					]
				},
				{
					"name": "bone3",
					"parent": "head",
					"pivot": [0, 55, -4]
				},
				{
					"name": "leftArm",
					"parent": "topbody",
					"pivot": [15, 39, 0],
					"rotation": [27.5, 0, -2.5],
					"cubes": [
						{"origin": [12, 27, -5], "size": [6, 15, 8], "uv": [52, 28]}
					]
				},
				{
					"name": "leftarm2",
					"parent": "leftArm",
					"pivot": [15, 27, 0],
					"rotation": [-27.5, 0, 0],
					"cubes": [
						{"origin": [12, 12, -5], "size": [6, 15, 8], "inflate": 0.01, "uv": [52, 28]}
					]
				},
				{
					"name": "bone2",
					"parent": "leftarm2",
					"pivot": [13, 12, -6],
					"rotation": [85, 7.5, -167.5],
					"cubes": [
						{"origin": [10.1125, 1.22584, -11.3641], "size": [4, 47, 5], "pivot": [12.1125, 24.22584, -8.8641], "rotation": [0, -7.5, 0], "uv": [110, 0]},
						{"origin": [7.14421, 14.00515, -28.81578], "size": [3, 21, 5], "pivot": [12.1125, 24.22584, -8.8641], "rotation": [-90, -7.5, 0], "uv": [112, 9]},
						{"origin": [7.14421, 12.00515, -19.81578], "size": [3, 25, 5], "pivot": [12.1125, 24.22584, -8.8641], "rotation": [-90, -7.5, 0], "uv": [112, 10]},
						{"origin": [7.5, 13.00515, -22.81578], "size": [2, 2, 3], "pivot": [12.1125, 24.22584, -8.8641], "rotation": [-90, -7.5, 0], "uv": [57, 83]},
						{"origin": [7.5, 31.00515, -31.81578], "size": [2, 2, 3], "pivot": [12.1125, 24.22584, -8.8641], "rotation": [-90, -7.5, 0], "uv": [57, 83]},
						{"origin": [7.5, 16.00515, -31.81578], "size": [2, 2, 3], "pivot": [12.1125, 24.22584, -8.8641], "rotation": [-90, -7.5, 0], "uv": [57, 83]},
						{"origin": [7.5, 34.00515, -22.81578], "size": [2, 2, 3], "pivot": [12.1125, 24.22584, -8.8641], "rotation": [-90, -7.5, 0], "uv": [57, 83]}
					]
				},
				{
					"name": "rightArm",
					"parent": "topbody",
					"pivot": [-15, 39, 0],
					"cubes": [
						{"origin": [-18, 27, -5], "size": [6, 15, 8], "uv": [52, 28]}
					]
				},
				{
					"name": "rightarm2",
					"parent": "rightArm",
					"pivot": [-15, 27, 0],
					"cubes": [
						{"origin": [-18, 12, -5], "size": [6, 15, 8], "inflate": 0.01, "uv": [52, 28]}
					]
				},
				{
					"name": "rightleg",
					"pivot": [-6, 19, 0],
					"cubes": [
						{"origin": [-9, 10, -3], "size": [7, 10, 6], "uv": [0, 72]}
					]
				},
				{
					"name": "rightleg2",
					"parent": "rightleg",
					"pivot": [-6, 10, 0],
					"cubes": [
						{"origin": [-9, 0, -3], "size": [7, 10, 6], "inflate": 0.01, "uv": [64, 0]}
					]
				},
				{
					"name": "leftleg",
					"pivot": [6, 19, 0],
					"cubes": [
						{"origin": [2, 10, -3], "size": [7, 10, 6], "uv": [0, 72]}
					]
				},
				{
					"name": "leftleg2",
					"parent": "leftleg",
					"pivot": [6, 10, 0],
					"cubes": [
						{"origin": [2, 0, -3], "size": [7, 10, 6], "inflate": 0.01, "uv": [64, 0]}
					]
				},
				{
					"name": "bone",
					"pivot": [0, 0, 0]
				}
			]
		}
	]
}