{
	"format_version": "1.12.0",
	"minecraft:geometry": [
		{
			"description": {
				"identifier": "geometry.ed_gs",
				"texture_width": 128,
				"texture_height": 128,
				"visible_bounds_width": 3,
				"visible_bounds_height": 3,
				"visible_bounds_offset": [0, 0.5, 0]
			},
			"bones": [
				{
					"name": "body",
					"pivot": [0, 0, 0],
					"cubes": [
						{"origin": [-7, 0, -7], "size": [14, 8, 14], "uv": [46, 53]}
					]
				},
				{
					"name": "bone2",
					"parent": "body",
					"pivot": [0, 0, 0]
				},
				{
					"name": "bone",
					"parent": "bone2",
					"pivot": [0, 0, 0],
					"cubes": [
						{"origin": [-2, 10, -12], "size": [4, 4, 3], "uv": [79, 38]},
						{"origin": [-2.5, 9.5, -14], "size": [5, 5, 2], "uv": [49, 75]}
					]
				},
				{
					"name": "bone3",
					"parent": "bone2",
					"pivot": [0, 0, 0],
					"rotation": [0, -90, 0],
					"cubes": [
						{"origin": [-2, 10, -12], "size": [4, 4, 3], "uv": [25, 79]},
						{"origin": [-2.5, 9.5, -14], "size": [5, 5, 2], "uv": [49, 75]}
					]
				},
				{
					"name": "bone4",
					"parent": "bone2",
					"pivot": [0, 0, 0],
					"rotation": [0, 180, 0],
					"cubes": [
						{"origin": [-2, 10, -12], "size": [4, 4, 3], "uv": [63, 75]},
						{"origin": [-2.5, 9.5, -14], "size": [5, 5, 2], "uv": [49, 75]}
					]
				},
				{
					"name": "bone5",
					"parent": "bone2",
					"pivot": [0, 0, 0],
					"rotation": [0, 90, 0],
					"cubes": [
						{"origin": [-2, 10, -12], "size": [4, 4, 3], "uv": [74, 24]},
						{"origin": [-2.5, 9.5, -14], "size": [5, 5, 2], "uv": [49, 75]}
					]
				},
				{
					"name": "bone6",
					"parent": "bone2",
					"pivot": [0, 0, 0],
					"rotation": [0, 45, 0],
					"cubes": [
						{"origin": [-3, 10, -13], "size": [4, 4, 3], "uv": [14, 73]},
						{"origin": [-3.5, 9.5, -15], "size": [5, 5, 2], "uv": [49, 75]}
					]
				},
				{
					"name": "bone7",
					"parent": "bone2",
					"pivot": [0, 0, 0],
					"rotation": [0, -45, 0],
					"cubes": [
						{"origin": [-1, 10, -13], "size": [4, 4, 3], "uv": [35, 72]},
						{"origin": [-1.5, 9.5, -15], "size": [5, 5, 2], "uv": [49, 75]}
					]
				},
				{
					"name": "bone8",
					"parent": "bone2",
					"pivot": [0, 0, 0],
					"rotation": [0, 45, 0],
					"cubes": [
						{"origin": [-1, 10, 10], "size": [4, 4, 3], "uv": [70, 0]},
						{"origin": [-1.5, 9.5, 13], "size": [5, 5, 2], "uv": [49, 75]}
					]
				},
				{
					"name": "bone9",
					"parent": "bone2",
					"pivot": [0, 0, 0],
					"rotation": [0, -45, 0],
					"cubes": [
						{"origin": [-2, 10, 10], "size": [4, 4, 3], "uv": [46, 52]},
						{"origin": [-2.5, 9.5, 13], "size": [5, 5, 2], "uv": [49, 75]}
					]
				},
				{
					"name": "d",
					"parent": "body",
					"pivot": [0, 10, 0],
					"cubes": [
						{"origin": [-8, 12.8, -10], "size": [16, 3, 3], "pivot": [0, 16.5, -8.5], "rotation": [45, 0, 0], "uv": [0, 67]},
						{"origin": [-8, 14.8, 5], "size": [16, 3, 3], "pivot": [0, 16.3, 8.5], "rotation": [45, 0, 0], "uv": [46, 46]},
						{"origin": [-8, 8, -9], "size": [16, 7, 18], "uv": [0, 0]},
						{"origin": [-8, 10, -7], "size": [16, 7, 14], "uv": [0, 46]},
						{"origin": [-10, 8, -7], "size": [20, 7, 14], "uv": [0, 25]},
						{"origin": [5.75, 8, -10], "size": [3, 7, 3], "pivot": [9.5, 12.5, -8.5], "rotation": [0, 45, 0], "uv": [50, 0]},
						{"origin": [-11, 8, -7.75], "size": [3, 7, 3], "pivot": [-9.5, 12.5, -8.5], "rotation": [0, 45, 0], "uv": [0, 46]},
						{"origin": [-8.75, 8, 7], "size": [3, 7, 3], "pivot": [-9.5, 12.5, 8.5], "rotation": [0, 45, 0], "uv": [0, 25]},
						{"origin": [8, 8, 4.75], "size": [3, 7, 3], "pivot": [9.5, 12.5, 8.5], "rotation": [0, 45, 0], "uv": [0, 0]},
						{"origin": [-8.75, 15, -7], "size": [3, 3, 14], "pivot": [-9.5, 16.5, 0], "rotation": [0, 0, 45], "uv": [54, 17]},
						{"origin": [6.75, 15.4, -7], "size": [3, 3, 14], "pivot": [10.5, 15.5, 0], "rotation": [0, 0, -45], "uv": [50, 0]}
					]
				}
			]
		}
	]
}