{
	"format_version": "1.12.0",
	"minecraft:geometry": [
		{
			"description": {
				"identifier": "geometry.ed_gateling",
				"texture_width": 64,
				"texture_height": 64,
				"visible_bounds_width": 3,
				"visible_bounds_height": 2.5,
				"visible_bounds_offset": [0, 0.75, 0]
			},
			"bones": [
				{
					"name": "body",
					"pivot": [0, 0, 0],
					"cubes": [
						{"origin": [0, 0.3, -2], "size": [5, 1, 3], "pivot": [0, 1, 0], "rotation": [0, -57.5, 7.5], "uv": [33, 12]},
						{"origin": [0, 0.3, -2], "size": [5, 1, 3], "pivot": [0, 1, 0], "rotation": [0, -145, 0], "uv": [30, 7]},
						{"origin": [0, 0.3, -2], "size": [5, 1, 3], "pivot": [0, 1, 0], "rotation": [0, 127.5, 2.5], "uv": [28, 0]},
						{"origin": [0, 0.3, -2], "size": [5, 1, 3], "pivot": [0, 1, 0], "rotation": [0, 35, 0], "uv": [22, 15]},
						{"origin": [-0.5, 6, 0.5], "size": [1, 3, 1], "pivot": [0, 6, 1], "rotation": [10, 0, 0], "uv": [12, 39]},
						{"origin": [-0.5, 1, 0.455], "size": [1, 3.1, 1], "pivot": [0, 4, 1], "rotation": [-17.5, 0, 0], "uv": [8, 39]},
						{"origin": [-0.5, 3.9566, 0.48947], "size": [1, 2.15, 1], "uv": [30, 11]}
					]
				},
				{
					"name": "hed_ed",
					"pivot": [0, 0, 0]
				},
				{
					"name": "hed",
					"parent": "hed_ed",
					"pivot": [0, 8, 1],
					"cubes": [
						{"origin": [-3, 9, -4], "size": [6, 6, 8], "uv": [0, 0]},
						{"origin": [-1.5, 10.5, -5], "size": [3, 3, 1], "uv": [0, 14]},
						{"origin": [1, 10.5, -6.5], "size": [1, 2, 1.5], "pivot": [0, 11.5, -5.5], "rotation": [0, 0, 90], "uv": [12, 36]},
						{"origin": [-3, 10.5, -6.5], "size": [1, 2, 1.5], "pivot": [0, 11.5, -5.5], "rotation": [0, 0, 90], "uv": [12, 36]},
						{"origin": [1.5, 13, -6.5], "size": [1, 2.15, 1.5], "pivot": [2.5, 13, -5.75], "rotation": [0, 0, -45], "uv": [8, 29]},
						{"origin": [-2.5, 13, -6.5], "size": [1, 2.15, 1.5], "pivot": [-2.5, 13, -5.75], "rotation": [0, 0, 45], "uv": [8, 29]},
						{"origin": [1.5, 13, -6.5], "size": [1, 2.15, 1.5], "pivot": [-2.5, 13, -5.75], "rotation": [0, 0, 45], "uv": [8, 29]},
						{"origin": [-2.44, 13, -6.5], "size": [1, 2.15, 1.5], "pivot": [2.5, 13, -5.75], "rotation": [0, 0, -45], "uv": [0, 29]},
						{"origin": [-2.5, 11, -6.5], "size": [1, 2, 1.5], "uv": [0, 36]},
						{"origin": [1.5, 11, -6.5], "size": [1, 2, 1.5], "uv": [0, 36]},
						{"origin": [-3, 8, -3], "size": [6, 8, 6], "uv": [22, 22]},
						{"origin": [-3, 15, -4], "size": [6, 1.4, 1], "pivot": [0, 15, -4], "rotation": [-45, 0, 0], "uv": [0, 34]},
						{"origin": [-3, 15, 3], "size": [6, 1.4, 1], "pivot": [0, 15, 4], "rotation": [45, 0, 0], "uv": [33, 16]},
						{"origin": [-3, 7.6, 3], "size": [6, 1.4, 1], "pivot": [0, 9, 4], "rotation": [-45, 0, 0], "uv": [28, 19]},
						{"origin": [-3, 7.6, -4], "size": [6, 1.4, 1], "pivot": [0, 9, -4], "rotation": [45, 0, 0], "uv": [28, 4]},
						{"origin": [3, 15, -3], "size": [1, 1.4, 6], "pivot": [4, 15, 0], "rotation": [0, 0, -45], "uv": [8, 27]},
						{"origin": [-4, 15, -3], "size": [1, 1.4, 6], "pivot": [-4, 15, 0], "rotation": [0, 0, 45], "uv": [0, 26]},
						{"origin": [-4, 7.6, -3], "size": [1, 1.4, 6], "pivot": [-4, 9, 0], "rotation": [0, 0, -45], "uv": [22, 8]},
						{"origin": [3, 7.6, -3], "size": [1, 1.4, 6], "pivot": [4, 9, 0], "rotation": [0, 0, 45], "uv": [20, 0]},
						{"origin": [-4, 9, -3], "size": [8, 6, 6], "uv": [0, 14]},
						{"origin": [-3.7, 9, -3.7], "size": [2, 6, 1.4], "pivot": [-3, 12, -3], "rotation": [0, -45, 0], "uv": [37, 37]},
						{"origin": [-3.14142, 15, -5.04853], "size": [0, 1, 2.4], "pivot": [-3.14142, 15.5, -3.84853], "rotation": [17.5, -47.5, 0], "uv": [13, 58]},
						{"origin": [3.14142, 15, -5.04853], "size": [0, 1, 2.4], "pivot": [3.14142, 15.5, -3.84853], "rotation": [17.5, 47.5, 0], "uv": [13, 58], "mirror": true},
						{"origin": [-4.3, 9, 2.3], "size": [2, 6, 1.4], "pivot": [-3, 12, 3], "rotation": [0, -135, 0], "uv": [16, 26]},
						{"origin": [1.79828, 9, -3.49828], "size": [2, 6, 1.4], "pivot": [2.79828, 12, -2.79828], "rotation": [0, -135, 0], "uv": [0, 0]},
						{"origin": [1.79828, 9, 2.09828], "size": [2, 6, 1.4], "pivot": [2.79828, 12, 2.79828], "rotation": [0, -45, 0], "uv": [31, 36]},
						{"origin": [-1, 7.3, -0.3], "size": [2, 1, 2], "pivot": [0, 7.8, 0.7], "rotation": [2.5, 0, 0], "uv": [0, 39]}
					]
				},
				{
					"name": "bone6",
					"parent": "hed",
					"pivot": [0, 12, -6.5],
					"rotation": [0, 0, -180],
					"cubes": [
						{"origin": [-2, 11, -9.5], "size": [4, 2, 3.5], "uv": [49, 44]},
						{"origin": [-2.5, 10.5, -9.5], "size": [4, 2, 3.5], "pivot": [0, 11.5, -6.5], "rotation": [0, 0, 90], "uv": [49, 44]}
					]
				},
				{
					"name": "bone",
					"parent": "hed",
					"pivot": [0, 0, 1]
				},
				{
					"name": "bone2",
					"parent": "hed",
					"pivot": [0, 0, 1]
				},
				{
					"name": "bone3",
					"parent": "hed_ed",
					"pivot": [0, 16, 1],
					"cubes": [
						{"origin": [-5, 15, -5], "size": [10, 1, 6], "pivot": [0, 15, 1], "rotation": [-10, 0, 0], "uv": [0, 48]},
						{"origin": [-5, 14.98481, 1.17365], "size": [10, 1, 2], "pivot": [0, 15.98481, 1.17365], "rotation": [-72.5, 0, 0], "uv": [4, 52]},
						{"origin": [-5, 13.77667, 0.82134], "size": [10, 1, 2], "pivot": [0, 13.77667, 0.82134], "rotation": [-55, 0, 0], "uv": [4, 52]},
						{"origin": [-4.5, 8, 0.82134], "size": [9, 6, 2], "pivot": [0, 13.77667, 0.82134], "rotation": [-20, 0, 0], "uv": [0, 56]},
						{"origin": [-3.5, 7, 0.82134], "size": [7, 2, 2], "pivot": [0, 13.77667, 0.82134], "rotation": [-20, 0, 0], "uv": [0, 60]},
						{"origin": [-5, 12.13836, 1.9685], "size": [10, 1, 4], "pivot": [0, 12.13836, 1.9685], "rotation": [12.5, 0, 0], "uv": [2, 50]}
					]
				},
				{
					"name": "hed2",
					"parent": "bone3",
					"pivot": [-0.03103, 14.83077, 0],
					"cubes": [
						{"origin": [-3, 17, -3], "size": [1, 2, 7], "pivot": [-3, 19, 0], "rotation": [0, 0, 47.5], "uv": [26, 55]},
						{"origin": [2, 17, -3], "size": [1, 2, 7], "pivot": [3, 19, 0], "rotation": [0, 0, -47.5], "uv": [49, 56], "mirror": true},
						{"origin": [-3, 16, -3], "size": [6, 3, 7], "uv": [35, 55]},
						{"origin": [-3, 16.7, -4.45], "size": [6, 1, 4], "uv": [34, 60]},
						{"origin": [-3, 13.7, 1.45], "size": [6, 4, 4], "uv": [28, 57]},
						{"origin": [-4.45, 15.7, -3], "size": [4, 2, 7], "uv": [28, 55]},
						{"origin": [-4.45, 13.7, 1], "size": [5, 2, 3], "uv": [32, 60]},
						{"origin": [-4.45, 12.7, 2], "size": [5, 1, 2], "uv": [22, 22]},
						{"origin": [-4, 12.7, 3], "size": [2, 5, 2], "pivot": [-3, 16.7, 4], "rotation": [0, -45, 0], "uv": [35, 58]},
						{"origin": [2, 12.7, 3], "size": [2, 5, 2], "pivot": [3, 16.7, 4], "rotation": [0, 45, 0], "uv": [33, 58], "mirror": true},
						{"origin": [2, 16.7, -4], "size": [2, 1, 2], "pivot": [3, 16.7, -3], "rotation": [0, -45, 0], "uv": [34, 62], "mirror": true},
						{"origin": [-4, 16.7, -4], "size": [2, 1, 2], "pivot": [-3, 16.7, -3], "rotation": [0, 45, 0], "uv": [44, 62]},
						{"origin": [0.45, 15.7, -3], "size": [4, 2, 7], "uv": [30, 56], "mirror": true},
						{"origin": [-2.55, 13.7, 1], "size": [7, 2, 3], "uv": [25, 60], "mirror": true},
						{"origin": [-2.55, 12.7, 2], "size": [7, 1, 2], "uv": [22, 22], "mirror": true},
						{"origin": [-3, 17, -3], "size": [6, 2, 1], "pivot": [0, 19, -3], "rotation": [-47.5, 0, 0], "uv": [33, 62]},
						{"origin": [-3, 17, 3], "size": [6, 2, 1], "pivot": [0, 19, 4], "rotation": [47.5, 0, 0], "uv": [51, 62]}
					]
				},
				{
					"name": "bone4",
					"parent": "hed2",
					"pivot": [0, 3, 1]
				},
				{
					"name": "bone5",
					"parent": "hed2",
					"pivot": [0, 3, 1]
				}
			]
		}
	]
}