{
	"format_version": "1.12.0",
	"minecraft:geometry": [
		{
			"description": {
				"identifier": "geometry.ed_lg",
				"texture_width": 64,
				"texture_height": 64,
				"visible_bounds_width": 2,
				"visible_bounds_height": 2.5,
				"visible_bounds_offset": [0, 0.75, 0]
			},
			"bones": [
				{
					"name": "body",
					"pivot": [0, 0, 0]
				},
				{
					"name": "bone",
					"parent": "body",
					"pivot": [0, 0, 0],
					"cubes": [
						{"origin": [-5, 0, -5], "size": [10, 3, 10], "uv": [0, 21]}
					]
				},
				{
					"name": "bone2",
					"parent": "body",
					"pivot": [0, 0, 0],
					"cubes": [
						{"origin": [-5, 0, -5], "size": [1, 1.5, 10], "pivot": [-5, 0, 0], "rotation": [0, 0, -42.5], "uv": [36, 0]},
						{"origin": [4, 0, -5], "size": [1, 1.5, 10], "pivot": [5, 0, 0], "rotation": [0, 0, 42.5], "uv": [0, 34]},
						{"origin": [-5, 0, 4], "size": [10, 1.5, 1], "pivot": [5, 0, 5], "rotation": [-42.5, 0, 0], "uv": [34, 48]},
						{"origin": [-5, 0, -5], "size": [10, 1.5, 1], "pivot": [5, 0, -5], "rotation": [42.5, 0, 0], "uv": [0, 45]},
						{"origin": [-6, 1, -6], "size": [12, 9, 12], "uv": [0, 1]},
						{"origin": [-4, 10, -6], "size": [3, 4, 2], "pivot": [0, 10, -6], "rotation": [-30, 0, 0], "uv": [12, 34]},
						{"origin": [-2.98427, 11.27158, -5.2], "size": [3, 2, 2], "pivot": [-0.5, 11.23205, -4.13397], "rotation": [-30, -10, -22.5], "uv": [12, 34]},
						{"origin": [1, 9.23205, -5.13397], "size": [3, 4, 2], "pivot": [2.5, 11.23205, -4.13397], "rotation": [-30, 0, 0], "uv": [12, 34]},
						{"origin": [-2, 9.23205, -5.13397], "size": [3, 3, 2], "pivot": [-0.5, 11.23205, -4.13397], "rotation": [-30, 0, 0], "uv": [12, 34]},
						{"origin": [-4, 10, 4], "size": [8, 4, 2], "pivot": [0, 10, 6], "rotation": [30, 0, 0], "uv": [30, 25]},
						{"origin": [-6, 10, -4], "size": [2, 4, 8], "pivot": [-6, 10, -2], "rotation": [0, 0, 30], "uv": [40, 13]},
						{"origin": [4, 10, -4], "size": [2, 4, 8], "pivot": [6, 10, -2], "rotation": [0, 0, -30], "uv": [14, 40]}
					]
				},
				{
					"name": "bone8",
					"parent": "bone2",
					"pivot": [0, 1, 0]
				},
				{
					"name": "bone7",
					"parent": "bone2",
					"pivot": [0, 1, 0]
				},
				{
					"name": "bone6",
					"parent": "bone2",
					"pivot": [0, 1, 0]
				},
				{
					"name": "bone5",
					"parent": "bone2",
					"pivot": [0, 1, 0]
				},
				{
					"name": "bone3",
					"parent": "body",
					"pivot": [0, 0, 0],
					"cubes": [
						{"origin": [-4, 8, -4], "size": [1, 9, 3], "pivot": [-3.5, 12.5, -2], "rotation": [-12.5, 0, 0], "uv": [41, 35]},
						{"origin": [-4, 12.8, -1.57738], "size": [1, 4, 5], "pivot": [-3.5, 14.90631, 0.92262], "rotation": [7.5, 0, 0], "uv": [41, 35]},
						{"origin": [3, 8, -3], "size": [1, 9, 2], "pivot": [3.5, 12.5, -2], "rotation": [10, 0, 0], "uv": [41, 35]},
						{"origin": [3, 8, -1], "size": [1, 9, 4], "pivot": [3.5, 12.5, 0], "rotation": [-10, 0, 0], "uv": [41, 35]},
						{"origin": [3, 9.99762, -1.89095], "size": [1, 7, 2], "pivot": [3.5, 15.99762, -0.89095], "rotation": [12.5, 0, 0], "uv": [41, 35]},
						{"origin": [-4, 10, 3], "size": [2, 7, 1], "uv": [43, 40]},
						{"origin": [-2.68077, 11.92923, 3], "size": [3, 5, 1], "pivot": [-1.18077, 13.92923, 3.5], "rotation": [0, 0, 17.5], "uv": [43, 40]},
						{"origin": [0.31923, 11.92923, 3], "size": [3, 5, 1], "pivot": [1.81923, 13.92923, 3.5], "rotation": [0, 0, -10], "uv": [43, 40]},
						{"origin": [3, 11.92923, 3], "size": [1, 5, 1], "uv": [43, 40]},
						{"origin": [-4, 10, -4], "size": [2, 7, 1], "uv": [43, 40]},
						{"origin": [3, 10, -4], "size": [1, 6, 1], "uv": [43, 40]},
						{"origin": [1.5, 13, -4], "size": [2, 4, 1], "uv": [43, 40]},
						{"origin": [1.5, 13, -4], "size": [1, 4, 1], "pivot": [1.5, 15, -3.5], "rotation": [0, 0, -25], "uv": [43, 40]},
						{"origin": [1.5, 13, -4], "size": [1, 4, 1], "pivot": [1.5, 15, -3.5], "rotation": [0, 0, -25], "uv": [43, 40]},
						{"origin": [0, 13, -4], "size": [2, 3, 1], "pivot": [0.5, 13, -3.5], "rotation": [0, 0, 40], "uv": [43, 40]},
						{"origin": [-3, 14, -4], "size": [3, 3, 1], "pivot": [-1, 15, -3.5], "rotation": [0, 0, -47.5], "uv": [43, 40]},
						{"origin": [-3, 8.5, -3], "size": [6, 8, 6], "uv": [35, 50]}
					]
				},
				{
					"name": "bone11",
					"parent": "bone3",
					"pivot": [0, 8, 0]
				},
				{
					"name": "bone10",
					"parent": "bone3",
					"pivot": [0, 8, 0]
				},
				{
					"name": "bone9",
					"parent": "bone3",
					"pivot": [0, 8, 0]
				},
				{
					"name": "bone12",
					"parent": "bone3",
					"pivot": [0, 0, 0]
				},
				{
					"name": "bone4",
					"parent": "body",
					"pivot": [0, 0, 0]
				}
			]
		}
	]
}