{
	"format_version": "1.12.0",
	"minecraft:geometry": [
		{
			"description": {
				"identifier": "geometry.ed_opea",
				"texture_width": 64,
				"texture_height": 64,
				"visible_bounds_width": 3,
				"visible_bounds_height": 2.5,
				"visible_bounds_offset": [0, 0.75, 0]
			},
			"bones": [
				{
					"name": "head",
					"pivot": [0, 8, 1],
					"cubes": [
						{"origin": [-3, 9, -4], "size": [6, 6, 8], "uv": [0, 0]},
						{"origin": [-0.5, 15, 3], "size": [1, 1, 2], "pivot": [0, 15.5, 4], "rotation": [30, 0, 0], "uv": [20, 3]},
						{"origin": [-0.5, 15.51631, 4.67107], "size": [1, 1, 2], "pivot": [0, 16.5, 5], "rotation": [10, 0, 0], "uv": [20, 0]},
						{"origin": [-0.5, 15.51631, 3.67107], "size": [1, 1, 2], "pivot": [0, 16.5, 4], "rotation": [90, 0, 0], "uv": [20, 0]},
						{"origin": [-1, 18.51631, 4.67107], "size": [2, 1, 1.9], "pivot": [0, 18.5, 5], "rotation": [132.5, 0, 0], "uv": [20, 0]},
						{"origin": [-1, 19.4, 4.1], "size": [2, 1, 1.9], "pivot": [0, 19.5, 4], "rotation": [160, 0, 0], "uv": [20, 0]},
						{"origin": [-1, 15.79335, 6.10876], "size": [2, 1, 1.9], "pivot": [0, 16.10876, 6.79335], "rotation": [-60, 0, 0], "uv": [21, 36]},
						{"origin": [-1, 14.3, 7.5], "size": [2, 1, 2], "pivot": [0, 15.10876, 7.79335], "rotation": [-87.5, 0, 0], "uv": [21, 36]},
						{"origin": [-1.5, 10.5, -5], "size": [3, 3, 1], "uv": [0, 14]},
						{"origin": [1, 10.5, -6.5], "size": [1, 2, 1.5], "pivot": [0, 11.5, -5.5], "rotation": [0, 0, 90], "uv": [12, 36]},
						{"origin": [-3, 10.5, -6.5], "size": [1, 2, 1.5], "pivot": [0, 11.5, -5.5], "rotation": [0, 0, 90], "uv": [12, 36]},
						{"origin": [1.5, 13, -6.5], "size": [1, 2.15, 1.5], "pivot": [2.5, 13, -5.75], "rotation": [0, 0, -45], "uv": [8, 29]},
						{"origin": [-2.5, 13, -6.5], "size": [1, 2.15, 1.5], "pivot": [-2.5, 13, -5.75], "rotation": [0, 0, 45], "uv": [8, 29]},
						{"origin": [1.5, 13, -6.5], "size": [1, 2.15, 1.5], "pivot": [-2.5, 13, -5.75], "rotation": [0, 0, 45], "uv": [8, 29]},
						{"origin": [-2.44, 13, -6.5], "size": [1, 2.15, 1.5], "pivot": [2.5, 13, -5.75], "rotation": [0, 0, -45], "uv": [0, 29]},
						{"origin": [-2.5, 11, -6.5], "size": [1, 2, 1.5], "uv": [0, 36]},
						{"origin": [1.5, 11, -6.5], "size": [1, 2, 1.5], "uv": [0, 36]},
						{"origin": [-3, 8, -3], "size": [6, 8, 6], "uv": [22, 22]},
						{"origin": [-4, 15, -5], "size": [8, 1, 4], "pivot": [0, 15, -1.5], "rotation": [-22.5, 0, 0], "uv": [22, 22]},
						{"origin": [-4, 15, -7], "size": [8, 1.4, 2], "pivot": [0, 15, -5], "rotation": [-72.5, 0, 0], "uv": [0, 34]},
						{"origin": [-4, 14.5, -5], "size": [8, 1.4, 2], "pivot": [0, 15, -4], "rotation": [-5, 0, 0], "uv": [0, 34]},
						{"origin": [-3, 15, 3], "size": [6, 1.4, 1], "pivot": [0, 15, 4], "rotation": [45, 0, 0], "uv": [33, 16]},
						{"origin": [-3, 7.6, 3], "size": [6, 1.4, 1], "pivot": [0, 9, 4], "rotation": [-45, 0, 0], "uv": [28, 19]},
						{"origin": [-3, 7.6, -4], "size": [6, 1.4, 1], "pivot": [0, 9, -4], "rotation": [45, 0, 0], "uv": [28, 4]},
						{"origin": [3, 15, -3], "size": [1, 1.4, 6], "pivot": [4, 15, 0], "rotation": [0, 0, -45], "uv": [8, 27]},
						{"origin": [-4, 15, -3], "size": [1, 1.4, 6], "pivot": [-4, 15, 0], "rotation": [0, 0, 45], "uv": [0, 26]},
						{"origin": [-4, 7.6, -3], "size": [1, 1.4, 6], "pivot": [-4, 9, 0], "rotation": [0, 0, -45], "uv": [22, 8]},
						{"origin": [3, 7.6, -3], "size": [1, 1.4, 6], "pivot": [4, 9, 0], "rotation": [0, 0, 45], "uv": [20, 0]},
						{"origin": [-4, 9, -3], "size": [8, 6, 6], "uv": [0, 14]},
						{"origin": [-4, 9, -3], "size": [8, 6, 6], "uv": [0, 14]},
						{"origin": [-5, 10, 1], "size": [1, 2, 0.5], "pivot": [-3.5, 11.5, 1], "rotation": [-15, 25, 0], "uv": [18, 40]},
						{"origin": [-5, 7, 1], "size": [2, 2, 0.5], "pivot": [-3.5, 8.5, 1], "rotation": [-92.5, -25, -65], "uv": [18, 45]},
						{"origin": [-4, 11, 5], "size": [2, 2, 0.5], "pivot": [-2.5, 12.5, 5], "rotation": [12.5, -95, 0], "uv": [22, 52]},
						{"origin": [2, 12, 5], "size": [2, 2, 0.5], "pivot": [3.5, 13.5, 5], "rotation": [-15, -70, 0], "uv": [0, 59]},
						{"origin": [3, 10, 1], "size": [2, 2, 0.5], "pivot": [4.5, 11.5, 1], "rotation": [-15, -55, 0], "uv": [7, 61]},
						{"origin": [2, 7, -1], "size": [2, 2, 0.5], "pivot": [3.5, 8.5, -1], "rotation": [-30, -67.5, 10], "uv": [17, 59]},
						{"origin": [-1, 9, 5], "size": [2, 2, 0.5], "pivot": [0.5, 10.5, 5], "rotation": [-15, -125, 0], "uv": [1, 46]},
						{"origin": [-3.7, 9, -3.7], "size": [2, 6, 1.4], "pivot": [-3, 12, -3], "rotation": [0, -45, 0], "uv": [37, 37]},
						{"origin": [-4.3, 9, 2.3], "size": [2, 6, 1.4], "pivot": [-3, 12, 3], "rotation": [0, -135, 0], "uv": [16, 26]},
						{"origin": [1.79828, 9, -3.49828], "size": [2, 6, 1.4], "pivot": [2.79828, 12, -2.79828], "rotation": [0, -135, 0], "uv": [0, 0]},
						{"origin": [1.79828, 9, 2.09828], "size": [2, 6, 1.4], "pivot": [2.79828, 12, 2.79828], "rotation": [0, -45, 0], "uv": [31, 36]},
						{"origin": [-2, 7.3, -2.3], "size": [4, 1, 5], "pivot": [0, 7.8, 0.7], "rotation": [2.5, 0, 0], "uv": [0, 48]}
					]
				},
				{
					"name": "bone",
					"parent": "head",
					"pivot": [0, 0, 1]
				},
				{
					"name": "bone2",
					"parent": "head",
					"pivot": [0, 0, 1]
				},
				{
					"name": "body",
					"pivot": [0, 0, 0],
					"cubes": [
						{"origin": [0, 0.3, -2], "size": [5, 2, 3], "pivot": [0, 1, 0], "rotation": [0, -57.5, 7.5], "uv": [33, 12]},
						{"origin": [0, 0.3, -2], "size": [5, 2, 3], "pivot": [0, 1, 0], "rotation": [0, -145, 0], "uv": [30, 7]},
						{"origin": [0, 0.3, -2], "size": [5, 2, 3], "pivot": [0, 1, 0], "rotation": [0, 127.5, 2.5], "uv": [28, 0]},
						{"origin": [0, 0.3, -2], "size": [5, 2, 3], "pivot": [0, 1, 0], "rotation": [0, 35, 0], "uv": [22, 15]},
						{"origin": [-1, 6, -0.5], "size": [2, 3, 2], "pivot": [0, 6, 1], "rotation": [10, 0, 0], "uv": [18, 44]},
						{"origin": [-1, 1, -0.545], "size": [2, 3.1, 2], "pivot": [0, 4, 1], "rotation": [-17.5, 0, 0], "uv": [8, 39]},
						{"origin": [-1, 3.9566, -0.51053], "size": [2, 2.15, 2], "uv": [42, 21]}
					]
				}
			]
		}
	]
}