{
	"format_version": "1.12.0",
	"minecraft:geometry": [
		{
			"description": {
				"identifier": "geometry.ed_onut",
				"texture_width": 64,
				"texture_height": 64,
				"visible_bounds_width": 2,
				"visible_bounds_height": 2.5,
				"visible_bounds_offset": [0, 0.75, 0]
			},
			"bones": [
				{
					"name": "bone",
					"pivot": [0, 0, 0],
					"cubes": [
						{
							"origin": [-6, 0, -6],
							"size": [12, 8, 12],
							"uv": {
								"north": {"uv": [42, 42], "uv_size": [12, 8]},
								"east": {"uv": [42, 0], "uv_size": [12, 8]},
								"south": {"uv": [42, 8], "uv_size": [12, 8]},
								"west": {"uv": [42, 16], "uv_size": [12, 8]},
								"up": {"uv": [0, 0], "uv_size": [12, 12]},
								"down": {"uv": [0, 24], "uv_size": [12, -12]}
							}
						},
						{
							"origin": [-6, 0, -7],
							"size": [12, 8, 1],
							"uv": {
								"north": {"uv": [29, 34], "uv_size": [12, 8]},
								"east": {"uv": [42, 0], "uv_size": [12, 8]},
								"south": {"uv": [42, 8], "uv_size": [12, 8]},
								"west": {"uv": [42, 16], "uv_size": [12, 8]},
								"up": {"uv": [0, 0], "uv_size": [12, 12]},
								"down": {"uv": [0, 24], "uv_size": [12, -12]}
							}
						},
						{
							"origin": [5, 8, -5],
							"size": [1, 11, 10],
							"pivot": [6, 8, 0],
							"rotation": [0, 0, -5],
							"uv": {
								"north": {"uv": [33, 43], "uv_size": [1, 11]},
								"east": {"uv": [32, 0], "uv_size": [10, 11]},
								"south": {"uv": [34, 43], "uv_size": [1, 11]},
								"west": {"uv": [32, 11], "uv_size": [10, 11]},
								"up": {"uv": [10, 24], "uv_size": [1, 10]},
								"down": {"uv": [11, 34], "uv_size": [1, -10]}
							}
						},
						{
							"origin": [-6, 8, -5],
							"size": [1, 11, 10],
							"pivot": [-6, 8, 0],
							"rotation": [0, 0, 5],
							"uv": {
								"north": {"uv": [35, 43], "uv_size": [1, 11]},
								"east": {"uv": [22, 33], "uv_size": [10, 11]},
								"south": {"uv": [36, 43], "uv_size": [1, 11]},
								"west": {"uv": [10, 34], "uv_size": [10, 11]},
								"up": {"uv": [37, 43], "uv_size": [1, 10]},
								"down": {"uv": [38, 53], "uv_size": [1, -10]}
							}
						},
						{
							"origin": [-5, 8, 5],
							"size": [10, 11, 1],
							"pivot": [0, 8, 6],
							"rotation": [5, 0, 0],
							"uv": {
								"north": {"uv": [22, 11], "uv_size": [10, 11]},
								"east": {"uv": [20, 34], "uv_size": [1, 11]},
								"south": {"uv": [12, 23], "uv_size": [10, 11]},
								"west": {"uv": [21, 34], "uv_size": [1, 11]},
								"up": {"uv": [12, 11], "uv_size": [10, 1]},
								"down": {"uv": [42, 36], "uv_size": [10, -1]}
							}
						},
						{
							"origin": [-5, 8, -6],
							"size": [10, 11, 1],
							"pivot": [0, 8, -6],
							"rotation": [-5, 0, 0],
							"uv": {
								"north": {"uv": [34, 61], "uv_size": [6, 3]},
								"east": {"uv": [42, 24], "uv_size": [1, 11]},
								"south": {"uv": [32, 32], "uv_size": [10, 11]},
								"west": {"uv": [37, 24], "uv_size": [1, 11]},
								"up": {"uv": [42, 36], "uv_size": [10, 1]},
								"down": {"uv": [42, 38], "uv_size": [10, -1]}
							}
						},
						{
							"origin": [-4, 11, -6.5],
							"size": [3, 3, 1],
							"pivot": [1, 11, -6],
							"rotation": [-5, 0, 0],
							"uv": {
								"north": {"uv": [15, 53], "uv_size": [13, 9]},
								"east": {"uv": [42, 24], "uv_size": [1, 11]},
								"south": {"uv": [32, 32], "uv_size": [10, 11]},
								"west": {"uv": [12, 53], "uv_size": [9, 9]},
								"up": {"uv": [16, 58], "uv_size": [10, 1]},
								"down": {"uv": [42, 38], "uv_size": [10, -1]}
							}
						},
						{
							"origin": [1, 11, -6.5],
							"size": [3, 3, 1],
							"pivot": [-1, 11, -6],
							"rotation": [-5, 0, 0],
							"uv": {
								"north": {"uv": [28, 53], "uv_size": [-13, 9]},
								"east": {"uv": [21, 53], "uv_size": [-9, 9]},
								"south": {"uv": [42, 32], "uv_size": [-10, 11]},
								"west": {"uv": [43, 24], "uv_size": [-1, 11]},
								"up": {"uv": [23, 58], "uv_size": [-10, 2]},
								"down": {"uv": [52, 38], "uv_size": [-10, -1]}
							}
						},
						{
							"origin": [-5, 8, -6.9],
							"size": [10, 3, 1],
							"pivot": [0, 8, -7],
							"rotation": [-5, 0, 0],
							"uv": {
								"north": {"uv": [45, 50], "uv_size": [13, 11]},
								"east": {"uv": [42, 24], "uv_size": [1, 11]},
								"south": {"uv": [32, 32], "uv_size": [10, 11]},
								"west": {"uv": [35, 23], "uv_size": [1, 12]},
								"up": {"uv": [42, 36], "uv_size": [10, 1]},
								"down": {"uv": [42, 38], "uv_size": [10, -1]}
							}
						},
						{
							"origin": [-5, 11, -6.9],
							"size": [1, 4, 1],
							"pivot": [0, 8, -7],
							"rotation": [-5, 0, 0],
							"uv": {
								"north": {"uv": [0, 24], "uv_size": [10, 11]},
								"east": {"uv": [42, 24], "uv_size": [1, 11]},
								"south": {"uv": [32, 32], "uv_size": [10, 11]},
								"west": {"uv": [32, 43], "uv_size": [1, 11]},
								"up": {"uv": [42, 36], "uv_size": [10, 1]},
								"down": {"uv": [42, 38], "uv_size": [10, -1]}
							}
						},
						{
							"origin": [4, 11, -6.9],
							"size": [1, 4, 1],
							"pivot": [0, 8, -7],
							"rotation": [-5, 0, 0],
							"uv": {
								"north": {"uv": [10, 24], "uv_size": [-10, 11]},
								"east": {"uv": [33, 43], "uv_size": [-1, 11]},
								"south": {"uv": [42, 32], "uv_size": [-10, 11]},
								"west": {"uv": [43, 24], "uv_size": [-1, 11]},
								"up": {"uv": [52, 36], "uv_size": [-10, 1]},
								"down": {"uv": [52, 38], "uv_size": [-10, -1]}
							}
						},
						{
							"origin": [-5, 15, -6.81],
							"size": [10, 4, 1],
							"pivot": [0, 8, -6],
							"rotation": [-5, 0, 0],
							"uv": {
								"north": {"uv": [0, 24], "uv_size": [10, 11]},
								"east": {"uv": [42, 24], "uv_size": [1, 11]},
								"south": {"uv": [32, 32], "uv_size": [10, 11]},
								"west": {"uv": [39, 25], "uv_size": [1, 12]},
								"up": {"uv": [42, 36], "uv_size": [10, 1]},
								"down": {"uv": [42, 38], "uv_size": [10, -1]}
							}
						},
						{
							"origin": [-2, 14, -6.9],
							"size": [4, 1, 1],
							"pivot": [0, 7, -6],
							"rotation": [-5, 0, 0],
							"uv": {
								"north": {"uv": [0, 24], "uv_size": [10, 11]},
								"east": {"uv": [42, 24], "uv_size": [1, 11]},
								"south": {"uv": [32, 32], "uv_size": [10, 11]},
								"west": {"uv": [32, 43], "uv_size": [1, 11]},
								"up": {"uv": [42, 36], "uv_size": [10, 1]},
								"down": {"uv": [42, 38], "uv_size": [10, -1]}
							}
						},
						{
							"origin": [-5, 14.01504, -6.34443],
							"size": [5, 1, 1],
							"pivot": [-2.5, 14.51504, -5.84443],
							"rotation": [-5, 0, 10],
							"uv": {
								"north": {"uv": [0, 52], "uv_size": [7, 12]},
								"east": {"uv": [42, 24], "uv_size": [1, 11]},
								"south": {"uv": [32, 32], "uv_size": [10, 11]},
								"west": {"uv": [32, 43], "uv_size": [1, 11]},
								"up": {"uv": [42, 36], "uv_size": [10, 1]},
								"down": {"uv": [57, 15], "uv_size": [7, -1]}
							}
						},
						{
							"origin": [0, 14.01504, -6.34443],
							"size": [5, 1, 1],
							"pivot": [2.5, 14.51504, -5.84443],
							"rotation": [-5, 0, -10],
							"uv": {
								"north": {"uv": [61, 28], "uv_size": [-7, 11]},
								"east": {"uv": [33, 43], "uv_size": [-1, 11]},
								"south": {"uv": [42, 32], "uv_size": [-10, 11]},
								"west": {"uv": [43, 24], "uv_size": [-1, 11]},
								"up": {"uv": [52, 36], "uv_size": [-10, 1]},
								"down": {"uv": [64, 16], "uv_size": [-6, -5]}
							}
						},
						{
							"origin": [-5, 8, -5],
							"size": [10, 11, 10],
							"uv": {
								"north": {"uv": [12, 12], "uv_size": [10, 11]},
								"east": {"uv": [12, 0], "uv_size": [10, 11]},
								"south": {"uv": [22, 22], "uv_size": [10, 11]},
								"west": {"uv": [22, 0], "uv_size": [10, 11]},
								"up": {"uv": [32, 22], "uv_size": [10, 10]},
								"down": {"uv": [0, 45], "uv_size": [10, -10]}
							}
						}
					]
				},
				{
					"name": "bone2",
					"parent": "bone",
					"pivot": [0, 0, 0],
					"cubes": [
						{
							"origin": [1, 11, -6.6],
							"size": [3, 3, 0],
							"pivot": [-1, 11, -7],
							"rotation": [-5, 0, 0],
							"uv": {
								"north": {"uv": [24, 7], "uv_size": [-13, 9]},
								"east": {"uv": [21, 53], "uv_size": [-9, 9]},
								"south": {"uv": [42, 32], "uv_size": [-10, 11]},
								"west": {"uv": [43, 24], "uv_size": [-1, 11]},
								"up": {"uv": [23, 58], "uv_size": [-10, 2]},
								"down": {"uv": [52, 38], "uv_size": [-10, -1]}
							}
						},
						{
							"origin": [-4, 11, -6.6],
							"size": [3, 3, 0],
							"pivot": [1, 11, -7],
							"rotation": [-5, 0, 0],
							"uv": {
								"north": {"uv": [11, 7], "uv_size": [13, 9]},
								"east": {"uv": [42, 24], "uv_size": [1, 11]},
								"south": {"uv": [32, 32], "uv_size": [10, 11]},
								"west": {"uv": [12, 53], "uv_size": [9, 9]},
								"up": {"uv": [13, 58], "uv_size": [10, 2]},
								"down": {"uv": [42, 38], "uv_size": [10, -1]}
							}
						}
					]
				}
			]
		}
	]
}