{
	"format_version": "1.12.0",
	"minecraft:geometry": [
		{
			"description": {
				"identifier": "geometry.ed_potato",
				"texture_width": 64,
				"texture_height": 64,
				"visible_bounds_width": 2,
				"visible_bounds_height": 3,
				"visible_bounds_offset": [0, 0.5, 0]
			},
			"bones": [
				{
					"name": "body",
					"pivot": [0, 0, 0],
					"cubes": [
						{"origin": [-5, 0, -5], "size": [10, 1, 10], "uv": [0, 0]}
					]
				},
				{
					"name": "bone",
					"parent": "body",
					"pivot": [0, 6, 0],
					"cubes": [
						{"origin": [-4, 1, -4], "size": [8, 2, 8], "uv": [0, 11]},
						{"origin": [-3, 3, 3], "size": [6, 2, 1], "pivot": [0, 3, 4], "rotation": [30, 0, 0], "uv": [26, 24]},
						{"origin": [-3, 3, -3], "size": [6, 1.79, 6], "uv": [0, 21]},
						{"origin": [-4, 3, -3], "size": [1, 2, 6], "pivot": [-4, 3, 0], "rotation": [0, 0, 30], "uv": [18, 22]},
						{"origin": [-3, 3, -4], "size": [6, 2, 1], "pivot": [0, 3, -4], "rotation": [-30, 0, 0], "uv": [26, 21]},
						{"origin": [3, 3, -3], "size": [1, 2, 6], "pivot": [4, 3, 0], "rotation": [0, 0, -30], "uv": [24, 11]}
					]
				},
				{
					"name": "bone2",
					"parent": "body",
					"pivot": [0, 0, 0],
					"cubes": [
						{"origin": [-0.5, 4.3, -0.5], "size": [1, 3.7, 1], "uv": [0, 4]},
						{"origin": [-1, 7.3, -1], "size": [2, 2, 2], "uv": [0, 0]}
					]
				}
			]
		}
	]
}