{
	"format_version": "1.12.0",
	"minecraft:geometry": [
		{
			"description": {
				"identifier": "geometry.ed_pokra",
				"texture_width": 128,
				"texture_height": 128,
				"visible_bounds_width": 3,
				"visible_bounds_height": 2.5,
				"visible_bounds_offset": [0, 0.75, 0]
			},
			"bones": [
				{
					"name": "dz",
					"pivot": [0, 1, 0]
				},
				{
					"name": "bo",
					"parent": "dz",
					"pivot": [0, -1, 0],
					"rotation": [-20, 0, 0],
					"cubes": [
						{"origin": [0, -1, -5], "size": [2, 5.88, 1], "pivot": [0, -1, -5], "rotation": [0, -40, 0], "uv": [0, 37]},
						{"origin": [-2, -1, -5], "size": [2, 5.88, 1], "pivot": [0, -1, -5], "rotation": [0, 45, 0], "uv": [38, 43]},
						{"origin": [1, -1, -4], "size": [4, 5.88, 1], "pivot": [1, -1, -4], "rotation": [0, -27.5, 0], "uv": [60, 25]},
						{"origin": [-5, -1, -4], "size": [4, 5.88, 1], "pivot": [-1, -1, -4], "rotation": [0, 27.5, 0], "uv": [57, 49]},
						{"origin": [2, -1, 2], "size": [4, 5.88, 1], "pivot": [1, -1, 2], "rotation": [0, 57.5, 0], "uv": [58, 32]},
						{"origin": [-6, -1, 2], "size": [4, 5.88, 1], "pivot": [-1, -1, 2], "rotation": [0, -57.5, 0], "uv": [0, 58]},
						{"origin": [-6, -1, 4], "size": [3, 5.88, 1], "pivot": [-3, -1, 4], "rotation": [0, -105, 0], "uv": [0, 10]},
						{"origin": [-7, -1, 4], "size": [4, 5.88, 1], "pivot": [-3, -1, 4], "rotation": [0, -170, 0], "uv": [57, 7]},
						{"origin": [3, -1, 4], "size": [4, 5.88, 1], "pivot": [3, -1, 4], "rotation": [0, 170, 0], "uv": [57, 57]},
						{"origin": [3, -1, 4], "size": [3, 5.88, 1], "pivot": [3, -1, 4], "rotation": [0, 105, 0], "uv": [0, 0]}
					]
				},
				{
					"name": "bo2",
					"parent": "dz",
					"pivot": [0, -3, 2],
					"rotation": [-2.5, 0, 0],
					"cubes": [
						{"origin": [0, 3.2, -3], "size": [2, 6.72, 1], "pivot": [0, -2.68, -3], "rotation": [0, -40, 0], "uv": [22, 0]},
						{"origin": [-2, 3.2, -3], "size": [2, 6.72, 1], "pivot": [0, -2.68, -3], "rotation": [0, 45, 0], "uv": [22, 22]},
						{"origin": [1, 3.2, -2], "size": [4, 6.72, 1], "pivot": [1, -2.68, -2], "rotation": [0, -27.5, 0], "uv": [29, 57]},
						{"origin": [-5, 3.2, -2], "size": [4, 6.72, 1], "pivot": [-1, -2.68, -2], "rotation": [0, 27.5, 0], "uv": [56, 14]},
						{"origin": [-0.21961, 9.92, -1.94626], "size": [5, 2, 1], "pivot": [1, 9.3522, -1.52438], "rotation": [-27.5, -27.5, 0], "uv": [35, 13]},
						{"origin": [-4.78039, 9.92, -1.94626], "size": [5, 2, 1], "pivot": [-1, 9.3522, -1.52438], "rotation": [-27.5, 27.5, 0], "uv": [22, 17]},
						{"origin": [2, 3.2, 4], "size": [4, 6.72, 1], "pivot": [1, -2.68, 4], "rotation": [0, 57.5, 0], "uv": [47, 56]},
						{"origin": [-6, 3.2, 4], "size": [4, 6.72, 1], "pivot": [-1, -2.68, 4], "rotation": [0, -57.5, 0], "uv": [19, 56]},
						{"origin": [-4.41888, 9.2, -0.15915], "size": [4, 2.72, 1], "pivot": [-4, 9.17772, 0.47942], "rotation": [12.5, -57.5, 0], "uv": [56, 21]},
						{"origin": [0.41888, 9.2, -0.15915], "size": [4, 2.72, 1], "pivot": [4, 9.17772, 0.47942], "rotation": [12.5, 57.5, 0], "uv": [16, 38]},
						{"origin": [-6, 3.2, 6], "size": [3, 4.2, 1], "pivot": [-3, -2.68, 6], "rotation": [0, -105, 0], "uv": [11, 21]},
						{"origin": [-7, 3.2, 6], "size": [4, 4.2, 1], "pivot": [-3, -2.68, 6], "rotation": [0, -170, 0], "uv": [60, 43]},
						{"origin": [3, 3.2, 6], "size": [4, 4.2, 1], "pivot": [3, -2.68, 6], "rotation": [0, 170, 0], "uv": [60, 0]},
						{"origin": [3, 3.2, 6], "size": [3, 4.2, 1], "pivot": [3, -2.68, 6], "rotation": [0, 105, 0], "uv": [0, 20]}
					]
				},
				{
					"name": "bo3",
					"parent": "dz",
					"pivot": [0, -3, 2],
					"rotation": [-2.5, 0, 0],
					"cubes": [
						{"origin": [1.48962, 5.82132, 3.37465], "size": [3, 4.2, 1], "pivot": [0, 7.57361, 1.47181], "rotation": [121.99897, -63.17628, -124.99913], "uv": [11, 0]},
						{"origin": [-0.37805, 5.82132, -1.793], "size": [4, 4.2, 1], "pivot": [0, 7.57361, 1.47181], "rotation": [157.18821, -9.23186, -176.13968], "uv": [24, 50]},
						{"origin": [-0.37805, 9.82132, -1.793], "size": [4, 1.2, 1], "pivot": [0, 7.57361, 1.47181], "rotation": [157.18821, -9.23186, -176.13968], "uv": [42, 0]},
						{"origin": [-7.00017, 11.1563, 4.33907], "size": [4, 1.2, 5], "pivot": [-3, 10.70161, 4.33809], "rotation": [172.18821, -9.23186, -176.13968], "uv": [26, 30]},
						{"origin": [3.00017, 11.1563, 4.33907], "size": [4, 1.2, 5], "pivot": [3, 10.70161, 4.33809], "rotation": [172.18821, 9.23186, 176.13968], "uv": [22, 11]},
						{"origin": [-3.62195, 9.82132, -1.793], "size": [4, 1.2, 1], "pivot": [0, 7.57361, 1.47181], "rotation": [157.18821, 9.23186, 176.13968], "uv": [22, 8]},
						{"origin": [-3.62195, 5.82132, -1.793], "size": [4, 4.2, 1], "pivot": [0, 7.57361, 1.47181], "rotation": [157.18821, 9.23186, 176.13968], "uv": [39, 30]},
						{"origin": [-4.48962, 5.82132, 3.37465], "size": [3, 4.2, 1], "pivot": [0, 7.57361, 1.47181], "rotation": [121.99897, 63.17628, 124.99913], "uv": [11, 11]}
					]
				},
				{
					"name": "hea",
					"parent": "dz",
					"pivot": [0, 12, 2],
					"cubes": [
						{"origin": [-1, 12, 1], "size": [2, 2, 2], "uv": [11, 5]},
						{"origin": [-0.5, 14, 2], "size": [1, 2, 1], "pivot": [0, 14, 2], "rotation": [-30, 0, 0], "uv": [11, 16]},
						{"origin": [-1, 15.76795, 3.13397], "size": [2, 2.5, 1], "pivot": [0, 16, 3], "rotation": [-67.5, 0, 0], "uv": [0, 16]},
						{"origin": [-1, 15.95533, 4.28874], "size": [2, 2, 1], "pivot": [0, 16, 5], "rotation": [-97.5, 0, 0], "uv": [0, 6]},
						{"origin": [-1, 16.31087, 6.89236], "size": [2, 3, 1], "pivot": [0, 16.31943, 7.02289], "rotation": [-165, 0, 0], "uv": [0, 25]},
						{"origin": [-0.5, 13.15428, 8.08183], "size": [1, 3, 1], "pivot": [0, 13.31943, 8.02289], "rotation": [177.5, 0, 0], "uv": [22, 11]},
						{"origin": [0, 14.37902, 6.37472], "size": [1, 3, 1], "pivot": [0, 14.31943, 7.02289], "rotation": [-177.5, 0, 7.5], "uv": [11, 31]},
						{"origin": [-1, 14.37902, 6.37472], "size": [1, 3, 1], "pivot": [0, 14.31943, 7.02289], "rotation": [177.5, 0, -5], "uv": [0, 30]}
					]
				},
				{
					"name": "rm",
					"parent": "dz",
					"pivot": [-4, 2, 4],
					"rotation": [7.5, 0, 0]
				},
				{
					"name": "2",
					"parent": "rm",
					"pivot": [-4, 2, 4],
					"cubes": [
						{"origin": [-5, 2, -4], "size": [1, 1, 9], "uv": [11, 21]}
					]
				},
				{
					"name": "3",
					"parent": "2",
					"pivot": [-4, 2, 4],
					"cubes": [
						{"origin": [-5, 2, -11], "size": [1, 1, 7], "pivot": [-4, 2, -4], "rotation": [-75, 0, 0], "uv": [22, 0]}
					]
				},
				{
					"name": "ws",
					"parent": "rm",
					"pivot": [-4, 9, -5],
					"rotation": [37.5, 0, 0],
					"cubes": [
						{"origin": [-6, 8, -9], "size": [3, 2, 5], "uv": [31, 0]},
						{"origin": [-6, 9, -15], "size": [1, 1, 6], "pivot": [-5, 10.09987, -8.89514], "rotation": [22.5, -12.5, 0], "uv": [8, 45]},
						{"origin": [-4.81406, 6.70066, -14.2692], "size": [1, 1, 6], "pivot": [-5, 6.78672, -14.37447], "rotation": [12.5, -12.5, 0], "uv": [43, 37]},
						{"origin": [-5.15769, 6.82489, -14.63581], "size": [1, 1, 6], "pivot": [-5, 7.77816, -14.24394], "rotation": [22.5, 12.5, 0], "uv": [21, 36]},
						{"origin": [-5.15769, 6.82489, -14.63581], "size": [1, 1, 6], "pivot": [-5, 7.77816, -14.24394], "rotation": [12.5, 12.5, 0], "uv": [43, 30]},
						{"origin": [-5, 6.65095, -14.1492], "size": [1, 1, 6], "pivot": [-5, 6.78672, -14.37447], "rotation": [12.5, 0, 0], "uv": [38, 44]},
						{"origin": [-5, 8.86368, -14.52492], "size": [1, 1, 6], "pivot": [-5, 9.10842, -9.02567], "rotation": [22.5, 0, 0], "uv": [0, 44]}
					]
				},
				{
					"name": "lm",
					"parent": "dz",
					"pivot": [4, 2, 4]
				},
				{
					"name": "1",
					"parent": "lm",
					"pivot": [4, 2, 4],
					"rotation": [7.5, 0, 0],
					"cubes": [
						{"origin": [4, 2, -4], "size": [1, 1, 9], "uv": [0, 20]}
					]
				},
				{
					"name": "4",
					"parent": "1",
					"pivot": [4, 2, 4],
					"cubes": [
						{"origin": [4, 2, -11], "size": [1, 1, 7], "pivot": [4, 2, -4], "rotation": [-75, 0, 0], "uv": [22, 22]}
					]
				},
				{
					"name": "ws2",
					"parent": "lm",
					"pivot": [4, 9, -5],
					"rotation": [37.5, 0, 0],
					"cubes": [
						{"origin": [3, 8, -9], "size": [3, 2, 5], "uv": [0, 30]},
						{"origin": [5, 9, -15], "size": [1, 1, 6], "pivot": [5, 10.09987, -8.89514], "rotation": [22.5, 12.5, 0], "uv": [30, 43]},
						{"origin": [3.81406, 6.70066, -14.2692], "size": [1, 1, 6], "pivot": [5, 6.78672, -14.37447], "rotation": [12.5, 12.5, 0], "uv": [16, 43]},
						{"origin": [3, 9, -15], "size": [1, 1, 6], "pivot": [5, 10.09987, -8.89514], "rotation": [22.5, -12.5, 0], "uv": [42, 13]},
						{"origin": [4.15769, 6.82489, -14.63581], "size": [1, 1, 6], "pivot": [5, 7.77816, -14.24394], "rotation": [12.5, -12.5, 0], "uv": [8, 38]},
						{"origin": [4, 6.65095, -14.1492], "size": [1, 1, 6], "pivot": [5, 6.78672, -14.37447], "rotation": [12.5, 0, 0], "uv": [0, 37]},
						{"origin": [4, 8.86368, -14.52492], "size": [1, 1, 6], "pivot": [5, 9.10842, -9.02567], "rotation": [22.5, 0, 0], "uv": [35, 36]}
					]
				},
				{
					"name": "leav",
					"parent": "dz",
					"pivot": [0, 1, 0],
					"cubes": [
						{"origin": [-1, 0, -8], "size": [1, 1, 9], "pivot": [0, 0, 0], "rotation": [0, 37.5, 0], "uv": [11, 1]},
						{"origin": [-5.6858, 0, -6.19607], "size": [1, 1, 5], "pivot": [-5, 0, -6], "rotation": [0, -5, 0], "uv": [53, 43]},
						{"origin": [-5.6858, 0, -6.19607], "size": [1, 1, 5], "pivot": [-5, 0, -6], "rotation": [0, 2.5, 0], "uv": [53, 0]},
						{"origin": [-5.6858, 0, -6.19607], "size": [1, 1, 5], "pivot": [-5, 0, -6], "rotation": [0, 25, 0], "uv": [7, 52]},
						{"origin": [-5.6858, 0, -6.19607], "size": [1, 1, 5], "pivot": [-5, 0, -6], "rotation": [0, 12.5, 0], "uv": [51, 37]},
						{"origin": [-6.12539, 0, -1.2642], "size": [3, 1, 5], "pivot": [-6, 0, -1], "rotation": [0, 25, 0], "uv": [35, 7]}
					]
				},
				{
					"name": "leav2",
					"parent": "dz",
					"pivot": [0, 1, 0],
					"cubes": [
						{"origin": [0, 0, -8], "size": [1, 1, 9], "pivot": [0, 0, 0], "rotation": [0, -35, 0], "uv": [11, 11]},
						{"origin": [4.6858, 0, -6.19607], "size": [1, 1, 5], "pivot": [5, 0, -6], "rotation": [0, 5, 0], "uv": [51, 26]},
						{"origin": [4.6858, 0, -6.19607], "size": [1, 1, 5], "pivot": [5, 0, -6], "rotation": [0, -2.5, 0], "uv": [36, 51]},
						{"origin": [4.6858, 0, -6.19607], "size": [1, 1, 5], "pivot": [5, 0, -6], "rotation": [0, -25, 0], "uv": [0, 51]},
						{"origin": [4.6858, 0, -6.19607], "size": [1, 1, 5], "pivot": [5, 0, -6], "rotation": [0, -12.5, 0], "uv": [50, 8]},
						{"origin": [3.12539, 0, -1.2642], "size": [3, 1, 5], "pivot": [6, 0, -1], "rotation": [0, -25, 0], "uv": [11, 32]}
					]
				},
				{
					"name": "leav3",
					"parent": "dz",
					"pivot": [3, 1, 1],
					"rotation": [0, 162.5, 0],
					"cubes": [
						{"origin": [3, 0, -11], "size": [1, 1, 9], "pivot": [3, 0, -3], "rotation": [0, -37.5, 0], "uv": [0, 10]},
						{"origin": [7.6858, 0, -9.19607], "size": [1, 1, 5], "pivot": [8, 0, -9], "rotation": [0, 5, 0], "uv": [47, 50]},
						{"origin": [7.6858, 0, -9.19607], "size": [1, 1, 5], "pivot": [8, 0, -9], "rotation": [0, -2.5, 0], "uv": [29, 50]},
						{"origin": [7.6858, 0, -9.19607], "size": [1, 1, 5], "pivot": [8, 0, -9], "rotation": [0, -25, 0], "uv": [17, 50]},
						{"origin": [7.6858, 0, -9.19607], "size": [1, 1, 5], "pivot": [8, 0, -9], "rotation": [0, -12.5, 0], "uv": [49, 20]},
						{"origin": [6.12539, 0, -4.2642], "size": [3, 1, 5], "pivot": [9, 0, -4], "rotation": [0, -25, 0], "uv": [31, 23]}
					]
				},
				{
					"name": "leav4",
					"parent": "dz",
					"pivot": [-3, 1, 1],
					"rotation": [0, -162.5, 0],
					"cubes": [
						{"origin": [-4, 0, -11], "size": [1, 1, 9], "pivot": [-3, 0, -3], "rotation": [0, 37.5, 0], "uv": [0, 0]},
						{"origin": [-8.6858, 0, -9.19607], "size": [1, 1, 5], "pivot": [-8, 0, -9], "rotation": [0, -5, 0], "uv": [46, 44]},
						{"origin": [-8.6858, 0, -9.19607], "size": [1, 1, 5], "pivot": [-8, 0, -9], "rotation": [0, 2.5, 0], "uv": [46, 2]},
						{"origin": [-8.6858, 0, -9.19607], "size": [1, 1, 5], "pivot": [-8, 0, -9], "rotation": [0, 25, 0], "uv": [24, 43]},
						{"origin": [-8.6858, 0, -9.19607], "size": [1, 1, 5], "pivot": [-8, 0, -9], "rotation": [0, 12.5, 0], "uv": [29, 36]},
						{"origin": [-9.12539, 0, -4.2642], "size": [3, 1, 5], "pivot": [-9, 0, -4], "rotation": [0, 25, 0], "uv": [31, 17]}
					]
				}
			]
		}
	]
}