{"format_version":"1.8.0","geometry.ed_sk":{"texturewidth":64,"textureheight":32,"visible_bounds_width":1.5,"visible_bounds_height":3,"visible_bounds_offset":[0,1.5,0],"bones":[{"name":"body","parent":"waist","pivot":[0.0,24.0,0.0],"cubes":[{"origin":[-4.0,12.0,-2.0],"size":[8,12,4],"uv":[16,16]}]},{"name":"waist","pivot":[0.0,12.0,0.0]},{"name":"head","parent":"body","pivot":[0.0,24.0,0.0],"cubes":[{"origin":[-4.0,24.0,-4.0],"size":[8,8,8],"uv":[0,0]}]},{"name":"hat","parent":"head","pivot":[0.0,24.0,0.0],"cubes":[{"origin":[-4.0,24.0,-4.0],"size":[8,8,8],"uv":[32,0],"inflate":0.5}],"neverRender":true},{"name":"rightArm","parent":"body","pivot":[-5.0,22.0,0.0],"cubes":[{"origin":[-6.0,12.0,-1.0],"size":[2,12,2],"uv":[40,16]}]},{"name":"rightItem","parent":"rightArm","pivot":[-5,15,1],"neverRender":true},{"name":"leftArm","parent":"body","pivot":[5.0,22.0,0.0],"cubes":[{"origin":[4.0,12.0,-1.0],"size":[2,12,2],"uv":[40,16]}],"mirror":true},{"name":"leftItem","parent":"leftArm","pivot":[6.0,15.0,1.0],"neverRender":true},{"name":"rightLeg","parent":"body","pivot":[-2.0,12.0,0.0],"cubes":[{"origin":[-3.0,0.0,-1.0],"size":[2,12,2],"uv":[0,16]}]},{"name":"leftLeg","parent":"body","pivot":[2.0,12.0,0.0],"cubes":[{"origin":[1.0,0.0,-1.0],"size":[2,12,2],"uv":[0,16]}],"mirror":true}]}}