{
	"format_version": "1.12.0",
	"minecraft:geometry": [
		{
			"description": {
				"identifier": "geometry.ed_sundy",
				"texture_width": 64,
				"texture_height": 64,
				"visible_bounds_width": 2,
				"visible_bounds_height": 3,
				"visible_bounds_offset": [0, 1.5, 0]
			},
			"bones": [
				{
					"name": "waist",
					"pivot": [0, 12, 0]
				},
				{
					"name": "body",
					"parent": "waist",
					"pivot": [0, 24, 0],
					"cubes": [
						{"origin": [-4, 12, -2], "size": [8, 12, 4], "uv": [0, 16]}
					]
				},
				{
					"name": "head",
					"parent": "body",
					"pivot": [0, 24, 0],
					"cubes": [
						{"origin": [-4, 24, -4], "size": [8, 8, 8], "uv": [0, 0]}
					]
				},
				{
					"name": "glasses",
					"parent": "head",
					"pivot": [0, 0, 0]
				},
				{
					"name": "hat",
					"parent": "head",
					"pivot": [3, 32, -1],
					"rotation": [0, 0, 27.5]
				},
				{
					"name": "bone",
					"parent": "hat",
					"pivot": [3, 32, -1],
					"cubes": [
						{"origin": [0.46175, 31.11299, -1], "size": [3, 1, 1], "pivot": [3, 32, -1], "rotation": [0, 0, 2.5], "uv": [42, 0]},
						{"origin": [-1.73825, 31.11299, -1], "size": [2.2, 1, 1], "pivot": [0, 32, -1], "rotation": [0, 0, -12.5], "uv": [42, 0]},
						{"origin": [-5.32938, 30.45054, -1], "size": [4, 1, 1], "pivot": [-1.77402, 31.0765, -1], "rotation": [0, 0, -45], "uv": [42, 0]}
					]
				},
				{
					"name": "bone5",
					"parent": "hat",
					"pivot": [3, 32, -1],
					"rotation": [-2.5, 12.5, 42.5],
					"cubes": [
						{"origin": [0.46175, 31.11299, -1], "size": [3, 1, 1], "pivot": [3, 32, -1], "rotation": [0, 0, 2.5], "uv": [42, 0]},
						{"origin": [-1.73825, 31.11299, -1], "size": [2.2, 1, 1], "pivot": [0, 32, -1], "rotation": [0, 0, -12.5], "uv": [42, 0]},
						{"origin": [-4.32938, 30.45054, -1], "size": [3, 1, 1], "pivot": [-1.77402, 31.0765, -1], "rotation": [0, 0, -75], "uv": [42, 0]}
					]
				},
				{
					"name": "bone6",
					"parent": "hat",
					"pivot": [2.53825, 32.88701, -1],
					"rotation": [-177.5, -20, 132.5],
					"cubes": [
						{"origin": [1, 32.3, -1], "size": [3, 1, 1], "pivot": [2.53825, 32.88701, -1], "rotation": [0, 0, 22.5], "uv": [42, 0]},
						{"origin": [-0.42793, 30.95002, -0.58146], "size": [2, 1, 1], "pivot": [-0.02338, 31.61543, -1.26013], "rotation": [0, 0, -72.5], "uv": [42, 0]},
						{"origin": [0, 32.3, -1], "size": [2, 1, 1], "pivot": [0.53825, 32.88701, -1], "rotation": [0, 0, -32.5], "uv": [42, 0]}
					]
				},
				{
					"name": "bone7",
					"parent": "hat",
					"pivot": [2.53825, 32.88701, -1],
					"rotation": [162.5, 82.5, 112.5],
					"cubes": [
						{"origin": [1, 32.3, -1], "size": [3, 1, 1], "pivot": [2.53825, 32.88701, -1], "rotation": [0, 0, 22.5], "uv": [42, 0]},
						{"origin": [-0.42793, 30.95002, -0.58146], "size": [2, 1, 1], "pivot": [-0.02338, 31.61543, -1.26013], "rotation": [0, 0, -72.5], "uv": [42, 0]},
						{"origin": [0, 32.3, -1], "size": [2, 1, 1], "pivot": [0.53825, 32.88701, -1], "rotation": [0, 0, -32.5], "uv": [42, 0]}
					]
				},
				{
					"name": "bone2",
					"parent": "hat",
					"pivot": [3, 32, -1],
					"rotation": [0, -30, 0],
					"cubes": [
						{"origin": [0.46175, 31.11299, -1], "size": [3, 1, 1], "pivot": [3, 32, -1], "rotation": [0, 0, 2.5], "uv": [42, 0]},
						{"origin": [-1.73825, 31.11299, -1], "size": [2.2, 1, 1], "pivot": [0, 32, -1], "rotation": [0, 0, -12.5], "uv": [42, 0]},
						{"origin": [-5.32938, 30.45054, -1], "size": [4, 1, 1], "pivot": [-1.77402, 31.0765, -1], "rotation": [0, 0, -45], "uv": [42, 0]}
					]
				},
				{
					"name": "bone3",
					"parent": "hat",
					"pivot": [3, 32, -1],
					"rotation": [0, -62.5, 0],
					"cubes": [
						{"origin": [0.46175, 31.11299, -1], "size": [3, 1, 1], "pivot": [3, 32, -1], "rotation": [0, 0, 2.5], "uv": [42, 0]},
						{"origin": [-1.73825, 31.11299, -1], "size": [2.2, 1, 1], "pivot": [0, 32, -1], "rotation": [0, 0, -12.5], "uv": [42, 0]},
						{"origin": [-4.32938, 30.45054, -1], "size": [3, 1, 1], "pivot": [-1.77402, 31.0765, -1], "rotation": [0, 0, -45], "uv": [42, 0]}
					]
				},
				{
					"name": "bone4",
					"parent": "hat",
					"pivot": [3, 32, -1],
					"rotation": [0, 17.5, 17.5]
				},
				{
					"name": "rightArm",
					"parent": "body",
					"pivot": [-5, 22, 0],
					"rotation": [-87.5, 0, 0],
					"cubes": [
						{"origin": [-8, 12, -2], "size": [4, 12, 4], "uv": [0, 32]}
					]
				},
				{
					"name": "rightItem",
					"parent": "rightArm",
					"pivot": [-6, 15, 1]
				},
				{
					"name": "leftArm",
					"parent": "body",
					"pivot": [5, 22, 0],
					"rotation": [-90, 0, 0],
					"mirror": true,
					"cubes": [
						{"origin": [4, 12, -2], "size": [4, 12, 4], "uv": [0, 32]}
					]
				},
				{
					"name": "newspaper",
					"parent": "leftArm",
					"pivot": [5, 22, 0],
					"cubes": [
						{"origin": [6.60985, 10.20509, -8], "size": [0, 2, 20], "pivot": [6, 12, 0], "rotation": [0, 0, -55], "uv": [24, 0]}
					]
				},
				{
					"name": "bone11",
					"parent": "newspaper",
					"pivot": [5, 22, 0],
					"cubes": [
						{"origin": [-6.60985, 10.20509, -8], "size": [0, 2, 20], "pivot": [-6, 12, 0], "rotation": [0, 0, 55], "uv": [24, 0], "mirror": true}
					]
				},
				{
					"name": "bone10",
					"parent": "newspaper",
					"pivot": [5, 22, 0],
					"cubes": [
						{"origin": [-5.39015, 10.20509, -8], "size": [12, 2, 20], "pivot": [6, 12, 0], "rotation": [0, 0, -55], "uv": [0, 46]}
					]
				},
				{
					"name": "bone13",
					"parent": "newspaper",
					"pivot": [-6, 12, 0],
					"cubes": [
						{"origin": [-6.60985, 10.20509, 12], "size": [12, 2, 0], "pivot": [-6, 12, 0], "rotation": [0, 0, 55], "uv": [29, 20], "mirror": true}
					]
				},
				{
					"name": "bone8",
					"parent": "newspaper",
					"pivot": [-6, 12, 0],
					"cubes": [
						{"origin": [-6.39015, 10.20509, -8], "size": [1, 2, 20], "pivot": [6, 12, 0], "rotation": [0, 0, -55], "uv": [22, 22]},
						{"origin": [-5.39015, 10.20509, 12], "size": [12, 2, 0], "pivot": [6, 12, 0], "rotation": [0, 0, -55], "uv": [34, 20]}
					]
				},
				{
					"name": "bone9",
					"parent": "newspaper",
					"pivot": [5, 22, 0],
					"cubes": [
						{"origin": [-6.60985, 10.20509, -8], "size": [12, 2, 20], "pivot": [-6, 12, 0], "rotation": [0, 0, 55], "uv": [0, 46], "mirror": true}
					]
				},
				{
					"name": "bone12",
					"parent": "bone9",
					"pivot": [-6, 12, 0],
					"cubes": [
						{"origin": [5.39015, 10.20509, -8], "size": [1, 2, 20], "pivot": [-6, 12, 0], "rotation": [0, 0, 55], "uv": [22, 22], "mirror": true}
					]
				},
				{
					"name": "rightLeg",
					"parent": "body",
					"pivot": [-1.9, 12, 0],
					"cubes": [
						{"origin": [-3.9, 0, -2], "size": [4, 12, 4], "uv": [24, 24]}
					]
				},
				{
					"name": "leftLeg",
					"parent": "body",
					"pivot": [1.9, 12, 0],
					"mirror": true,
					"cubes": [
						{"origin": [-0.1, 0, -2], "size": [4, 12, 4], "uv": [24, 24]}
					]
				}
			]
		}
	]
}