{
	"format_version": "1.12.0",
	"minecraft:geometry": [
		{
			"description": {
				"identifier": "geometry.ed_sk",
				"texture_width": 128,
				"texture_height": 128,
				"visible_bounds_width": 3,
				"visible_bounds_height": 2.5,
				"visible_bounds_offset": [0, 0.75, 0]
			},
			"bones": [
				{
					"name": "bone",
					"pivot": [0, 0, 0]
				},
				{
					"name": "bone2",
					"parent": "bone",
					"pivot": [0, 0, 0],
					"cubes": [
						{"origin": [-7, 0, -4], "size": [2, 5, 1], "pivot": [0, 0, 0], "rotation": [0, 7.5, -5], "uv": [29, 19]},
						{"origin": [5, 0, -4], "size": [2, 5, 1], "pivot": [0, 0, 0], "rotation": [0, -7.5, 5], "uv": [29, 10]},
						{"origin": [-6.7879, 4.31461, -3.02274], "size": [1, 4, 1], "pivot": [-8.0348, 3.91318, -2.6869], "rotation": [0, 7.5, 10], "uv": [34, 48]},
						{"origin": [5.7879, 4.31461, -3.02274], "size": [1, 4, 1], "pivot": [8.0348, 3.91318, -2.6869], "rotation": [0, -7.5, -10], "uv": [41, 30]},
						{"origin": [-7.98112, 4.32419, -3.04818], "size": [1, 4, 1], "pivot": [-8.0348, 3.91318, -2.6869], "rotation": [1.45, 7.5, 25], "uv": [30, 48]},
						{"origin": [6.98112, 4.32419, -3.04818], "size": [1, 4, 1], "pivot": [8.0348, 3.91318, -2.6869], "rotation": [1.45, -7.5, -25], "uv": [12, 31]},
						{"origin": [-8, 0, -4], "size": [16, 2, 8], "uv": [29, 0]},
						{"origin": [-8, 1, -4], "size": [1, 2, 2], "pivot": [-7.5, 2, -3], "rotation": [-45, 0, 0], "uv": [18, 46]},
						{"origin": [7, -1.12132, -3.12132], "size": [1, 2, 2], "pivot": [0, 2, 0], "rotation": [-45, 0, 0], "uv": [43, 19]},
						{"origin": [4.21354, 1, 5.55992], "size": [1, 2, 2], "pivot": [4.71354, 2, 6.55992], "rotation": [47.5, -45, -2.5], "uv": [0, 38]},
						{"origin": [-5.21354, 1, -7.55992], "size": [1, 2, 2], "pivot": [-4.71354, 2, -6.55992], "rotation": [-47.5, -45, 2.5], "uv": [30, 38]},
						{"origin": [-5.21354, 1, 5.55992], "size": [1, 2, 2], "pivot": [-4.71354, 2, 6.55992], "rotation": [47.5, 45, 2.5], "uv": [18, 38]},
						{"origin": [6.21354, 1, 3.55992], "size": [1, 2, 2], "pivot": [6.71354, 2, 4.55992], "rotation": [47.5, -45, -2.5], "uv": [40, 40]},
						{"origin": [-7.21354, 1, -5.55992], "size": [1, 2, 2], "pivot": [-6.71354, 2, -4.55992], "rotation": [-47.5, -45, 2.5], "uv": [36, 38]},
						{"origin": [6.21354, 1, -5.55992], "size": [1, 2, 2], "pivot": [6.71354, 2, -4.55992], "rotation": [-47.5, 45, -2.5], "uv": [0, 31]},
						{"origin": [-7.21354, 1, 3.55992], "size": [1, 2, 2], "pivot": [-6.71354, 2, 4.55992], "rotation": [47.5, 45, 2.5], "uv": [12, 38]},
						{"origin": [4.21354, 1, -7.55992], "size": [1, 2, 2], "pivot": [4.71354, 2, -6.55992], "rotation": [-47.5, 45, -2.5], "uv": [36, 42]},
						{"origin": [-8, 1, -1], "size": [1, 2, 2], "pivot": [-7.5, 2, 0], "rotation": [-45, 0, 0], "uv": [12, 46]},
						{"origin": [7, 1, -1], "size": [1, 2, 2], "pivot": [7.5, 2, 0], "rotation": [-45, 0, 0], "uv": [0, 46]},
						{"origin": [-8, 1, 2], "size": [1, 2, 2], "pivot": [-7.5, 2, 3], "rotation": [-45, 0, 0], "uv": [6, 46]},
						{"origin": [7, 1, 2], "size": [1, 2, 2], "pivot": [7.5, 2, 3], "rotation": [-45, 0, 0], "uv": [43, 26]},
						{"origin": [2.5, 1, 6], "size": [1, 2, 2], "pivot": [2.5, 2, 7], "rotation": [-45, -90, 0], "uv": [37, 26]},
						{"origin": [0.5, 1, 6], "size": [1, 2, 2], "pivot": [0.5, 2, 7], "rotation": [-45, -90, 0], "uv": [35, 31]},
						{"origin": [-2.5, 1, 6], "size": [1, 2, 2], "pivot": [-2.5, 2, 7], "rotation": [-45, -90, 0], "uv": [6, 31]},
						{"origin": [-3.5, 1, 3], "size": [2, 2, 2], "pivot": [-3.5, 2, 4], "rotation": [-45, -135, 5], "uv": [29, 4]},
						{"origin": [-7.5, 1, 3], "size": [2, 2, 2], "pivot": [-3.5, 2, 4], "rotation": [-45, -135, 5], "uv": [6, 2]},
						{"origin": [-0.5, 1, 3], "size": [2, 2, 2], "pivot": [-0.5, 2, 4], "rotation": [-45, -135, 5], "uv": [8, 23]},
						{"origin": [-3.5, 1, 0], "size": [2, 2, 2], "pivot": [-3.5, 2, 1], "rotation": [-45, -135, 5], "uv": [0, 27]},
						{"origin": [1.5, 1, 3], "size": [2, 2, 2], "pivot": [3.5, 2, 4], "rotation": [-45, 135, -5], "uv": [29, 0]},
						{"origin": [5.5, 1, 3], "size": [2, 2, 2], "pivot": [3.5, 2, 4], "rotation": [-45, 135, -5], "uv": [6, 6]},
						{"origin": [-1.5, 1, 3], "size": [2, 2, 2], "pivot": [0.5, 2, 4], "rotation": [-45, 135, -5], "uv": [8, 19]},
						{"origin": [1.5, 1, 0], "size": [2, 2, 2], "pivot": [3.5, 2, 1], "rotation": [-45, 135, -5], "uv": [0, 23]},
						{"origin": [1.5, 1, -5], "size": [2, 2, 2], "pivot": [3.5, 2, -4], "rotation": [45, -135, -5], "uv": [29, 29]},
						{"origin": [5.5, 1, -5], "size": [2, 2, 2], "pivot": [3.5, 2, -4], "rotation": [45, -135, -5], "uv": [0, 0]},
						{"origin": [1.5, 1, -2], "size": [2, 2, 2], "pivot": [3.5, 2, -1], "rotation": [45, -135, -5], "uv": [0, 12]},
						{"origin": [-1.5, 1, -5], "size": [2, 2, 2], "pivot": [0.5, 2, -4], "rotation": [45, -135, -5], "uv": [0, 19]},
						{"origin": [-3.5, 1, -5], "size": [2, 2, 2], "pivot": [-3.5, 2, -4], "rotation": [45, 135, 5], "uv": [8, 27]},
						{"origin": [-7.5, 1, -5], "size": [2, 2, 2], "pivot": [-3.5, 2, -4], "rotation": [45, 135, 5], "uv": [0, 4]},
						{"origin": [-3.5, 1, -2], "size": [2, 2, 2], "pivot": [-3.5, 2, -1], "rotation": [45, 135, 5], "uv": [0, 8]},
						{"origin": [-0.5, 1, -5], "size": [2, 2, 2], "pivot": [-0.5, 2, -4], "rotation": [45, 135, 5], "uv": [6, 10]},
						{"origin": [-1, 2, -8.5], "size": [2, 3, 1], "pivot": [0, 0, 0], "rotation": [0, 0, -5], "uv": [47, 17]},
						{"origin": [0.58601, 4.81079, -8.5], "size": [1, 3.5, 1], "pivot": [1.30505, 4.48668, -8], "rotation": [0, 0, -17.5], "uv": [42, 48]},
						{"origin": [-1.58601, 4.81079, -8.5], "size": [1, 3.5, 1], "pivot": [-1.30505, 4.48668, -8], "rotation": [0, 0, 17.5], "uv": [38, 48]},
						{"origin": [-0.59327, 4.14133, -8.5], "size": [1, 3, 1], "uv": [46, 48]},
						{"origin": [-0.38, 6.6, -8.5], "size": [0.75, 2, 1], "uv": [0, 3]},
						{"origin": [-1, 2, -8.5], "size": [2, 3, 1], "pivot": [0, 0, 0], "rotation": [0, 0, 5], "uv": [24, 46]},
						{"origin": [-1, 0, -8], "size": [2, 2, 16], "uv": [30, 30]},
						{"origin": [-2, 0, -9], "size": [4, 1, 1], "uv": [6, 0]},
						{"origin": [-0.7268, 0.81766, -9], "size": [1, 2, 1], "pivot": [0.25986, 0.19274, -8.5], "rotation": [0, 0, -32.5], "uv": [48, 13]},
						{"origin": [-0.2732, 0.81766, -9], "size": [1, 2, 1], "pivot": [-0.25986, 0.19274, -8.5], "rotation": [0, 0, 32.5], "uv": [13, 9]},
						{"origin": [-2, 1, -9], "size": [1, 1, 1], "uv": [48, 22]},
						{"origin": [1, 1, -9], "size": [1, 1, 1], "uv": [13, 5]},
						{"origin": [-4, 0, 2], "size": [3, 2, 6], "uv": [18, 38]},
						{"origin": [1, 0, 2], "size": [3, 2, 6], "uv": [0, 38]},
						{"origin": [-4, 0, -8], "size": [4, 1, 6], "pivot": [-3, 1.5, -8], "rotation": [0, 0, 15], "uv": [29, 19]},
						{"origin": [-5.44949, 1.41421, -8], "size": [4, 1, 1], "pivot": [-2, 1.5, -8], "rotation": [0, 0, 15], "uv": [29, 26]},
						{"origin": [1.44949, 1.41421, -8], "size": [4, 1, 1], "pivot": [2, 1.5, -8], "rotation": [0, 0, -15], "uv": [7, 15]},
						{"origin": [-4.44949, 1.41421, -8], "size": [3, 1, 1], "pivot": [-2, 1.5, -8], "rotation": [0, 0, 40], "uv": [30, 42]},
						{"origin": [1.44949, 1.41421, -8], "size": [3, 1, 1], "pivot": [2, 1.5, -8], "rotation": [0, 0, -40], "uv": [12, 42]},
						{"origin": [1, 2.41421, -8], "size": [2, 1, 1], "pivot": [2, 2.5, -8], "rotation": [0, 0, -77.5], "uv": [40, 38]},
						{"origin": [-3, 2.41421, -8], "size": [2, 1, 1], "pivot": [-2, 2.5, -8], "rotation": [0, 0, 77.5], "uv": [29, 33]},
						{"origin": [0, 0, -8], "size": [4, 1, 6], "pivot": [3, 1.5, -8], "rotation": [0, 0, -15], "uv": [29, 10]},
						{"origin": [-3, 0, -8.5], "size": [6, 2, 17], "pivot": [0, 1, 0], "rotation": [0, 45, 0], "uv": [0, 19]},
						{"origin": [-3, 0, -8.5], "size": [6, 2, 17], "pivot": [0, 1, 0], "rotation": [0, -45, 0], "uv": [0, 0]}
					]
				},
				{
					"name": "bone3",
					"parent": "bone2",
					"pivot": [0, 2, -7]
				},
				{
					"name": "bone5",
					"parent": "bone3",
					"pivot": [0, 0, -4]
				}
			]
		}
	]
}