{
	"format_version": "1.12.0",
	"minecraft:geometry": [
		{
			"description": {
				"identifier": "geometry.ed_skulldino",
				"texture_width": 64,
				"texture_height": 64,
				"visible_bounds_width": 4,
				"visible_bounds_height": 5,
				"visible_bounds_offset": [0, 1.5, 0]
			},
			"bones": [
				{
					"name": "waist",
					"pivot": [0, 12, 0]
				},
				{
					"name": "body",
					"parent": "waist",
					"pivot": [0, 24, 0],
					"cubes": [
						{"origin": [-4, 12, -2], "size": [8, 12, 4], "uv": [0, 16]},
						{"origin": [-4, 9, -3], "size": [8, 10, 6], "uv": [34, 32]}
					]
				},
				{
					"name": "head",
					"parent": "body",
					"pivot": [0, 24, 0],
					"cubes": [
						{"origin": [-4, 24, -4], "size": [8, 8, 8], "uv": [0, 0]},
						{"origin": [-4, 29, -5], "size": [4, 2, 1], "pivot": [-2, 30, -4.5], "rotation": [0, 0, 7.5], "uv": [24, 28]},
						{"origin": [0, 29, -5], "size": [4, 2, 1], "pivot": [2, 30, -4.5], "rotation": [0, 0, -5], "uv": [24, 28]},
						{"origin": [-4, 21, -3.8], "size": [8, 3, 1], "uv": [0, 40]},
						{"origin": [-5, 21, -3.8], "size": [4, 3, 1], "pivot": [0, 23, -4], "rotation": [0, 0, 32.5], "uv": [0, 40]},
						{"origin": [1, 21, -3.8], "size": [4, 3, 1], "pivot": [0, 23, -4], "rotation": [0, 0, -32.5], "uv": [0, 40], "mirror": true}
					]
				},
				{
					"name": "bone",
					"parent": "head",
					"pivot": [1, 32, 0]
				},
				{
					"name": "hat2",
					"parent": "bone",
					"pivot": [-1.13592, 33.4479, -1.52449],
					"rotation": [0, 0, -17.5],
					"cubes": [
						{"origin": [-2, 31.27409, -7.56134], "size": [2, 2, 6], "pivot": [-1, 32.27409, -7.56134], "rotation": [0, 0, -45], "uv": [6, 50], "mirror": true},
						{"origin": [-5, 33.27409, -3.56134], "size": [5, 1, 2], "pivot": [-1, 32.27409, -3.56134], "rotation": [5, 10, -52.5], "uv": [7, 55], "mirror": true},
						{"origin": [-5, 33.27409, -2.56134], "size": [5, 1, 2], "pivot": [-1, 32.27409, -2.56134], "rotation": [5, 35, -52.5], "uv": [7, 55], "mirror": true},
						{"origin": [-0.67976, 31.75541, -1.98395], "size": [2, 1, 4], "pivot": [-1, 28.27409, 0.43866], "rotation": [5, 0, -52.5], "uv": [7, 55], "mirror": true},
						{"origin": [-2.67976, 32.75541, 0.01605], "size": [2, 1, 4], "pivot": [-2, 32.27409, 2.43866], "rotation": [5, 70, -52.5], "uv": [7, 55], "mirror": true},
						{"origin": [-0.91007, 35.324, -3.94963], "size": [2, 1, 6], "pivot": [0.08993, 35.824, 0.55037], "rotation": [-12.5, 135, -52.5], "uv": [7, 55], "mirror": true},
						{"origin": [-0.71349, 29.84998, -4.28687], "size": [1, 12, 7], "pivot": [0.98476, 35.53339, 2.51628], "rotation": [5, 72.5, -67.5], "uv": [7, 55], "mirror": true},
						{"origin": [4.85271, 34.99334, 1.78317], "size": [1, 3, 6], "pivot": [7.00777, 34.68287, 2.51628], "rotation": [37.5, 72.5, -67.5], "uv": [7, 55], "mirror": true},
						{"origin": [-6.27854, 34.65633, 2.68902], "size": [1, 3, 6], "pivot": [-4.73754, 37.33762, 2.51628], "rotation": [-27.5, 72.5, -67.5], "uv": [12, 52], "mirror": true},
						{"origin": [-0.71349, 32.84998, 2.71313], "size": [1, 6, 5], "pivot": [0.98476, 35.53339, 2.51628], "rotation": [5, 72.5, -67.5], "uv": [7, 55], "mirror": true},
						{"origin": [2.48378, 35.0517, -5.96639], "size": [2, 1, 7], "pivot": [3.48378, 35.5517, -2.46639], "rotation": [-12.5, 135, -52.5], "uv": [7, 55], "mirror": true},
						{"origin": [-1.30499, 34.64099, -7.37349], "size": [2, 1, 7], "pivot": [-1.48378, 35.5517, -2.46639], "rotation": [137.5, -145, 125], "uv": [7, 55]},
						{"origin": [-1.22081, 33.56627, -3.34628], "size": [2, 2, 2], "pivot": [-1, 35.27409, -1.56134], "rotation": [5, -150, -52.5], "uv": [7, 55], "mirror": true},
						{"origin": [-4.09697, 30.85988, -3.24812], "size": [5, 1, 2], "pivot": [-4, 31.27409, -1.56134], "rotation": [35, 47.5, -45], "uv": [7, 55], "mirror": true}
					]
				},
				{
					"name": "hat",
					"parent": "bone",
					"pivot": [1.13592, 33.4479, -1.52449],
					"rotation": [0, 0, 17.5],
					"cubes": [
						{"origin": [0, 31.27409, -7.56134], "size": [2, 2, 6], "pivot": [1, 32.27409, -7.56134], "rotation": [0, 0, 45], "uv": [6, 50]},
						{"origin": [-2, 31.27409, -6.56134], "size": [3, 1, 1], "pivot": [1, 32.27409, -7.56134], "rotation": [0, 15, 67.5], "uv": [6, 50]},
						{"origin": [0, 33.27409, -3.56134], "size": [5, 1, 2], "pivot": [1, 32.27409, -3.56134], "rotation": [5, -10, 52.5], "uv": [7, 55]},
						{"origin": [0, 33.27409, -2.56134], "size": [5, 1, 2], "pivot": [1, 32.27409, -2.56134], "rotation": [5, -35, 52.5], "uv": [7, 55]},
						{"origin": [-1.32024, 31.75541, -1.98395], "size": [2, 1, 4], "pivot": [1, 28.27409, 0.43866], "rotation": [5, 0, 52.5], "uv": [7, 55]},
						{"origin": [0.67976, 32.75541, 0.01605], "size": [2, 1, 4], "pivot": [2, 32.27409, 2.43866], "rotation": [5, -70, 52.5], "uv": [7, 55]},
						{"origin": [-1.08993, 35.324, -3.94963], "size": [2, 1, 6], "pivot": [-0.08993, 35.824, 0.55037], "rotation": [-12.5, -135, 52.5], "uv": [7, 55]},
						{"origin": [-0.77919, 33.56627, -3.34628], "size": [2, 2, 2], "pivot": [1, 35.27409, -1.56134], "rotation": [5, 150, 52.5], "uv": [7, 55]},
						{"origin": [-0.90303, 30.85988, -3.24812], "size": [5, 1, 2], "pivot": [4, 31.27409, -1.56134], "rotation": [35, -47.5, 45], "uv": [7, 55]}
					]
				},
				{
					"name": "rightArm",
					"parent": "body",
					"pivot": [-5, 22, 0],
					"cubes": [
						{"origin": [-8, 12, -2], "size": [4, 12, 4], "uv": [40, 16]}
					]
				},
				{
					"name": "rightItem",
					"parent": "rightArm",
					"pivot": [-6, 15, 1]
				},
				{
					"name": "leftArm",
					"parent": "body",
					"pivot": [5, 22, 0],
					"mirror": true,
					"cubes": [
						{"origin": [4, 12, -2], "size": [4, 12, 4], "uv": [24, 16]}
					]
				},
				{
					"name": "rightLeg",
					"parent": "body",
					"pivot": [-1.9, 12, 0],
					"cubes": [
						{"origin": [-3.9, 0, -2], "size": [4, 12, 4], "uv": [40, 16]}
					]
				},
				{
					"name": "leftLeg",
					"parent": "body",
					"pivot": [1.9, 12, 0],
					"mirror": true,
					"cubes": [
						{"origin": [-0.1, 0, -2], "size": [4, 12, 4], "uv": [40, 16]}
					]
				}
			]
		}
	]
}