{
	"format_version": "1.12.0",
	"minecraft:geometry": [
		{
			"description": {
				"identifier": "geometry.ed_tm",
				"texture_width": 64,
				"texture_height": 64,
				"visible_bounds_width": 2,
				"visible_bounds_height": 4,
				"visible_bounds_offset": [0, 2, 0]
			},
			"bones": [
				{
					"name": "waist",
					"pivot": [0, 12, 0]
				},
				{
					"name": "body",
					"parent": "waist",
					"pivot": [0, 24, 0],
					"cubes": [
						{"origin": [-4, 12, -2], "size": [8, 12, 4], "uv": [16, 16]}
					]
				},
				{
					"name": "head",
					"parent": "body",
					"pivot": [0, 24, 0],
					"cubes": [
						{"origin": [-4, 24, -4], "size": [8, 8, 8], "uv": [0, 0]}
					]
				},
				{
					"name": "hat",
					"parent": "head",
					"pivot": [0, 24, 0],
					"cubes": [
						{"origin": [-4, 31, -4], "size": [8, 7, 8], "inflate": 0.5, "uv": [32, 0]},
						{"origin": [5, 31, -1], "size": [0, 2, 2], "inflate": 0.5, "pivot": [4, 34, 0], "rotation": [0, 0, -20], "uv": [32, 0]},
						{"origin": [-4, 39, -4], "size": [8, 3, 8], "inflate": 0.5, "uv": [32, 27]}
					]
				},
				{
					"name": "bone",
					"parent": "hat",
					"pivot": [-4, 32, -2],
					"rotation": [-60, 0, 0],
					"cubes": [
						{"origin": [-5, 25.88443, -2.24911], "size": [0, 6, 0], "inflate": 0.5, "uv": [29, 36]},
						{"origin": [-4, 25.8, -2.3], "size": [8, 0, 0], "inflate": 0.5, "uv": [41, 9]},
						{"origin": [5, 25.88443, -2.24911], "size": [0, 6, 0], "inflate": 0.5, "uv": [46, 1]}
					]
				},
				{
					"name": "rightArm",
					"parent": "body",
					"pivot": [-5, 22, 0],
					"cubes": [
						{"origin": [-8, 12, -2], "size": [4, 12, 4], "uv": [40, 16]}
					]
				},
				{
					"name": "rightItem",
					"parent": "rightArm",
					"pivot": [-6, 15, 1]
				},
				{
					"name": "leftArm",
					"parent": "body",
					"pivot": [5, 22, 0],
					"mirror": true,
					"cubes": [
						{"origin": [4, 12, -2], "size": [4, 12, 4], "uv": [40, 16]}
					]
				},
				{
					"name": "rightLeg",
					"parent": "body",
					"pivot": [-1.9, 12, 0],
					"cubes": [
						{"origin": [-3.9, 0, -2], "size": [4, 12, 4], "uv": [0, 16]}
					]
				},
				{
					"name": "leftLeg",
					"parent": "body",
					"pivot": [1.9, 12, 0],
					"mirror": true,
					"cubes": [
						{"origin": [-0.1, 0, -2], "size": [4, 12, 4], "uv": [0, 16]}
					]
				}
			]
		}
	]
}