{
	"format_version": "1.12.0",
	"minecraft:geometry": [
		{
			"description": {
				"identifier": "geometry.ed_tallnut",
				"texture_width": 128,
				"texture_height": 128,
				"visible_bounds_width": 3,
				"visible_bounds_height": 3.5,
				"visible_bounds_offset": [0, 1.25, 0]
			},
			"bones": [
				{
					"name": "bone",
					"pivot": [0, 0, 0],
					"cubes": [
						{"origin": [-7, 0, -7], "size": [14, 1, 14], "uv": [46, 30]},
						{"origin": [-8.5, 0, -7], "size": [1.5, 1, 14], "pivot": [-7, 0, 0], "rotation": [0, 0, 47.5], "uv": [62, 76]},
						{"origin": [-9.25, 30, -7], "size": [2.25, 1, 14], "pivot": [-7, 31, 0], "rotation": [0, 0, -62.5], "uv": [60, 45]},
						{"origin": [7, 30, -7], "size": [2.25, 1, 14], "pivot": [7, 31, 0], "rotation": [0, 0, 62.5], "uv": [60, 60]},
						{"origin": [7, 0, -7], "size": [1.5, 1, 14], "pivot": [7, 0, 0], "rotation": [0, 0, -47.5], "uv": [46, 75]},
						{"origin": [-7, 0, -8.5], "size": [14, 1, 1.5], "pivot": [0, 0, -7], "rotation": [-47.5, 0, 0], "uv": [60, 24]},
						{"origin": [-7, 0, 7], "size": [14, 1, 1.5], "pivot": [0, 0, 7], "rotation": [47.5, 0, 0], "uv": [60, 22]},
						{"origin": [-7, 30, 7], "size": [14, 1, 2.25], "pivot": [0, 31, 7], "rotation": [-62.5, 0, 0], "uv": [60, 19]},
						{"origin": [-7, 30, -9.25], "size": [14, 1, 2.25], "pivot": [0, 31, -7], "rotation": [62.5, 0, 0], "uv": [60, 16]},
						{"origin": [-7, 1, -8], "size": [14, 28, 16], "uv": [0, 0]},
						{"origin": [-8, 1, -7], "size": [16, 28, 14], "uv": [0, 44]},
						{"origin": [6.1, 1, 6.5], "size": [1.5, 28, 1.5], "pivot": [7.25, 15, 7.25], "rotation": [0, -45, 0], "uv": [12, 86]},
						{"origin": [-7.6, 1, 6.5], "size": [1.5, 28, 1.5], "pivot": [-7.25, 15, 7.25], "rotation": [0, 45, 0], "uv": [8, 86]},
						{"origin": [-7.6, 1, -8], "size": [1.5, 28, 1.5], "pivot": [-7.25, 15, -7.25], "rotation": [0, -45, 0], "uv": [4, 86]},
						{"origin": [6.1, 1, -8], "size": [1.5, 28, 1.5], "pivot": [7.25, 15, -7.25], "rotation": [0, 45, 0], "uv": [0, 86]},
						{"origin": [-7, 29, -7], "size": [14, 2, 14], "uv": [44, 0]}
					]
				},
				{
					"name": "bone2",
					"parent": "bone",
					"pivot": [0, 25.5, -8.1],
					"cubes": [
						{"origin": [-5, 23.2, -8.01], "size": [5, 2, 0], "uv": [25, 7]},
						{"origin": [0, 23.2, -8.01], "size": [5, 2, 0], "uv": [25, 7], "mirror": true}
					]
				}
			]
		}
	]
}