{
	"format_version": "1.12.0",
	"minecraft:geometry": [
		{
			"description": {
				"identifier": "geometry.ed_torch_eg",
				"texture_width": 128,
				"texture_height": 128,
				"visible_bounds_width": 3,
				"visible_bounds_height": 4.5,
				"visible_bounds_offset": [0, 1.75, 0]
			},
			"bones": [
				{
					"name": "body",
					"pivot": [0, 24, 0],
					"cubes": [
						{"origin": [-4, 12, -2], "size": [8, 12, 4], "uv": [0, 33]}
					]
				},
				{
					"name": "head",
					"parent": "body",
					"pivot": [0, 24, 0],
					"cubes": [
						{"origin": [-4, 24, -4], "size": [8, 8, 8], "uv": [23, 0]}
					]
				},
				{
					"name": "bone2",
					"parent": "head",
					"pivot": [0, 39, 0],
					"cubes": [
						{"origin": [-5, 30, -5], "size": [10, 2, 10], "uv": [58, 27]},
						{"origin": [-4, 32, -4], "size": [8, 4, 8], "uv": [66, 29]},
						{"origin": [-3, 36, -3], "size": [6, 2, 6], "uv": [66, 27]}
					]
				},
				{
					"name": "rightArm",
					"parent": "body",
					"pivot": [-5, 22, 0],
					"rotation": [-90, 0, 0],
					"cubes": [
						{"origin": [-8, 12, -2], "size": [4, 12, 4], "uv": [16, 52]}
					]
				},
				{
					"name": "rightItem",
					"parent": "rightArm",
					"pivot": [-6, 15, 1]
				},
				{
					"name": "leftArm",
					"parent": "body",
					"pivot": [5, 22, 0],
					"rotation": [-90, 0, 0],
					"mirror": true,
					"cubes": [
						{"origin": [4, 12, -2], "size": [4, 12, 4], "uv": [0, 49], "mirror": false}
					]
				},
				{
					"name": "bone",
					"parent": "leftArm",
					"pivot": [6, 12, 1],
					"rotation": [30, 0, 0],
					"cubes": [
						{"origin": [3, 10.5, -18.95638], "size": [4, 4, 9], "pivot": [5, 11.7059, -9.67037], "rotation": [-32.5, 0, 0], "uv": [82, 60]},
						{"origin": [4, 12, -13], "size": [2, 2, 19], "uv": [0, 71]}
					]
				},
				{
					"name": "rightLeg",
					"parent": "body",
					"pivot": [-1.9, 12, 0],
					"cubes": [
						{"origin": [-3.9, 0, -2], "size": [4, 12, 4], "uv": [42, 44]}
					]
				},
				{
					"name": "leftLeg",
					"parent": "body",
					"pivot": [1.9, 12, 0],
					"mirror": true,
					"cubes": [
						{"origin": [-0.1, 0, -2], "size": [4, 12, 4], "uv": [0, 0], "mirror": false}
					]
				}
			]
		}
	]
}