{
	"format_version": "1.12.0",
	"minecraft:geometry": [
		{
			"description": {
				"identifier": "geometry.ed_ultomato",
				"texture_width": 256,
				"texture_height": 256,
				"visible_bounds_width": 3,
				"visible_bounds_height": 2.5,
				"visible_bounds_offset": [0, 0.75, 0]
			},
			"bones": [
				{
					"name": "sr",
					"pivot": [0, 0, 0]
				},
				{
					"name": "bo",
					"parent": "sr",
					"pivot": [0, 0, 0],
					"cubes": [
						{"origin": [-9, 0, -14], "size": [18, 3, 5], "pivot": [0, 0, -9], "rotation": [-37.5, 0, 0], "uv": [88, 42]},
						{"origin": [-9, 0, 9], "size": [18, 3, 5], "pivot": [0, 0, 9], "rotation": [37.5, 0, 0], "uv": [46, 87]},
						{"origin": [-9, 0, -9], "size": [18, 3, 18], "uv": [0, 54]},
						{"origin": [9, 0, -9], "size": [5, 3, 18], "pivot": [9, 0, 0], "rotation": [0, 0, -37.5], "uv": [0, 75]},
						{"origin": [-14, 0, -9], "size": [5, 3, 18], "pivot": [-9, 0, 0], "rotation": [0, 0, 35], "uv": [70, 21]},
						{"origin": [-13, 3, -9], "size": [26, 5, 18], "uv": [0, 31]},
						{"origin": [-13.2, 3, 6.2], "size": [5.5, 5, 5], "pivot": [-10.5, 5.5, 10.5], "rotation": [0, -45, 0], "uv": [0, 96]},
						{"origin": [-13.2, 3, -19.8], "size": [5.5, 5, 5], "pivot": [-10.5, 5.5, 10.5], "rotation": [0, -45, 0], "uv": [60, 95]},
						{"origin": [-31.2, 3, -20], "size": [4.5, 5, 6], "pivot": [-28.5, 5.5, 10.5], "rotation": [0, -45, 0], "uv": [90, 0]},
						{"origin": [-4.8, 3, -20], "size": [4.5, 5, 6], "pivot": [-28.5, 7.5, 10.5], "rotation": [0, -45, 0], "uv": [86, 89]},
						{"origin": [-12.2, 3, -2], "size": [4.5, 5, 6], "uv": [40, 95]},
						{"origin": [-9, 8, -3], "size": [6, 3, 6], "uv": [0, 9]},
						{"origin": [-14, 8, -9], "size": [5, 3, 18], "pivot": [-9, 11, 0], "rotation": [0, 0, -37.5], "uv": [62, 0]},
						{"origin": [9, 8, -9], "size": [5, 3, 18], "pivot": [9, 11, 0], "rotation": [0, 0, 37.5], "uv": [54, 57]},
						{"origin": [3, 8, -3], "size": [6, 3, 6], "uv": [0, 0]},
						{"origin": [-9, 8, 3], "size": [18, 3, 6], "uv": [76, 78]},
						{"origin": [-9, 8, 9], "size": [18, 3, 5], "pivot": [0, 11, 9], "rotation": [-37.5, 0, 0], "uv": [82, 62]},
						{"origin": [-9, 8, -14], "size": [18, 3, 5], "pivot": [0, 11, -9], "rotation": [35, 0, 0], "uv": [82, 54]},
						{"origin": [-9, 8, -9], "size": [18, 3, 6], "uv": [28, 78]},
						{"origin": [-9, 3, -13], "size": [18, 5, 26], "uv": [0, 0]}
					]
				},
				{
					"name": "he",
					"parent": "sr",
					"pivot": [0, 9, 0],
					"cubes": [
						{"origin": [-1, 9, -1], "size": [1, 5, 1], "pivot": [0, 9, -1], "rotation": [10, 0, 0], "uv": [12, 31]},
						{"origin": [-2, 9, -2], "size": [3, 5, 1], "pivot": [0, 9, -1], "rotation": [22.5, 0, 0], "uv": [16, 18]},
						{"origin": [-3, 9, -2], "size": [3, 5, 1], "pivot": [-1, 9, -1], "rotation": [32.5, 90, 0], "uv": [8, 18]},
						{"origin": [-1, 9, -1], "size": [3, 5, 1], "pivot": [1, 9, 0], "rotation": [40, -92.5, 0], "uv": [0, 18]},
						{"origin": [8.34896, 8.03306, -0.83984], "size": [1, 5, 1], "pivot": [9, 13, 0], "rotation": [85, -92.5, 0], "uv": [8, 31]},
						{"origin": [8.34896, 8.03306, -0.83984], "size": [1, 5, 1], "pivot": [9, 13, 0], "rotation": [85, -105, 0], "uv": [0, 9]},
						{"origin": [8.34896, 8.03306, -0.83984], "size": [1, 5, 1], "pivot": [9, 13, 0], "rotation": [85, -80, 0], "uv": [0, 0]},
						{"origin": [-9, 8.53422, -1.09692], "size": [1, 4, 1], "pivot": [-8, 13, -1], "rotation": [82.5, 90, 0], "uv": [0, 40]},
						{"origin": [-9, 8.53422, -1.09692], "size": [1, 4, 1], "pivot": [-8, 13, -1], "rotation": [82.5, 77.5, 0], "uv": [12, 37]},
						{"origin": [-9, 8.53422, -1.09692], "size": [1, 4, 1], "pivot": [-8, 13, -1], "rotation": [82.5, 102.5, 0], "uv": [8, 37]},
						{"origin": [-2, 9, -1], "size": [3, 8, 1], "pivot": [0, 9, 0], "rotation": [-37.5, 22.5, 0], "uv": [0, 31]},
						{"origin": [-0.46927, 16.19684, 4.32948], "size": [3, 3, 1], "pivot": [0, 16, 4], "rotation": [-77.5, 22.5, 0], "uv": [18, 0]},
						{"origin": [2.67251, 12.39599, 7.99639], "size": [1, 3, 1], "pivot": [3, 15, 9], "rotation": [-97.5, 22.5, 0], "uv": [12, 42]},
						{"origin": [2.67251, 11.39599, 7.99639], "size": [1, 4, 1], "pivot": [3, 15, 9], "rotation": [-97.5, 0, 0], "uv": [8, 42]},
						{"origin": [2.67251, 11.39599, 7.99639], "size": [1, 4, 1], "pivot": [3, 15, 9], "rotation": [-95, 40, 0], "uv": [4, 40]},
						{"origin": [-2, 14, -4.08928], "size": [3, 3, 1], "pivot": [0, 14, -3], "rotation": [102.5, 0, 0], "uv": [18, 9]},
						{"origin": [-1, 9.49083, -9.02384], "size": [1, 3, 1], "pivot": [-0.5, 12.94342, -8.95672], "rotation": [80, -17.5, 0], "uv": [4, 45]},
						{"origin": [-1, 10.4692, -8.32943], "size": [1, 3, 1], "pivot": [0, 13, -8], "rotation": [77.5, 0, 0], "uv": [0, 54]},
						{"origin": [-1, 10.4692, -8.32943], "size": [1, 3, 1], "pivot": [0, 13, -8], "rotation": [77.5, 22.5, 0], "uv": [0, 45]},
						{"origin": [-1, 13.90231, -1.88343], "size": [1, 1, 1], "pivot": [0, 14, -2], "rotation": [2.5, 0, 0], "uv": [16, 24]},
						{"origin": [-1, 14.90326, -1.92705], "size": [1, 1, 1], "pivot": [0, 15, -2], "rotation": [-7.5, 0, 0], "uv": [12, 24]},
						{"origin": [-1, 15.91182, -1.79653], "size": [1, 1, 1], "pivot": [0, 16, -2], "rotation": [-17.5, 0, 0], "uv": [8, 24]},
						{"origin": [-1, 16.9581, -1.49582], "size": [1, 1, 1], "pivot": [0, 17, -2], "rotation": [-22.5, 0, 0], "uv": [4, 24]},
						{"origin": [-1, 17.60934, -0.92108], "size": [1, 1, 1], "pivot": [0, 18, -1], "rotation": [-42.5, 0, 0], "uv": [0, 24]},
						{"origin": [-1, 18.62047, -0.57741], "size": [1, 1, 1], "pivot": [-0.5, 18.47769, -0.84345], "rotation": [-52.5, 0, 0], "uv": [22, 13]},
						{"origin": [-1, 19.21287, 0.05019], "size": [1, 1, 1], "pivot": [-0.5, 18.94683, -0.0926], "rotation": [-67.5, 0, 0], "uv": [22, 4]},
						{"origin": [-1, 19.57914, 0.73246], "size": [1, 1, 1], "pivot": [-0.5, 19.19213, 0.77071], "rotation": [-82.5, 0, 0], "uv": [18, 13]},
						{"origin": [-1, 19.60285, 1.51602], "size": [1, 1, 1], "pivot": [-0.5, 19.19213, 1.77071], "rotation": [-90, 0, 0], "uv": [18, 4]}
					]
				}
			]
		}
	]
}