{
	"format_version": "1.12.0",
	"minecraft:geometry": [
		{
			"description": {
				"identifier": "geometry.fed_bbb",
				"texture_width": 32,
				"texture_height": 32,
				"visible_bounds_width": 2,
				"visible_bounds_height": 1.5,
				"visible_bounds_offset": [0, 0.25, 0]
			},
			"bones": [
				{
					"name": "bone",
					"pivot": [0, 0, 0],
					"cubes": [
						{"origin": [-7, 0, -6], "size": [12, 1, 3], "uv": [0, 13]},
						{"origin": [2, 0, -6], "size": [3, 1, 12], "uv": [0, 0]}
					]
				}
			]
		}
	]
}