{
	"format_version": "1.12.0",
	"minecraft:geometry": [
		{
			"description": {
				"identifier": "geometry.fed_ularrow",
				"texture_width": 64,
				"texture_height": 64,
				"visible_bounds_width": 5,
				"visible_bounds_height": 4,
				"visible_bounds_offset": [0, 1, 0]
			},
			"bones": [
				{
					"name": "bone",
					"pivot": [0, 0, 0],
					"cubes": [
						{"origin": [-13.104, -8.736, -13.104], "size": [26.208, 26.208, 26.208], "uv": [0, 0]},
						{"origin": [17.472, -8.736, 15.288], "size": [6.552, 6.552, 6.552], "uv": [15, 6]},
						{"origin": [17.472, 15.288, -26.208], "size": [6.552, 6.552, 6.552], "uv": [15, 6]},
						{"origin": [-6.552, 26.208, -2.184], "size": [6.552, 6.552, 6.552], "uv": [15, 6]},
						{"origin": [2.184, -21.84, -2.184], "size": [6.552, 6.552, 6.552], "uv": [15, 6]},
						{"origin": [-19.656, 19.656, 17.472], "size": [6.552, 6.552, 6.552], "uv": [15, 6]},
						{"origin": [-17.472, -10.92, -24.024], "size": [6.552, 6.552, 6.552], "uv": [15, 6]},
						{"origin": [-17.472, -10.92, -24.024], "size": [6.552, 6.552, 6.552], "uv": [15, 6]}
					]
				}
			]
		}
	]
}