{
	"format_version": "1.12.0",
	"minecraft:geometry": [
		{
			"description": {
				"identifier": "geometry.fed_fsarrow",
				"texture_width": 64,
				"texture_height": 64,
				"visible_bounds_width": 4,
				"visible_bounds_height": 2,
				"visible_bounds_offset": [0, 0, 0]
			},
			"bones": [
				{
					"name": "bone",
					"pivot": [0, 0, 0],
					"cubes": [
						{"origin": [-5, -7, -4], "size": [9, 7, 9], "uv": [0, 0]},
						{"origin": [-7, -6, -15], "size": [6, 4, 6], "uv": [20, 22]},
						{"origin": [2, -9, 9], "size": [6, 5, 7], "uv": [0, 16]},
						{"origin": [10, -9, -6], "size": [6, 5, 7], "uv": [0, 16]},
						{"origin": [-16, -5, -6], "size": [6, 5, 7], "uv": [0, 16]}
					]
				}
			]
		}
	]
}