{
	"format_version": "1.12.0",
	"minecraft:geometry": [
		{
			"description": {
				"identifier": "geometry.fed_reed",
				"texture_width": 32,
				"texture_height": 32,
				"visible_bounds_width": 3,
				"visible_bounds_height": 1.5,
				"visible_bounds_offset": [0, 0.25, 0]
			},
			"bones": [
				{
					"name": "unknown_bone",
					"pivot": [0, 0, 0],
					"cubes": [
						{
							"origin": [0.76851, 0, -5.93253],
							"size": [1, 1, 4],
							"pivot": [1, 0, -6],
							"rotation": [0, -32.5, 0],
							"uv": {
								"north": {"uv": [19, 0], "uv_size": [1, 1]},
								"east": {"uv": [12, 3], "uv_size": [4, 1]},
								"south": {"uv": [19, 1], "uv_size": [1, 1]},
								"west": {"uv": [12, 6], "uv_size": [4, 1]},
								"up": {"uv": [11, 13], "uv_size": [1, 4]},
								"down": {"uv": [12, 17], "uv_size": [1, -4]}
							}
						},
						{
							"origin": [0.76851, 0, -9.93253],
							"size": [1, 1, 5],
							"pivot": [1, 0, -10],
							"rotation": [0, -5, 0],
							"uv": {
								"north": {"uv": [21, 5], "uv_size": [1, 1]},
								"east": {"uv": [10, 0], "uv_size": [5, 1]},
								"south": {"uv": [21, 6], "uv_size": [1, 1]},
								"west": {"uv": [10, 1], "uv_size": [5, 1]},
								"up": {"uv": [5, 11], "uv_size": [1, 5]},
								"down": {"uv": [6, 16], "uv_size": [1, -5]}
							}
						},
						{
							"origin": [-2.23149, 0, -6.93253],
							"size": [1, 1, 5],
							"pivot": [-2, 0, -7],
							"rotation": [0, 20, 0],
							"uv": {
								"north": {"uv": [21, 7], "uv_size": [1, 1]},
								"east": {"uv": [11, 11], "uv_size": [5, 1]},
								"south": {"uv": [21, 8], "uv_size": [1, 1]},
								"west": {"uv": [11, 10], "uv_size": [5, 1]},
								"up": {"uv": [0, 12], "uv_size": [1, 5]},
								"down": {"uv": [1, 17], "uv_size": [1, -5]}
							}
						},
						{
							"origin": [4.76851, 0, -9.93253],
							"size": [1, 1, 5],
							"pivot": [5, 0, -10],
							"rotation": [0, -55, 0],
							"uv": {
								"north": {"uv": [21, 9], "uv_size": [1, 1]},
								"east": {"uv": [11, 12], "uv_size": [5, 1]},
								"south": {"uv": [21, 10], "uv_size": [1, 1]},
								"west": {"uv": [12, 2], "uv_size": [5, 1]},
								"up": {"uv": [7, 13], "uv_size": [1, 5]},
								"down": {"uv": [8, 18], "uv_size": [1, -5]}
							}
						},
						{
							"origin": [1.76851, 0, -1.93253],
							"size": [1, 1, 3],
							"pivot": [2, 0, -2],
							"rotation": [0, -115, 0],
							"uv": {
								"north": {"uv": [19, 12], "uv_size": [1, 1]},
								"east": {"uv": [16, 12], "uv_size": [3, 1]},
								"south": {"uv": [19, 15], "uv_size": [1, 1]},
								"west": {"uv": [17, 2], "uv_size": [3, 1]},
								"up": {"uv": [2, 18], "uv_size": [1, 3]},
								"down": {"uv": [3, 21], "uv_size": [1, -3]}
							}
						},
						{
							"origin": [0.76851, 0, 1.06747],
							"size": [1, 1, 3],
							"pivot": [1, 0, 1],
							"rotation": [0, 170, 0],
							"uv": {
								"north": {"uv": [4, 20], "uv_size": [1, 1]},
								"east": {"uv": [17, 13], "uv_size": [3, 1]},
								"south": {"uv": [5, 20], "uv_size": [1, 1]},
								"west": {"uv": [17, 14], "uv_size": [3, 1]},
								"up": {"uv": [7, 18], "uv_size": [1, 3]},
								"down": {"uv": [8, 21], "uv_size": [1, -3]}
							}
						},
						{
							"origin": [-2.23149, 0, 2.06747],
							"size": [1, 1, 3],
							"pivot": [-2, 0, 2],
							"rotation": [0, 112.5, 0],
							"uv": {
								"north": {"uv": [6, 20], "uv_size": [1, 1]},
								"east": {"uv": [18, 18], "uv_size": [3, 1]},
								"south": {"uv": [15, 20], "uv_size": [1, 1]},
								"west": {"uv": [18, 4], "uv_size": [3, 1]},
								"up": {"uv": [9, 19], "uv_size": [1, 3]},
								"down": {"uv": [10, 22], "uv_size": [1, -3]}
							}
						},
						{
							"origin": [-5.23149, 0, 4.06747],
							"size": [1, 1, 3],
							"pivot": [-5, 0, 3],
							"rotation": [0, 112.5, 0],
							"uv": {
								"north": {"uv": [20, 3], "uv_size": [1, 1]},
								"east": {"uv": [18, 9], "uv_size": [3, 1]},
								"south": {"uv": [20, 6], "uv_size": [1, 1]},
								"west": {"uv": [18, 17], "uv_size": [3, 1]},
								"up": {"uv": [18, 19], "uv_size": [1, 3]},
								"down": {"uv": [19, 22], "uv_size": [1, -3]}
							}
						},
						{
							"origin": [-6.23149, 0, 5.06747],
							"size": [1, 1, 4],
							"pivot": [-6, 0, 5],
							"rotation": [0, 135, 0],
							"uv": {
								"north": {"uv": [20, 7], "uv_size": [1, 1]},
								"east": {"uv": [13, 14], "uv_size": [4, 1]},
								"south": {"uv": [20, 10], "uv_size": [1, 1]},
								"west": {"uv": [14, 4], "uv_size": [4, 1]},
								"up": {"uv": [9, 15], "uv_size": [1, 4]},
								"down": {"uv": [10, 19], "uv_size": [1, -4]}
							}
						},
						{
							"origin": [-6.23149, 0, 8.06747],
							"size": [1, 1, 4],
							"pivot": [-6, 0, 8],
							"rotation": [0, 175, 0],
							"uv": {
								"north": {"uv": [20, 13], "uv_size": [1, 1]},
								"east": {"uv": [14, 5], "uv_size": [4, 1]},
								"south": {"uv": [20, 14], "uv_size": [1, 1]},
								"west": {"uv": [14, 8], "uv_size": [4, 1]},
								"up": {"uv": [13, 15], "uv_size": [1, 4]},
								"down": {"uv": [14, 19], "uv_size": [1, -4]}
							}
						},
						{
							"origin": [3.76851, 0, 1.06747],
							"size": [1, 1, 4],
							"pivot": [4, 0, 1],
							"rotation": [0, -137.5, 0],
							"uv": {
								"north": {"uv": [20, 15], "uv_size": [1, 1]},
								"east": {"uv": [14, 9], "uv_size": [4, 1]},
								"south": {"uv": [20, 16], "uv_size": [1, 1]},
								"west": {"uv": [15, 15], "uv_size": [4, 1]},
								"up": {"uv": [4, 16], "uv_size": [1, 4]},
								"down": {"uv": [5, 20], "uv_size": [1, -4]}
							}
						},
						{
							"origin": [5.76851, 0, 4.06747],
							"size": [1, 1, 4],
							"pivot": [6, 0, 4],
							"rotation": [0, -145, 0],
							"uv": {
								"north": {"uv": [20, 19], "uv_size": [1, 1]},
								"east": {"uv": [15, 0], "uv_size": [4, 1]},
								"south": {"uv": [0, 21], "uv_size": [1, 1]},
								"west": {"uv": [15, 1], "uv_size": [4, 1]},
								"up": {"uv": [6, 16], "uv_size": [1, 4]},
								"down": {"uv": [15, 20], "uv_size": [1, -4]}
							}
						},
						{
							"origin": [5.76851, 0, 7.06747],
							"size": [1, 1, 4],
							"pivot": [6, 0, 7],
							"rotation": [0, -172.5, 0],
							"uv": {
								"north": {"uv": [1, 21], "uv_size": [1, 1]},
								"east": {"uv": [16, 16], "uv_size": [4, 1]},
								"south": {"uv": [2, 21], "uv_size": [1, 1]},
								"west": {"uv": [16, 3], "uv_size": [4, 1]},
								"up": {"uv": [0, 17], "uv_size": [1, 4]},
								"down": {"uv": [1, 21], "uv_size": [1, -4]}
							}
						},
						{
							"origin": [2.76851, 0, 6.06747],
							"size": [1, 1, 4],
							"pivot": [3, 0, 6],
							"rotation": [0, 152.5, 0],
							"uv": {
								"north": {"uv": [3, 21], "uv_size": [1, 1]},
								"east": {"uv": [16, 6], "uv_size": [4, 1]},
								"south": {"uv": [4, 21], "uv_size": [1, 1]},
								"west": {"uv": [16, 7], "uv_size": [4, 1]},
								"up": {"uv": [11, 17], "uv_size": [1, 4]},
								"down": {"uv": [12, 21], "uv_size": [1, -4]}
							}
						},
						{
							"origin": [2.76851, 0, 9.06747],
							"size": [1, 1, 4],
							"pivot": [3, 0, 9],
							"rotation": [0, 177.5, 0],
							"uv": {
								"north": {"uv": [5, 21], "uv_size": [1, 1]},
								"east": {"uv": [16, 10], "uv_size": [4, 1]},
								"south": {"uv": [6, 21], "uv_size": [1, 1]},
								"west": {"uv": [16, 11], "uv_size": [4, 1]},
								"up": {"uv": [16, 17], "uv_size": [1, 4]},
								"down": {"uv": [17, 21], "uv_size": [1, -4]}
							}
						},
						{
							"origin": [0.76851, 0, 5.06747],
							"size": [1, 1, 4],
							"pivot": [1, 0, 5],
							"rotation": [0, -145, 0],
							"uv": {
								"north": {"uv": [20, 20], "uv_size": [1, 1]},
								"east": {"uv": [12, 7], "uv_size": [4, 1]},
								"south": {"uv": [20, 0], "uv_size": [1, 1]},
								"west": {"uv": [13, 13], "uv_size": [4, 1]},
								"up": {"uv": [2, 14], "uv_size": [1, 4]},
								"down": {"uv": [3, 18], "uv_size": [1, -4]}
							}
						},
						{
							"origin": [-0.23149, 0, 7.06747],
							"size": [1, 1, 3],
							"pivot": [0, 0, 7],
							"rotation": [0, 162.5, 0],
							"uv": {
								"north": {"uv": [20, 1], "uv_size": [1, 1]},
								"east": {"uv": [18, 5], "uv_size": [3, 1]},
								"south": {"uv": [20, 2], "uv_size": [1, 1]},
								"west": {"uv": [18, 8], "uv_size": [3, 1]},
								"up": {"uv": [13, 19], "uv_size": [1, 3]},
								"down": {"uv": [14, 22], "uv_size": [1, -3]}
							}
						},
						{
							"origin": [-0.23149, 0, 11.06747],
							"size": [1, 1, 5],
							"pivot": [0, 0, 11],
							"rotation": [0, 177.5, 0],
							"uv": {
								"north": {"uv": [20, 11], "uv_size": [1, 1]},
								"east": {"uv": [0, 0], "uv_size": [5, 1]},
								"south": {"uv": [20, 12], "uv_size": [1, 1]},
								"west": {"uv": [0, 1], "uv_size": [5, 1]},
								"up": {"uv": [0, 2], "uv_size": [1, 5]},
								"down": {"uv": [1, 7], "uv_size": [1, -5]}
							}
						},
						{
							"origin": [-5.23149, 0, -0.93253],
							"size": [1, 1, 5],
							"pivot": [-5, 0, -1],
							"rotation": [0, 67.5, 0],
							"uv": {
								"north": {"uv": [7, 21], "uv_size": [1, 1]},
								"east": {"uv": [2, 2], "uv_size": [5, 1]},
								"south": {"uv": [8, 21], "uv_size": [1, 1]},
								"west": {"uv": [2, 3], "uv_size": [5, 1]},
								"up": {"uv": [2, 4], "uv_size": [1, 5]},
								"down": {"uv": [3, 9], "uv_size": [1, -5]}
							}
						},
						{
							"origin": [-9.23149, 0, -0.93253],
							"size": [1, 1, 5],
							"pivot": [-9, 0, -1],
							"rotation": [0, 85, 0],
							"uv": {
								"north": {"uv": [11, 21], "uv_size": [1, 1]},
								"east": {"uv": [4, 4], "uv_size": [5, 1]},
								"south": {"uv": [12, 21], "uv_size": [1, 1]},
								"west": {"uv": [4, 5], "uv_size": [5, 1]},
								"up": {"uv": [4, 6], "uv_size": [1, 5]},
								"down": {"uv": [5, 11], "uv_size": [1, -5]}
							}
						},
						{
							"origin": [-6.23149, 0, -3.93253],
							"size": [1, 1, 5],
							"pivot": [-6, 0, -4],
							"rotation": [0, 42.5, 0],
							"uv": {
								"north": {"uv": [15, 21], "uv_size": [1, 1]},
								"east": {"uv": [5, 0], "uv_size": [5, 1]},
								"south": {"uv": [16, 21], "uv_size": [1, 1]},
								"west": {"uv": [5, 1], "uv_size": [5, 1]},
								"up": {"uv": [6, 6], "uv_size": [1, 5]},
								"down": {"uv": [0, 12], "uv_size": [1, -5]}
							}
						},
						{
							"origin": [-10.23149, 0, -3.93253],
							"size": [1, 1, 5],
							"pivot": [-10, 0, -4],
							"rotation": [0, 42.5, 0],
							"uv": {
								"north": {"uv": [17, 21], "uv_size": [1, 1]},
								"east": {"uv": [7, 7], "uv_size": [5, 1]},
								"south": {"uv": [20, 21], "uv_size": [1, 1]},
								"west": {"uv": [7, 2], "uv_size": [5, 1]},
								"up": {"uv": [1, 7], "uv_size": [1, 5]},
								"down": {"uv": [7, 13], "uv_size": [1, -5]}
							}
						},
						{
							"origin": [5.76851, 0, -4.93253],
							"size": [1, 1, 5],
							"pivot": [6, 0, -5],
							"rotation": [0, -60, 0],
							"uv": {
								"north": {"uv": [21, 21], "uv_size": [1, 1]},
								"east": {"uv": [7, 3], "uv_size": [5, 1]},
								"south": {"uv": [21, 0], "uv_size": [1, 1]},
								"west": {"uv": [7, 6], "uv_size": [5, 1]},
								"up": {"uv": [8, 8], "uv_size": [1, 5]},
								"down": {"uv": [2, 14], "uv_size": [1, -5]}
							}
						},
						{
							"origin": [9.76851, 0, -4.93253],
							"size": [1, 1, 5],
							"pivot": [10, 0, -5],
							"rotation": [0, -85, 0],
							"uv": {
								"north": {"uv": [21, 1], "uv_size": [1, 1]},
								"east": {"uv": [9, 9], "uv_size": [5, 1]},
								"south": {"uv": [21, 2], "uv_size": [1, 1]},
								"west": {"uv": [9, 4], "uv_size": [5, 1]},
								"up": {"uv": [3, 9], "uv_size": [1, 5]},
								"down": {"uv": [9, 15], "uv_size": [1, -5]}
							}
						},
						{
							"origin": [7.76851, 0, -0.93253],
							"size": [1, 1, 5],
							"pivot": [8, 0, -1],
							"rotation": [0, -122.5, 0],
							"uv": {
								"north": {"uv": [21, 3], "uv_size": [1, 1]},
								"east": {"uv": [9, 5], "uv_size": [5, 1]},
								"south": {"uv": [21, 4], "uv_size": [1, 1]},
								"west": {"uv": [9, 8], "uv_size": [5, 1]},
								"up": {"uv": [10, 10], "uv_size": [1, 5]},
								"down": {"uv": [4, 16], "uv_size": [1, -5]}
							}
						}
					]
				}
			]
		}
	]
}