{
	"format_version": "1.12.0",
	"minecraft:geometry": [
		{
			"description": {
				"identifier": "geometry.Placi",
				"texture_width": 16,
				"texture_height": 16,
				"visible_bounds_width": 2,
				"visible_bounds_height": 1.5,
				"visible_bounds_offset": [0, 0.25, 0]
			},
			"bones": [
				{
					"name": "bone",
					"pivot": [0, 0, 0],
					"cubes": [
						{"origin": [-4, -1, -1], "size": [8, 2, 2], "uv": [0, 0]},
						{"origin": [-4, -1, -1], "size": [8, 2, 2], "pivot": [0, 0, 0], "rotation": [0, 0, -90], "uv": [0, 0]},
						{"origin": [-4, -1, -1], "size": [8, 2, 2], "pivot": [0, 0, 0], "rotation": [0, -90, 0], "uv": [0, 0]}
					]
				}
			]
		}
	]
}