{
	"format_version": "1.12.0",
	"minecraft:geometry": [
		{
			"description": {
				"identifier": "geometry.zed_ender",
				"texture_width": 128,
				"texture_height": 128,
				"visible_bounds_width": 4,
				"visible_bounds_height": 5.5,
				"visible_bounds_offset": [0, 2.25, 0]
			},
			"bones": [
				{
					"name": "bone2",
					"pivot": [0, 0, 0]
				},
				{
					"name": "LeftLeg",
					"parent": "bone2",
					"pivot": [1.9, 12, 0],
					"cubes": [
						{"origin": [-0.1, 0, -2], "size": [4, 12, 4], "uv": [36, 44]},
						{"origin": [-0.1, 0, -2], "size": [4, 12, 4], "inflate": 0.25, "uv": [20, 44]}
					]
				},
				{
					"name": "RightLeg",
					"parent": "bone2",
					"pivot": [-1.9, 12, 0],
					"rotation": [0, 0, 2],
					"cubes": [
						{"origin": [-3.9, 0, -2], "size": [4, 12, 4], "uv": [0, 48]},
						{"origin": [-3.9, 0, -2], "size": [4, 12, 4], "inflate": 0.25, "uv": [44, 12]}
					]
				},
				{
					"name": "LeftArm",
					"parent": "bone2",
					"pivot": [5, 22, 0],
					"cubes": [
						{"origin": [4, 12, -2], "size": [4, 12, 4], "uv": [52, 28]},
						{"origin": [4, 12, -2], "size": [4, 12, 4], "inflate": 0.25, "uv": [52, 52]}
					]
				},
				{
					"name": "RightArm",
					"parent": "bone2",
					"pivot": [-5, 22, 0],
					"cubes": [
						{"origin": [-8, 12, -2], "size": [4, 12, 4], "uv": [32, 0]},
						{"origin": [-8, 12, -2], "size": [4, 12, 4], "inflate": 0.25, "uv": [56, 0]}
					]
				},
				{
					"name": "bone",
					"parent": "RightArm",
					"pivot": [-5, 14, 0],
					"cubes": [
						{"origin": [-6, 13, -1], "size": [1, 2, 2], "uv": [63, 98]}
					]
				},
				{
					"name": "Body",
					"parent": "bone2",
					"pivot": [0, 24, 0],
					"cubes": [
						{"origin": [-4, 12, -2], "size": [8, 12, 4], "uv": [0, 32]},
						{"origin": [-4, 12, -2], "size": [8, 12, 4], "inflate": 0.25, "uv": [28, 28]}
					]
				},
				{
					"name": "Head",
					"parent": "bone2",
					"pivot": [0, 24, 0],
					"cubes": [
						{"origin": [-4, 24, -4], "size": [8, 8, 8], "uv": [0, 16]},
						{"origin": [-4, 24, -4], "size": [8, 8, 8], "inflate": 0.5, "uv": [0, 0]}
					]
				}
			]
		}
	]
}