{
    "tiers": [
        {
            "trades": [
                {
                    "wants": [
                        {
                            "item": "pvz:sun",
                            "quantity": {
                                "min": 1,
                                "max": 1
                            }
                        }
                    ],
                    "gives": [
                        {
                            "item": "pvz:garden_shovel"
                        }
                    ]
                },
                {
                    "wants": [
                        {
                            "item": "pvz:sun",
                            "quantity": {
                                "min": 300,
                                "max": 300
                            }
                        }
                    ],
                    "gives": [
                        {
                            "item": "pvz:penny"
                        }
                    ]
                },
                {
                    "wants": [
                        {
                            "item": "pvz:sun",
                            "quantity": {
                                "min": 5,
                                "max": 5
                            }
                        }
                    ],
                    "gives": [
                        {
                            "item": "pvz:sunflower"
                        }
                    ]
                },
                {
                   "wants": [
                        {
                            "item": "pvz:sun",
                            "quantity": {
                                "min": 20,
                                "max": 20
                            }
                        }
                    ],
                    "gives": [
                        {
                            "item": "pvz:laserbean"
                        }
                    ]
                },
                {
                    "wants": [
                        {
                            "item": "pvz:sun",
                            "quantity": {
                                "min": 10,
                                "max": 10
                            }
                        }
                    ],
                    "gives": [
                        {
                            "item": "pvz:peashooter"
                        }
                    ]
                },
                {
                    "wants": [
                        {
                            "item": "pvz:sun",
                            "quantity": {
                                "min": 5,
                                "max": 5
                            }
                        }
                    ],
                    "gives": [
                        {
                            "item": "pvz:wallnut"
                        }
                    ]
                },
                {
                    "wants": [
                        {
                            "item": "pvz:sun",
                            "quantity": {
                                "min": 32,
                                "max": 32
                            }
                        }
                    ],
                    "gives": [
                        {
                            "item": "pvz:cattail"
                        }
                    ]
                },
                {
                    "wants": [
                        {
                            "item": "pvz:sun",
                            "quantity": {
                                "min": 12,
                                "max": 12
                            }
                        }
                    ],
                    "gives": [
                        {
                            "item": "pvz:split_pea"
                        }
                    ]
                },
                {
                    "wants": [
                        {
                            "item": "pvz:sun",
                            "quantity": {
                                "min": 12,
                                "max": 12
                            }
                        }
                    ],
                    "gives": [
                        {
                            "item": "pvz:lava_guava"
                        }
                    ]
                },
                {
                    "wants": [
                        {
                            "item": "pvz:sun",
                            "quantity": {
                                "min": 20,
                                "max": 20
                            }
                        }
                    ],
                    "gives": [
                        {
                            "item": "pvz:witch_hazel"
                        }
                    ]
                },
                {
                    "wants": [
                        {
                            "item": "pvz:sun",
                            "quantity": {
                                "min": 0,
                                "max": 1
                            }
                        }
                    ],
                    "gives": [
                        {
                            "item": "pvz:seashroom"
                        }
                    ]
                },
                {
                    "wants": [
                        {
                            "item": "pvz:sun",
                            "quantity": {
                                "min": 25,
                                "max": 25
                            }
                        }
                    ],
                    "gives": [
                        {
                            "item": "pvz:apple_mortar"
                        }
                    ]
                },
                {
                    "wants": [
                        {
                            "item": "pvz:sun",
                            "quantity": {
                                "min": 15,
                                "max": 15
                            }
                        }
                    ],
                    "gives": [
                        {
                            "item": "pvz:chomper"
                        }
                    ]
                },
                {
                    "wants": [
                        {
                            "item": "pvz:sun",
                            "quantity": {
                                "min": 15,
                                "max": 15
                            }
                        }
                    ],
                    "gives": [
                        {
                            "item": "pvz:snow_peashooter"
                        }
                    ]
                },
                {
                    "wants": [
                        {
                            "item": "pvz:sun",
                            "quantity": {
                                "min": 20,
                                "max": 20
                            }
                        }
                    ],
                    "gives": [
                        {
                            "item": "pvz:repeater"
                        }
                    ]
                },
                {
                    "wants": [
                        {
                            "item": "pvz:sun",
                            "quantity": {
                                "min": 12,
                                "max": 12
                            }
                        }
                    ],
                    "gives": [
                        {
                            "item": "pvz:tallnut"
                        }
                    ]
                },
                {
                    "wants": [
                        {
                            "item": "pvz:sun",
                            "quantity": {
                                "min": 32,
                                "max": 32
                            }
                        }
                    ],
                    "gives": [
                        {
                            "item": "pvz:threepeater"
                        }
                    ]
                },
                {
                    "wants": [
                        {
                            "item": "pvz:sun",
                            "quantity": {
                                "min": 25,
                                "max": 25
                            }
                        }
                    ],
                    "gives": [
                        {
                            "item": "pvz:gatling_peashooter"
                        }
                    ]
                },
                {
                    "wants": [
                        {
                            "item": "pvz:sun",
                            "quantity": {
                                "min": 12,
                                "max": 12
                            }
                        }
                    ],
                    "gives": [
                        {
                            "item": "pvz:cactus"
                        }
                    ]
                },
                {
                    "wants": [
                        {
                            "item": "pvz:sun",
                            "quantity": {
                                "min": 2,
                                "max": 2
                            }
                        }
                    ],
                    "gives": [
                        {
                            "item": "pvz:sunshroom"
                        }
                    ]
                },
                {
                    "wants": [
                        {
                            "item": "pvz:sun",
                            "quantity": {
                                "min": 10,
                                "max": 10
                            }
                        }
                    ],
                    "gives": [
                        {
                            "item": "pvz:kernel_pult"
                        }
                    ]
                },
                {
                    "wants": [
                        {
                            "item": "pvz:sun",
                            "quantity": {
                                "min": 30,
                                "max": 30
                            }
                        }
                    ],
                    "gives": [
                        {
                            "item": "pvz:melon_pult"
                        }
                    ]
                },
                {
                    "wants": [
                        {
                            "item": "pvz:sun",
                            "quantity": {
                                "min": 10,
                                "max": 10
                            }
                        }
                    ],
                    "gives": [
                        {
                            "item": "pvz:spikeweed"
                        }
                    ]
                },
                {
                    "wants": [
                        {
                            "item": "pvz:sun",
                            "quantity": {
                                "min": 17,
                                "max": 17
                            }
                        }
                    ],
                    "gives": [
                        {
                            "item": "pvz:fire_peashooter"
                        }
                    ]
                },
                {
                    "wants": [
                        {
                            "item": "pvz:sun",
                            "quantity": {
                                "min": 5,
                                "max": 5
                            }
                        }
                    ],
                    "gives": [
                        {
                            "item": "pvz:shadowshroom"
                        }
                    ]
                },
                {
                    "wants": [
                        {
                            "item": "pvz:sun",
                            "quantity": {
                                "min": 15,
                                "max": 15
                            }
                        }
                    ],
                    "gives": [
                        {
                            "item": "pvz:twin_sunflower"
                        }
                    ]
                },
                {
                    "wants": [
                        {
                            "item": "pvz:sun",
                            "quantity": {
                                "min": 20,
                                "max": 20
                            }
                        }
                    ],
                    "gives": [
                        {
                            "item": "pvz:electric_peashooter"
                        }
                    ]
                },
                {
                    "wants": [
                        {
                            "item": "pvz:sun",
                            "quantity": {
                                "min": 10,
                                "max": 10
                            }
                        }
                    ],
                    "gives": [
                        {
                            "item": "pvz:pepper_pult"
                        }
                    ]
                },
                {
                    "wants": [
                        {
                            "item": "pvz:sun",
                            "quantity": {
                                "min": 15,
                                "max": 15
                            }
                        }
                    ],
                    "gives": [
                        {
                            "item": "pvz:bonk_choy"
                        }
                    ]
                },
                {
                    "wants": [
                        {
                            "item": "pvz:sun",
                            "quantity": {
                                "min": 10,
                                "max": 10
                            }
                        }
                    ],
                    "gives": [
                        {
                            "item": "pvz:endurian"
                        }
                    ]
                },
                {
                    "wants": [
                        {
                            "item": "pvz:sun",
                            "quantity": {
                                "min": 15,
                                "max": 15
                            }
                        }
                    ],
                    "gives": [
                        {
                            "item": "pvz:goo_peashooter"
                        }
                    ]
                },
                {
                    "wants": [
                        {
                            "item": "pvz:sun",
                            "quantity": {
                                "min": 1,
                                "max": 1
                            }
                        }
                    ],
                    "gives": [
                        {
                            "item": "pvz:puffshroom"
                        }
                    ]
                },
                {
                    "wants": [
                        {
                            "item": "pvz:sun",
                            "quantity": {
                                "min": 15,
                                "max": 15
                            }
                        }
                    ],
                    "gives": [
                        {
                            "item": "pvz:hypnoshroom"
                        }
                    ]
                },
                {
                    "wants": [
                        {
                            "item": "pvz:sun",
                            "quantity": {
                                "min": 15,
                                "max": 15
                            }
                        }
                    ],
                    "gives": [
                        {
                            "item": "pvz:fumeshroom"
                        }
                    ]
                },
                {
                    "wants": [
                        {
                            "item": "pvz:sun",
                            "quantity": {
                                "min": 10,
                                "max": 10
                            }
                        }
                    ],
                    "gives": [
                        {
                            "item": "pvz:marigold"
                        }
                    ]
                },
                {
                    "wants": [
                        {
                            "item": "pvz:sun",
                            "quantity": {
                                "min": 10,
                                "max": 10
                            }
                        }
                    ],
                    "gives": [
                        {
                            "item": "pvz:cabbage_pult"
                        }
                    ]
                },
                {
                    "wants": [
                        {
                            "item": "pvz:sun",
                            "quantity": {
                                "min": 2,
                                "max": 2
                            }
                        }
                    ],
                    "gives": [
                        {
                            "item": "pvz:potato_mine"
                        }
                    ]
                },
                {
                    "wants": [
                        {
                            "item": "pvz:sun",
                            "quantity": {
                                "min": 10,
                                "max": 10
                            }
                        }
                    ],
                    "gives": [
                        {
                            "item": "pvz:snapdragon"
                        }
                    ]
                },
                {
                    "wants": [
                        {
                            "item": "pvz:sun",
                            "quantity": {
                                "min": 5,
                                "max": 5
                            }
                        }
                    ],
                    "gives": [
                        {
                            "item": "pvz:squash"
                        }
                    ]
                },
                {
                    "wants": [
                        {
                            "item": "pvz:sun",
                            "quantity": {
                                "min": 15,
                                "max": 15
                            }
                        }
                    ],
                    "gives": [
                        {
                            "item": "pvz:nightshade"
                        }
                    ]
                },
                {
                    "wants": [
                        {
                            "item": "pvz:sun",
                            "quantity": {
                                "min": 10,
                                "max": 10
                            }
                        }
                    ],
                    "gives": [
                        {
                            "item": "pvz:scaredyshroom"
                        }
                    ]
                },
                {
                    "wants": [
                        {
                            "item": "pvz:sun",
                            "quantity": {
                                "min": 15,
                                "max": 15
                            }
                        }
                    ],
                    "gives": [
                        {
                            "item": "pvz:bloomerang"
                        }
                    ]
                },
                {
                    "wants": [
                        {
                            "item": "pvz:sun",
                            "quantity": {
                                "min": 15,
                                "max": 15
                            }
                        }
                    ],
                    "gives": [
                        {
                            "item": "pvz:lightning_rod"
                        }
                    ]
                },
                {
                    "wants": [
                        {
                            "item": "pvz:sun",
                            "quantity": {
                                "min": 15,
                                "max": 15
                            }
                        }
                    ],
                    "gives": [
                        {
                            "item": "pvz:peanut"
                        }
                    ]
                },
                {
                    "wants": [
                        {
                            "item": "pvz:sun",
                            "quantity": {
                                "min": 30,
                                "max": 30
                            }
                        }
                    ],
                    "gives": [
                        {
                            "item": "pvz:winter_melon"
                        }
                    ]
                },
                {
                    "wants": [
                        {
                            "item": "pvz:sun",
                            "quantity": {
                                "min": 10,
                                "max": 10
                            }
                        }
                    ],
                    "gives": [
                        {
                            "item": "pvz:pumpkin"
                        }
                    ]
                },
                {
                    "wants": [
                        {
                            "item": "pvz:sun",
                            "quantity": {
                                "min": 30,
                                "max": 30
                            }
                        }
                    ],
                    "gives": [
                        {
                            "item": "pvz:coconut_cannon"
                        }
                    ]
                },
                {
                    "wants": [
                        {
                            "item": "pvz:sun",
                            "quantity": {
                                "min": 15,
                                "max": 15
                            }
                        }
                    ],
                    "gives": [
                        {
                            "item": "pvz:phatbeet"
                        }
                    ]
                },
                {
                    "wants": [
                        {
                            "item": "pvz:sun",
                            "quantity": {
                                "min": 15,
                                "max": 15
                            }
                        }
                    ],
                    "gives": [
                        {
                            "item": "pvz:peapod"
                        }
                    ]
                },
                {
                    "wants": [
                        {
                            "item": "pvz:sun",
                            "quantity": {
                                "min": 5,
                                "max": 5
                            }
                        }
                    ],
                    "gives": [
                        {
                            "item": "pvz:explode_o_nut"
                        }
                    ]
                },
                {
                    "wants": [
                        {
                            "item": "pvz:sun",
                            "quantity": {
                                "min": 15,
                                "max": 15
                            }
                        }
                    ],
                    "gives": [
                        {
                            "item": "pvz:doomshroom"
                        }
                    ]
                },
                {
                    "wants": [
                        {
                            "item": "pvz:sun",
                            "quantity": {
                                "min": 15,
                                "max": 15
                            }
                        }
                    ],
                    "gives": [
                        {
                            "item": "pvz:cold_snapdragon"
                        }
                    ]
                },
                {
                    "wants": [
                        {
                            "item": "pvz:sun",
                            "quantity": {
                                "min": 10,
                                "max": 10
                            }
                        }
                    ],
                    "gives": [
                        {
                            "item": "pvz:ice_shroom"
                        }
                    ]
                },
                {
                    "wants": [
                        {
                            "item": "pvz:sun",
                            "quantity": {
                                "min": 10,
                                "max": 10
                            }
                        }
                    ],
                    "gives": [
                        {
                            "item": "pvz:snappea"
                        }
                    ]
                },
                {
                    "wants": [
                        {
                            "item": "pvz: sun",
                            "quantity": {
                                "min": 10,
                                "max": 10
                            }
                        }
                    ],
                    "gives": [
                        {
                            "item": "pvz:starfruit"
                        }
                    ]
                },
                {
                    "wants": [
                        {
                            "item": "pvz:sun",
                            "quantity": {
                                "min": 20,
                                "max": 20
                            }
                        }
                    ],
                    "gives": [
                        {
                            "item": "pvz:pumpkin_pult"
                        }
                    ]
                },
                {
                    "wants": [
                        {
                            "item": "pvz:sun",
                            "quantity": {
                                "min": 30,
                                "max": 30
                            }
                        }
                    ],
                    "gives": [
                        {
                            "item": "pvz:cob_cannon"
                        }
                    ]
                },
                {
                    "wants": [
                        {
                            "item": "pvz:sun",
                            "quantity": {
                                "min": 10,
                                "max": 10
                            }
                        }
                    ],
                    "gives": [
                        {
                            "item": "pvz:wasabi_whip"
                        }
                    ]
                },
                {
                    "wants": [
                        {
                            "item": "pvz:sun",
                            "quantity": {
                                "min": 15,
                                "max": 15
                            }
                        }
                    ],
                    "gives": [
                        {
                            "item": "pvz:cherrybomb"
                        }
                    ]
                },
                {
                    "wants": [
                        {
                            "item": "pvz:sun",
                            "quantity": {
                                "min": 15,
                                "max": 15
                            }
                        }
                    ],
                    "gives": [
                        {
                            "item": "pvz:puff_ball"
                        }
                    ]
                },
                {
                    "wants": [
                        {
                            "item": "pvz:sun",
                            "quantity": {
                                "min": 12,
                                "max": 12
                            }
                        }
                    ],
                    "gives": [
                        {
                            "item": "pvz:shadow_peashooter"
                        }
                    ]
                },
                {
                    "wants": [
                        {
                            "item": "pvz:sun",
                            "quantity": {
                                "min": 10,
                                "max": 10
                            }
                        }
                    ],
                    "gives": [
                        {
                            "item": "pvz:spikerock"
                        }
                    ]
                },
                {
                    "wants": [
                        {
                            "item": "pvz:sun",
                            "quantity": {
                                "min": 7,
                                "max": 7
                            }
                        }
                    ],
                    "gives": [
                        {
                            "item": "pvz:aloe"
                        }
                    ]
                },
                {
                    "wants": [
                        {
                            "item": "pvz:sun",
                            "quantity": {
                                "min": 15,
                                "max": 15
                            }
                        }
                    ],
                    "gives": [
                        {
                            "item": "pvz:twin_sunflower"
                        }
                    ]
                },
                {
                    "wants": [
                        {
                            "item": "pvz:sun",
                            "quantity": {
                                "min": 50,
                                "max": 50
                            }
                        }
                    ],
                    "gives": [
                        {
                            "item": "pvz:banana_launcher"
                        }
                    ]
                },
                {
                    "wants": [
                        {
                            "item": "pvz:sun",
                            "quantity": {
                                "min": 10,
                                "max": 10
                            }
                        }
                    ],
                    "gives": [
                        {
                            "item": "pvz:jalapeño"
                        }
                    ]
                },
                {
                    "wants": [
                        {
                            "item": "pvz:sun",
                            "quantity": {
                                "min": 32,
                                "max": 32
                            }
                        }
                    ],
                    "gives": [
                        {
                            "item": "pvz:threepeater"
                        }
                    ]
                },
                {
                    "wants": [
                        {
                            "item": "pvz:sun",
                            "quantity": {
                                "min": 2,
                                "max": 2
                            }
                        }
                    ],
                    "gives": [
                        {
                            "item": "pvz:tangle_kelp"
                        }
                    ]
                },
                {
                    "wants": [
                        {
                            "item": "pvz:sun",
                            "quantity": {
                                "min": 20,
                                "max": 20
                            }
                        }
                    ],
                    "gives": [
                        {
                            "item": "pvz:citron"
                        }
                    ]
                }
            ]
        }
    ]
}
    "gives": [
                        {
                            "item": "pvz:threepeater"
                        }
                    ]
                },
                {
                    "wants": [
                        {
                            "item": "pvz:sun",
                            "quantity": {
                                "min": 25,
                                "max": 25
                            }
                        }
                    ],
                    "gives": [
                        {
                            "item": "pvz:tangle_kelp"
                        }
                    ]
                },
                {
                    "wants": [
                        {
                            "item": "pvz:sun",
                            "quantity": {
                                "min": 200,
                                "max": 200
                            }
                        }
                    ],
                    "gives": [
                        {
                            "item": "pvz:citron"
                        }
                    ]
                }
            ]
        }
    ]
}