{
  "format_version": "1.10.0",
  "minecraft:entity": {
    "description": {
      "identifier": "pvz:zomboss",
      "is_spawnable": true,
      "is_summonable": true,
      "is_experimental": false
    },
    "component_groups": {
    "invisible": {
        "minecraft:timer": {
	    "time": 0.2,
		"looping": true,
		"time_down_event": {
		"event": "become_visible"
		}
	  },
        "minecraft:variant": {
          "value": 1
        }
       },
    "visible": {
          "minecraft:on_target_acquired": {
          "event": "become_invisible",
          "target": "self"
        },
        "minecraft:variant": {
          "value": 0
        }
      },
      "minecraft:ranged_attack": {
          "minecraft:target_nearby_sensor": {
          "inside_range": 60,
          "on_inside_range": {
            "event": "melee_attack",
            "target": "self"
          }
        },
        "minecraft:behavior.ranged_attack": {
          "attack_interval_min": 1,
          "attack_interval_max": 15,
          "attack_radius": 4
        },
        "minecraft:shooter": {
          "type": "pvz:fireball",
          "def": "pvz:fireball"
        }
      },
      "minecraft:melee_attack": {
       "minecraft:behavior.summon_entity": {
        "priority": 3,

        "summon_choices": [
          {
            "min_activation_range": 0.0,
            "max_activation_range": 50,
            "cooldown_time": 4.6,
            "weight": 1,
            "cast_duration": 2.0,
            "particle_color": "#FF664D59",
            "start_sound_event": "cast.spell",
            "sequence": [
              {
                "shape": "circle",
                "target": "self",
                "base_delay": 0.2,
                "delay_per_summon": 0.1,
                "num_entities_spawned": 3,
                "entity_type": "pvz:regular_zombie",
                "size": 1,
                "entity_lifespan": 999999,
                "sound_event": "prepare.attack"
              },
              {
                "shape": "circle",
                "target": "self",
                "base_delay": 0.4,
                "delay_per_summon": 0.3,
                "num_entities_spawned": 3,
                "entity_type": "pvz:conehead_zombie",
                "size": 1,
                "entity_lifespan": 99999
              }
            ]
          },
          {
            "min_activation_range": 3.0,
            "weight": 1,
            "cooldown_time": 5.0,
            "cast_duration": 2.0,
            "particle_color": "#FF664D59",
            "start_sound_event": "cast.spell",
            "sequence": [
              {
                "shape": "line",
                "target": "self",
                "base_delay": 0.8,
                "delay_per_summon": 0.0,
                "num_entities_spawned": 1,
                "entity_type": "pvz:buckethead_zombie",
                "size": 1,
                "entity_lifespan": 99999
              }
            ]
          }
        ]
      },
          "minecraft:target_nearby_sensor": {
          "outside_range": 5.0,
          "on_outside_range": {
            "event": "ranged_attack",
            "target": "self"
          }
        },
        "minecraft:behavior.melee_attack": {
          "priority": 4,
          "target_dist": 1.2,
          "speed_multiplier": 1.25,
          "track_target": true
        },
      "minecraft:attack": {
        "damage": 10,
        "effect_name": "wither",
        "effect_duration": 2
       }
      }
    },
    "components": {
      "minecraft:breathable": {
        "totalSupply": 15,
        "suffocateTime": 0,
        "breathesWater": true
      },
        "minecraft:boss": {
        "name":"   §l§2ZOMBOSS    ",
        "should_darken_sky": false,
        "hud_range": 20
      },
          "minecraft:movement": {
          "value": 0
      },
      "minecraft:knockback_resistance": {
        "value": 100
        },
        "minecraft:scale": {
        "value": 2.0625
      },
        "minecraft:collision_box": {
        "width": 3,
        "height": 4
      },
      "minecraft:fire_immune": true,
      "minecraft:nameable": {
      },
      // Zombie Boss Components
      "minecraft:type_family": {
        "family": [ "boss", "zombie", "undead", "monster" ]
      },
      "minecraft:loot": {
        "table": "loot_tables/entities/zombie_boss.json"
      },

      "minecraft:health": {
        "value": 500,
        "max": 500
      },
      "minecraft:navigation.walk": {
        "is_amphibious": true,
        "can_pass_doors": true,
        "can_break_doors": true,
        "avoid_portals": false
      },
      "minecraft:annotation.break_door": {
      },
      "minecraft:movement.basic": {

      },
      "minecraft:jump.static": {
      },
      "minecraft:can_climb": {
      },
      "minecraft:follow_range": {
        "value": 48,
        "max": 48
      },
        "minecraft:on_target_acquired": {
          "event": "revidar",
          "target": "self"
        },
      // Zombie Boss Behaviors
      "minecraft:behavior.stomp_turtle_egg": {
        "priority": 4,
        "speed_multiplier": 1,
        "search_range": 10,
        "search_height": 3,
        "goal_radius": 1.14,
        "search_count": 4,
        "interval": 20
      },
      "minecraft:behavior.move_towards_restriction": {
        "priority": 5,
        "speed_multiplier": 1
      },
      "minecraft:behavior.random_stroll": {
        "priority": 6,
        "speed_multiplier": 1
      },
      "minecraft:behavior.look_at_player": {
        "priority": 7,
        "look_distance": 6,
        "probability": 0.02
      },
      "minecraft:behavior.random_look_around": {
        "priority": 7
      },
      "minecraft:behavior.nearest_attackable_target": {
        "priority": 2,
        "within_radius": 20,
        "reselect_targets": true,
        "entity_types": [
          {
            "filters": { "test" :  "is_family", "subject" : "other", "value" :  "player"},
            "max_dist": 40
          },
          {
            "filters": {
               "all_of": [
                {
                  "test": "is_family",
                  "subject": "other",
                  "operator": "!=",
                  "value": "villager"
                },
                {
                  "test": "is_family",
                  "subject": "other",
                  "operator": "!=",
                  "value": "creeper"
                }
              ]
            },
            "max_dist": 50
          }
        ],
        "must_see": true
      },
        "minecraft:behavior.hurt_by_target": {
        "priority": 1,
        "entity_types": {
          "filters": { "test": "is_family", "subject": "other", "operator": "!=", "value": "boss" }
        }
      },
      "minecraft:behavior.random_stroll": {
        "priority": 5,
        "speed_multiplier": 1
      },
        "minecraft:break_blocks": {
        "breakable_blocks": [
        "planks.acacia",
          "yellow_flower"
        ]
      },
      "minecraft:physics": {
      }
    },
    "events": {
        "become_visible": {
        "remove": {
          "component_groups": [
            "invisible"
          ]
        },
        "add": {
          "component_groups": [
            "visible"
          ]
        }
      },
        "become_invisible": {
        "randomize": [
          {
            "weight": 30,
            "remove": {
                "component_groups": [
                "visible"
              ]
           },
            "add": {
              "component_groups": [
                "invisible"
              ]
            }
          },
          {
            "weight": 70,
            "remove": {
            "component_groups": [
                "visible"
              ]
            },
            "add": {
              "component_groups": [
                "visible"
              ]
            }
          }
        ]
      },
        "minecraft:entity_transformed": {
        "remove": {
        },
        "add": {
          "component_groups": [
            "minecraft:ranged_attack",
            "visible"
          ]
        }
      },
        "minecraft:entity_spawned": {
        "remove": {
        },
        "add": {
          "component_groups": [
            "minecraft:ranged_attack",
            "visible"
          ]
        }
      },
      "ranged_attack": {
        "remove": {
          "component_groups": [
            "minecraft:melee_attack"
          ]
        },
        "add": {
          "component_groups": [
            "minecraft:ranged_attack"
          ]
        }
      },
      "melee_attack": {
        "remove": {
          "component_groups": [
            "minecraft:ranged_attack"
          ]
        },
        "add": {
          "component_groups": [
            "minecraft:melee_attack"
          ]
        }
      }
    }
  }
}