{
  "format_version": "1.10.0",
  "minecraft:client_entity": {
    "description": {
      "identifier": "pvz:laser",
      "materials": { "default": "slime" },
      "textures": {
        "default": "textures/entity/laserbean"
      },
      "geometry": {
        "default": "geometry.laser"
      },
      "scripts": {
        "animate": [
          "particles"
        ]
      },
      "animations": {
        "particles": "controller.animation.laser"
      },
      "particle_effects": {
        "trail_effect": "minecraft:dragon_breath_trail"
      },
      "spawn_egg": {
        "texture": "spawn_egg",
        "texture_index": 99
      },
      "render_controllers": [ "controller.render.slime" ]
    }
  }
}