{
  "format_version": "1.10.0",
  "minecraft:client_entity": {
    "description": {
      "identifier": "pvz:pepper",
      "materials": {
        "default": "slime"
      },
      "textures": {
        "default": "textures/entity/projectiles/pepper"
      },
      "geometry": {
        "default": "geometry.pepper"
      },
      "scripts": {
        "animate": [
          "particles"
        ]
      },
      "animations": {
        "particles": "controller.animation.pvz_pepper"
      },
      "spawn_egg": {
        "texture": "spawn_egg",
        "texture_index": 99
      },
      "render_controllers": [
        "controller.render.projectile"
      ]
    }
  }
}