{
  "format_version": "1.10.0",
  "animation_controllers": {
    "controller.animation.sunflower": {
      "states": {
        "default": {
          "transitions": [
            {
              "shoot": "query.get_equipped_item_name=='attack'"
            }
          ]
        },
        "shoot": {
          "transitions": [
            {
              "default": "1.0"
            }
          ],
          "on_entry": ["@s main:shoot"],
          "on_exit": [
            "/execute @e[type=gw:sunflower, tag=riding] ~ ~ ~ replaceitem entity @s slot.weapon.mainhand 0 air"
          ]
        }
      }
    },
    "controller.animation.rider": {
      "states": {
        "default": {
          "transitions": [
            {
              "working": "query.mark_variant==1"
            },
            {
              "remove": "!query.has_rider"
            },
            {
              "is_riding": "query.has_rider"
            }
          ]
        },
        "remove": {
          "on_entry": ["/execute @s ~ ~ ~ tag @s remove riding"],
          "transitions": [
            {
              "default": "1.0"
            }
          ]
        },
        "is_riding": {
          "on_entry": ["/execute @s ~ ~ ~ tag @s add riding"],
          "transitions": [
            {
              "default": "1.0"
            }
          ]
        }
      }
    }
  }
}
