{
  "format_version": "1.10.0",
  "minecraft:client_entity": {
    "description": {
      "identifier": "pvz:spikes",
      "materials": {
        "default": "slime"
      },
      "textures": {
        "default": "textures/entity/projectiles/spikes"
      },
      "geometry": {
        "default": "geometry.spikes"
      },
      "animations": {
        "move": "animation.spikes.move"
      },
      "scripts": {
        "animate": [
          "move"
        ]
      },
      "render_controllers": [ "controller.render.projectile" ]
    }
  }
}
