{
	"format_version": "1.8.0",
	"minecraft:entity": {
		"description": {
			"identifier": "pvz:cob_cannon",
			"is_spawnable": true,
			"is_summonable": true,
			"is_experimental": false
		},
		"component_groups": {
			"bm:tank_ready": {
				"minecraft:interact": [{
						"on_interact": {
							"filters": {
								"test": "is_riding",
								"subject": "other",
								"value": true
							},
							"target": "self",
							"event": "bm:tank_reload"
						},
						"play_sounds": "ignite",
						"use_item": false,
						"interact_text": "Shoot (20 Seconds Cooldown)",
						"spawn_entities": "pvz:corn_cob"
					}
				]
			},
			"bm:tank_reloading": {
				"minecraft:ageable": {
					"duration": 20,
					"grow_up": {
						"event": "bm:tank_ready",
						"target": "self"
					}
				}
			}
		},
		"components": {
			"minecraft:type_family": {
				"family": ["Villager", "player"]
			},
			"minecraft:collision_box": {
				"width": 1.50,
				"height": 2.0
			},
			"minecraft:scale": {
				"value": 1.5
			},
			"minecraft:fall_damage": {
				"value": 0.0
			},
			"minecraft:is_stackable": {},
			"minecraft:push_through": {
				"value": 1.0
			},
			"minecraft:health": {
				"value": {
					"range_min": 40,
					"range_max": 40
				}
			},
			"minecraft:navigation.walk": {
				"can_float": false
			},
			"minecraft:movement.basic": {
			},
			"minecraft:jump.static": {},
			"minecraft:nameable": {},
			"minecraft:movement": {
				"value": 0.0
			},
			"minecraft:damage_sensor": [{
				"on_damage": {
					"filters": {
						"test": "is_riding",
						"subject": "player"
					}
				},
				"deals_damage": false
			}],
			"minecraft:fire_immune": true,
			"minecraft:rideable": {
				"seat_count": 1,
				"rider_can_interact": true,
				"crouching_skip_interact": true,
				"family_types": [
					"player"
				],
				"interact_text": "Use Cannon",
				"seats": {
					"position": [
						0.0, 0.6, -1.4
					]
				}
			},
			"minecraft:knockback_resistance": {
				"value": 1.0
			},
			"minecraft:physics": {
				"has_gravity": true
			},
			"minecraft:input_ground_controlled": {}
		},
		"events": {
			"minecraft:entity_spawned": {
				"add": {
					"component_groups": [
						"bm:tank_ready"
					]
				}
			},
			"bm:tank_normal": {
				"remove": {
					"component_groups": [
						"bm:tank_ready"
					]
				}
			},
			"bm:tank_reload": {
				"add": {
					"component_groups": [
						"bm:tank_reloading"
					]
				},
				"remove": {
					"component_groups": [
						"bm:tank_ready"
					]
				}
			},
			"bm:tank_ready": {
				"add": {
					"component_groups": [
						"bm:tank_ready"
					]
				},
				"remove": {
					"component_groups": [
						"bm:tank_reloading"
					]
				}
			}
		}
	}
}