{
  "format_version": "1.8.0",
  "minecraft:entity": {
    "description": {
      "scripts": {
        "animate": [
          "pvz_explosion",
          "kill_self"
        ]
      },
      "animations": {
        "pvz_explosion": "controller.animation.potato_mine.explosion",
        "kill_self": "controller.animation.kill_self"
      },
      "identifier": "pvz:potato_mine",
      "is_spawnable": true,
      "is_summonable": true,
      "is_experimental": false
    },
    "component_groups": {
      "minecraft:readying": {
        "minecraft:variant": {
          "value": 1
        },
        "minecraft:is_baby": {},
        "minecraft:ageable": {
          "duration": 20,
          "grow_up": {
            "event": "minecraft:arm",
            "target": "self"
          }
        },
        "minecraft:collision_box": {
          "width": 0.1,
          "height": 0.1
        }
      },
      "minecraft:armed": {
        "minecraft:variant": {
          "value": 0
        }
      },
      "minecraft:exploding": {
        "minecraft:variant": {
          "value": 0
        },
        "minecraft:is_roaring": {},
        "minecraft:area_attack": {
          "cause": "contact",
          "damage_per_tick": 40,
          "damage_range": 5,
          "entity_filter": {
            "all_of": [
              {
                "test": "is_family",
                "subject": "other",
                "value": "monster"
              }
            ]
          }
        },
        "minecraft:transformation": {
          "into": "pvz:potato_mine<minecraft:kill>"
        }
      },
      "minecraft:exploding_a": {
        "minecraft:variant": {
          "value": 0
        },
        "minecraft:health": {
          "value": 5,
          "max":  4
        },
        "minecraft:is_saddled": {
        }
      }
    },
    "components": {
      "minecraft:behavior.swell": {
        "start_distance": 2.5,
        "stop_distance": 3.0,
        "priority": 2
      },
        "minecraft:target_nearby_sensor": {
          "inside_range": 1,
          "outside_range": 1.1,
          "must_see": true,
          "on_inside_range": {
            "event": "minecraft:event_explode",
            "target": "self"
          },
          "on_outside_range": {
            "event": "minecraft:stop_explode",
            "target": "self"
          }
        },
      "minecraft:on_target_escape": {
        "event": "minecraft:stop_explode",
        "target": "self"
      },
      "minecraft:type_family": {
        "family": [
          "villager","player","plant"
        ]
      },  "minecraft:behavior.nearest_attackable_target": {
        "priority": 2,
        "within_radius": 1,
        "reselect_targets": true,
        "entity_types": [
          {
            "filters": {
              "any_of": [
                {
                  "test": "is_family",
                  "subject": "other",
                  "value": "monster"
                }
              ]
            },
            "max_dist": 0.50
          }
        ],
        "must_see": true,
        "must_see_forget_duration": 17.0
      },
      "minecraft:push_through": {
        "value": 1
      },
      "minecraft:knockback_resistance": {
        "value": 100
      },
      "minecraft:health": {
        "value": 5,
        "max": 5
      },
      "minecraft:behavior.look_at_player": {
        "priority": 2,
        "look_distance": 1.0
      },
      "minecraft:behavior.random_look_around": {
        "priority": 3
      },
      "minecraft:behavior.melee_attack": {
        "priority": 4,
        "speed_multiplier": 1.25,
        "track_target": false
      },
      "minecraft:damage_sensor": [
        {
          "on_damage": {
            "filters": {
              "test": "is_family",
              "subject": "other",
              "value": "villager"
            }
          },
          "deals_damage": false
        }
      ],
      "minecraft:breathable": {
        "totalSupply": 15,
        "suffocateTime": 0
      },
      "minecraft:nameable": {},
      "minecraft:collision_box": {
        "width": 0.20,
        "height": 0.15
      },
      "minecraft:movement": {
        "value": 0
      },
      "minecraft:navigation.walk": {
        "avoid_water": true
      },
      "minecraft:movement.basic": {},
      "minecraft:can_climb": {},
      "minecraft:fall_damage": {
        "value": 0.0
      },
      "minecraft:pushable": {
        "is_pushable": false,
        "is_pushable_by_piston": false
      },
      "minecraft:balloonable": {},
      "minecraft:physics": {}
    },
    "events": {
      "minecraft:event_ready": {
        "add": {
          "component_groups": [
            "minecraft:readying"
          ]
        }
      },
      "minecraft:entity_spawned": {
        "add": {
          "component_groups": [
            "minecraft:readying"
          ]
        }
      },
      "minecraft:arm": {
        "add": {
          "component_groups": [
            "minecraft:armed"
          ]
        },
        "remove": {
          "component_groups": [
            "minecraft:readying"
          ]
        }
      },
      "minecraft:event_explode": {
        "add": {
          "component_groups": [
            "minecraft:exploding"
          ]
        },
        "remove": {
          "component_groups": [
            "minecraft:armed"
          ]
        }
      },
      "minecraft:stop_explode": {
        "add": {
          "component_groups": [
            "minecraft:armed"
          ]
        },
        "remove": {
          "component_groups": [
            "minecraft:exploding",
            "minecraft:exploding_a"
          ]
        }
      },
      "minecraft:kill": {
        "add": {
          "component_groups": [
            "minecraft:exploding_a"
          ]
        },
        "remove": {
          "component_groups": [
            "minecraft:exploding"
          ]
        }
      }
    }
  }
}