{
  "format_version": "1.10.0",
  "animation_controllers": {
    "controller.animation.fed_z_arrow": {
      "initial_state": "default",
      "states": {
        "default": {
          "transitions": [
            {
              "shoot": "query.mark_variant == 1 && query.get_equipped_item_name=='z_arrow' && query.item_remaining_use_duration > 0"
            }
          ]
        },
        "shoot": {
          "transitions": [
            {
              "default": "query.mark_variant == 1 && query.get_equipped_item_name=='z_arrow' && query.item_remaining_use_duration > 0"
            }
          ],
          "on_entry": [
            "@s fed:z_arrow_fire",
            "/playsound fed_z_arrow_shot"
          ],
          "on_exit": [
            "/replaceitem entity @s slot.weapon.mainhand 0 fed:z_arrow 2 1"
          ]
        }
      }
    }
  }
}