{
  "format_version": "1.10.0",
  "animation_controllers": {
    "controller.animation.fed_dc_arrow": {
      "initial_state": "default",
      "states": {
        "default": {
          "transitions": [
            {
              "shoot": "query.mark_variant == 1 && query.get_equipped_item_name=='dc_arrow' && query.item_remaining_use_duration > 0.02"
            }
          ]
        },
        "shoot": {
          "transitions": [
            {
              "default": "query.mark_variant == 1 && query.get_equipped_item_name=='dc_arrow' && query.item_remaining_use_duration > 0.02"
            }
          ],
          "on_entry": [
            "@s fed:dc_arrow_fire",
            "/playsound fed_dc_arrow_shot"
          ],
          "on_exit": [
            "/clear @s fed:dc_arrow 0 1"
          ]
        }
      }
    }
  }
}