{
  "format_version": "1.10.0",
  "animation_controllers": {
    "controller.animation.fed_icewasabi": {
      "initial_state": "default",
      "states": {
        "default": {
          "transitions": [
            {
              "shoot": "query.mark_variant == 1 && query.get_equipped_item_name=='icewasabi' && query.item_remaining_use_duration > 1"
            }
          ]
        },
        "shoot": {
          "transitions": [
            {
              "default": "query.mark_variant == 1 && query.get_equipped_item_name=='icewasabi' && query.item_remaining_use_duration > 1"
            }
          ],
          "on_entry": [
            "@s fed:icewasabi_fire",
            "/playsound fed_icewasabi_shot"
          ],
          "on_exit": [
            "/clear @s fed:icewasabi 0 1"
          ]
        }
      }
    }
  }
}