{
  "format_version": "1.10.0",
  "minecraft:client_entity": {
    "description": {
      "identifier": "gw:iceberg_lettuce",
      "materials": { "default": "tank" },
      "textures": {
        "default": "textures/entities/iceberg_lettuce"
      },
      "geometry": {
        "default": "geometry.iceberg_lettuce"
      },
      "animations": {
        "idle": "animation.iceberg_lettuce.idle",
        "walk": "animation.iceberg_lettuce.move"
      },
      "scripts": {
        "animate": [       
          { "walk": "query.modified_move_speed" },
		    "idle"
        ]
      },	  
      "render_controllers": [ "controller.render.tank" ],
      "spawn_egg": {
        "texture": "iceberg_lettuce",
        "texture_index": 13
      }
    }
  }
}