{
    "format_version": "1.10.0",
    "minecraft:entity": {
        "description": {
          "identifier": "pvz:fertile_dirt",
          "is_spawnable": false,
          "is_summonable": true,
          "is_experimental": false
        },
        "component_groups": {
            "minecraft:sunflower": {
                "minecraft:transformation": {
                    "into": "pvz:sunflower<minecraft:entity_spawned>"
                }
            },
            "minecraft:peashooter": {
                "minecraft:transformation": {
                    "into": "pvz:peashooter<minecraft:entity_spawned>"
                }
            },
            "minecraft:wallnut": {
                "minecraft:transformation": {
                    "into": "pvz:wallnut<minecraft:entity_spawned>"
                }
            },
            "minecraft:repeater": {
                "minecraft:transformation": {
                    "into": "pvz:repeater<minecraft:entity_spawned>"
                }
            },
            "minecraft:chomper": {
                "minecraft:transformation": {
                    "into": "pvz:chomper<minecraft:entity_spawned>"
                }
            },
            "minecraft:snow_peashooter": {
                "minecraft:transformation": {
                    "into": "pvz:snow_peashooter<minecraft:entity_spawned>"
                }
            },
            "minecraft:kernel_pult": {
                "minecraft:transformation": {
                    "into": "pvz:kernel_pult<minecraft:entity_spawned>"
                }
            },
            "minecraft:gatling_peashooter": {
                "minecraft:transformation": {
                    "into": "pvz:gatling_peashooter<minecraft:entity_spawned>"
                }
            },
            "minecraft:goo_peashooter": {
                "minecraft:transformation": {
                    "into": "pvz:goo_peashooter<minecraft:entity_spawned>"
                }
            },
            "minecraft:tallnut": {
                "minecraft:transformation": {
                    "into": "pvz:tallnut<minecraft:entity_spawned>"
                }
            },
            "minecraft:cherrybomb": {
                "minecraft:transformation": {
                    "into": "pvz:cherrybomb<minecraft:entity_spawned>"
                }
            },
            "minecraft:potato_mine": {
                "minecraft:transformation": {
                    "into": "pvz:potato_mine<minecraft:entity_spawned>"
                }
            },
            "minecraft:sunshroom": {
                "minecraft:transformation": {
                    "into": "pvz:sunshroom<minecraft:entity_spawned>"
                }
            },
            "minecraft:fume_shroom": {
                "minecraft:transformation": {
                    "into": "pvz:fume_shroom<minecraft:entity_spawned>"
                }
            },
            "minecraft:endurian": {
                "minecraft:transformation": {
                    "into": "pvz:endurian<minecraft:entity_spawned>"
                }
            },
            "minecraft:squash": {
                "minecraft:transformation": {
                    "into": "pvz:squash<minecraft:entity_spawned>"
                }
            },
            "minecraft:cabbage_pult": {
                "minecraft:transformation": {
                    "into": "pvz:cabbage_pult<minecraft:entity_spawned>"
                }
            },
            "minecraft:nightshade": {
                "minecraft:transformation": {
                    "into": "pvz:nightshade"
                }
            },
            "minecraft:pepper_pult": {
                "minecraft:transformation": {
                    "into": "pvz:pepper_pult<minecraft:entity_spawned>"
                }
            },
            "minecraft:threepeater": {
                "minecraft:transformation": {
                    "into": "pvz:threepeater<minecraft:entity_spawned>"
                }
            },
            "minecraft:electric_peashooter": {
                "minecraft:transformation": {
                    "into": "pvz:electric_peashooter<minecraft:entity_spawned>"
                }
            },
            "minecraft:shadowshroom": {
                "minecraft:transformation": {
                    "into": "pvz:shadowshroom<minecraft:entity_spawned>"
                }
            },
            "minecraft:puffshroom": {
                "minecraft:transformation": {
                    "into": "pvz:puffshroom<minecraft:entity_spawned>"
                }
            },
            "minecraft:scaredy_shroom": {
                "minecraft:transformation": {
                    "into": "pvz:scaredy_shroom<minecraft:entity_spawned>"
                }
            },
            "minecraft:spikeweed": {
                "minecraft:transformation": {
                    "into": "pvz:spikeweed<minecraft:entity_spawned>"
                }
            },
            "minecraft:bonk_choy": {
                "minecraft:transformation": {
                    "into": "pvz:bonk_choy<minecraft:entity_spawned>"
                }
            },
            "minecraft:marigold": {
                "minecraft:transformation": {
                    "into": "pvz:marigold<minecraft:entity_spawned>"
                }
            },
            "minecraft:twin_sunflower": {
                "minecraft:transformation": {
                    "into": "pvz:twin_sunflower<minecraft:entity_spawned>"
                }
            },
            "minecraft:snapdragon": {
                "minecraft:transformation": {
                    "into": "pvz:snapdragon<minecraft:entity_spawned>"
                }
            },
            "minecraft:shadow_peashooter": {
                "minecraft:transformation": {
                    "into": "pvz:shadow_peashooter<minecraft:entity_spawned>"
                }
            },
            "minecraft:cactus": {
                "minecraft:transformation": {
                    "into": "pvz:cactus<minecraft:entity_spawned>"
                }
            },
            "minecraft:cattail": {
                "minecraft:transformation": {
                    "into": "pvz:cattail"
                }
            },
            "minecraft:hypnoshroom": {
                "minecraft:transformation": {
                    "into": "pvz:hypnoshroom<minecraft:entity_spawned>"
                }
            },
            "minecraft:melon_pult": {
                "minecraft:transformation": {
                    "into": "pvz:melon_pult<minecraft:entity_spawned>"
                }
            },
            "minecraft:spikeweed": {
                "minecraft:transformation": {
                    "into": "pvz:spikeweed<minecraft:entity_spawned>"
                }
            },
            "minecraft:phatbeet": {
                "minecraft:transformation": {
                    "into": "pvz:phatbeet<minecraft:entity_spawned>"
                }
            },
            "minecraft:bloomerang": {
                "minecraft:transformation": {
                    "into": "pvz:bloomerang<minecraft:entity_spawned>"
                }
            },
            "minecraft:winter_melon": {
                "minecraft:transformation": {
                    "into": "pvz:winter_melon<minecraft:entity_spawned>"
                }
            },
            "minecraft:pumpkin": {
                "minecraft:transformation": {
                    "into": "pvz:pumpkin<minecraft:entity_spawned>"
                }
            },
            "minecraft:scaredy_shroom": {
                "minecraft:transformation": {
                    "into": "pvz:scaredy_shroom<minecraft:entity_spawned>"
                }
            },
            "minecraft:fumeshroom": {
                "minecraft:transformation": {
                    "into": "pvz:fumeshroom<minecraft:entity_spawned>"
                }
            },
            "minecraft:puffshroom": {
                "minecraft:transformation": {
                    "into": "pvz:puffshroom<minecraft:entity_spawned>"
                }
            },
            "minecraft:fire_peashooter": {
                "minecraft:transformation": {
                    "into":  "pvz:fire_peashooter<minecraft:entity_spawned>"                }
            },
            "minecraft:snow_peashooter": {
                "minecraft:transformation": {
                    "into": "pvz:snow_peashooter<minecraft:entity_spawned>"
                }
            },
            "minecraft:phatbeet": {
                "minecraft:transformation": {
                    "into": "pvz:phatbeet<minecraft:entity_spawned>"
                }
            },
            "minecraft:winter_melon": {
                "minecraft:transformation": {
                    "into": "pvz:winter_melon<minecraft:entity_spawned>"
                }
            },
            "minecraft:peanut": {
                "minecraft:transformation": {
                    "into": "pvz:pea-nut<minecraft:entity_spawned>"
                }
            },
            "minecraft:pumpkin": {
                "minecraft:transformation": {
                    "into": "pvz:pumpkin<minecraft:entity_spawned>"
                }
            },
            "minecraft:coconut_cannon": {
                "minecraft:transformation": {
                    "into": "pvz:coconut_cannon<minecraft:entity_spawned>"
                }
            },
            "minecraft:lightning_rod": {
                "minecraft:transformation": {
                    "into": "pvz:lightning_rod<minecraft:entity_spawned>"
                }
            },
            "minecraft:spikeweed": {
                "minecraft:transformation": {
                    "into": "pvz:spikeweed<minecraft:entity_spawned>"
                }
            },
            "minecraft:peapod": {
                "minecraft:transformation": {
                    "into": "pvz:peapod<minecraft:entity_spawned>"
                }
            },
            "minecraft:explode_o_nut": {
                "minecraft:transformation": {
                    "into": "pvz:explode_o_nut<minecraft:entity_spawned>"
                }
            },
            "minecraft:bloomerang": {
                "minecraft:transformation": {
                    "into": "pvz:bloomerang<minecraft:entity_spawned>"
                }
            },
            "minecraft:coconut_cannon": {
                "minecraft:transformation": {
                    "into": "pvz:coconut_cannon<minecraft:entity_spawned>"
                }
            },
            "minecraft:cold_snapdragon": {
                "minecraft:transformation": {
                    "into": "pvz:cold_snapdragon<minecraft:entity_spawned>"
                }
            },
            "minecraft:doomshroom": {
                "minecraft:transformation": {
                    "into": "pvz:doomshroom<minecraft:entity_spawned>"
                }
            },
            "minecraft:ice_shroom": {
                "minecraft:transformation": {
                    "into": "pvz:ice_shroom<minecraft:entity_spawned>"
                }
            },
            "minecraft:jalapeno": {
                "minecraft:transformation": {
                    "into": "pvz:jalapeño<minecraft:entity_spawned>"
                }
            },
            "minecraft:pumpkin_pult": {
                "minecraft:transformation": {
                    "into": "pvz:pumpkin_pult<minecraft:entity_spawned>"
                }
            },
            "minecraft:snappea": {
                "minecraft:transformation": {
                    "into": "pvz:snappea<minecraft:entity_spawned>"
                }
            },
            "minecraft:spikerock": {
                "minecraft:transformation": {
                    "into": "pvz:spikerock<minecraft:entity_spawned>"
                }
            },
            "minecraft:starfruit": {
                "minecraft:transformation": {
                    "into": "pvz:starfruit<minecraft:entity_spawned>"
                }
            },
            "minecraft:lightning_rod": {
                "minecraft:transformation": {
                    "into": "pvz:lightning_rod<minecraft:entity_spawned>"
                }
            }
        },
        "components": {
            "minecraft:health": {
                "value": 1
            },
            "minecraft:push_through": {
                "value": 1
            },
            "minecraft:collision_box": {
                "width": 0.2,
                "height": 0.2
            },
            "minecraft:knockback_resistance": {
                "value": 1.0
            },
            "minecraft:interact": [{
                    "on_interact": {
                        "filters": {
                            "all_of": [{
                                    "test": "has_equipment",
                                    "subject": "other",
                                    "domain": "hand",
                                    "value": "pvz:sunflower"
                                },
                                {
                                    "test": "is_family",
                                    "subject": "other",
                                    "value": "player"
                                }
                            ]
                        },
                        "event": "minecraft:event_sunflower"
                    },
                    "use_item": true,
                    "interact_text": "PLANT"
                },
                {
                    "on_interact": {
                        "filters": {
                            "all_of": [{
                                    "test": "has_equipment",
                                    "subject": "other",
                                    "domain": "hand",
                                    "value": "pvz:peashooter"
                                },
                                {
                                    "test": "is_family",
                                    "subject": "other",
                                    "value": "player"
                                }
                            ]
                        },
                        "event": "minecraft:event_peashooter"
                    },
                    "use_item": true,
                    "interact_text": "PLANT"
                },
                {
                    "on_interact": {
                        "filters": {
                            "all_of": [{
                                    "test": "has_equipment",
                                    "subject": "other",
                                    "domain": "hand",
                                    "value": "pvz:bloomerang"
                                },
                                {
                                    "test": "is_family",
                                    "subject": "other",
                                    "value": "player"
                                }
                            ]
                        },
                        "event": "minecraft:event_bloomerang"
                    },
                    "use_item": true,
                    "interact_text": "PLANT"
                },
                {
                    "on_interact": {
                        "filters": {
                            "all_of": [{
                                    "test": "has_equipment",
                                    "subject": "other",
                                    "domain": "hand",
                                    "value": "pvz:coconut_cannon"
                                },
                                {
                                    "test": "is_family",
                                    "subject": "other",
                                    "value": "player"
                                }
                            ]
                        },
                        "event": "minecraft:event_coconut_cannon"
                    },
                    "use_item": true,
                    "interact_text": "PLANT"
                },
                {
                    "on_interact": {
                        "filters": {
                            "all_of": [{
                                    "test": "has_equipment",
                                    "subject": "other",
                                    "domain": "hand",
                                    "value": "pvz:cold_snapdragon"
                                },
                                {
                                    "test": "is_family",
                                    "subject": "other",
                                    "value": "player"
                                }
                            ]
                        },
                        "event": "minecraft:event_cold_snapdragon"
                    },
                    "use_item": true,
                    "interact_text": "PLANT"
                },
                {
                    "on_interact": {
                        "filters": {
                            "all_of": [{
                                    "test": "has_equipment",
                                    "subject": "other",
                                    "domain": "hand",
                                    "value": "pvz:doomshroom"
                                },
                                {
                                    "test": "is_family",
                                    "subject": "other",
                                    "value": "player"
                                }
                            ]
                        },
                        "event": "minecraft:event_doomshroom"
                    },
                    "use_item": true,
                    "interact_text": "PLANT"
                },
                {
                    "on_interact": {
                        "filters": {
                            "all_of": [{
                                    "test": "has_equipment",
                                    "subject": "other",
                                    "domain": "hand",
                                    "value": "pvz:ice_shroom"
                                },
                                {
                                    "test": "is_family",
                                    "subject": "other",
                                    "value": "player"
                                }
                            ]
                        },
                        "event": "minecraft:event_ice_shroom"
                    },
                    "use_item": true,
                    "interact_text": "PLANT"
                },
                {
                    "on_interact": {
                        "filters": {
                            "all_of": [{
                                    "test": "has_equipment",
                                    "subject": "other",
                                    "domain": "hand",
                                    "value": "pvz:jalapeno"
                                },
                                {
                                    "test": "is_family",
                                    "subject": "other",
                                    "value": "player"
                                }
                            ]
                        },
                        "event": "minecraft:event_jalapeno"
                    },
                    "use_item": true,
                    "interact_text": "PLANT"
                },
                {
                    "on_interact": {
                        "filters": {
                            "all_of": [{
                                    "test": "has_equipment",
                                    "subject": "other",
                                    "domain": "hand",
                                    "value": "pvz:pumpkin_pult"
                                },
                                {
                                    "test": "is_family",
                                    "subject": "other",
                                    "value": "player"
                                }
                            ]
                        },
                        "event": "minecraft:event_pumpkin_pult"
                    },
                    "use_item": true,
                    "interact_text": "PLANT"
                },
                {
                    "on_interact": {
                        "filters": {
                            "all_of": [{
                                    "test": "has_equipment",
                                    "subject": "other",
                                    "domain": "hand",
                                    "value": "pvz:snappea"
                                },
                                {
                                    "test": "is_family",
                                    "subject": "other",
                                    "value": "player"
                                }
                            ]
                        },
                        "event": "minecraft:event_snappea"
                    },
                    "use_item": true,
                    "interact_text": "PLANT"
                },
                {
                    "on_interact": {
                        "filters": {
                            "all_of": [{
                                    "test": "has_equipment",
                                    "subject": "other",
                                    "domain": "hand",
                                    "value": "pvz:spikerock"
                                },
                                {
                                    "test": "is_family",
                                    "subject": "other",
                                    "value": "player"
                                }
                            ]
                        },
                        "event": "minecraft:event_spikerock"
                    },
                    "use_item": true,
                    "interact_text": "PLANT"
                },
                {
                    "on_interact": {
                        "filters": {
                            "all_of": [{
                                    "test": "has_equipment",
                                    "subject": "other",
                                    "domain": "hand",
                                    "value": "pvz:starfruit"
                                },
                                {
                                    "test": "is_family",
                                    "subject": "other",
                                    "value": "player"
                                }
                            ]
                        },
                        "event": "minecraft:event_starfruit"
                    },
                    "use_item": true,
                    "interact_text": "PLANT"
                },
                {
                    "on_interact": {
                        "filters": {
                            "all_of": [{
                                    "test": "has_equipment",
                                    "subject": "other",
                                    "domain": "hand",
                                    "value": "pvz:repeater"
                                },
                                {
                                    "test": "is_family",
                                    "subject": "other",
                                    "value": "player"
                                }
                            ]
                        },
                        "event": "minecraft:event_repeater"
                    },
                    "use_item": true,
                    "interact_text": "PLANT"
                },
                {
                    "on_interact": {
                        "filters": {
                            "all_of": [{
                                    "test": "has_equipment",
                                    "subject": "other",
                                    "domain": "hand",
                                    "value": "pvz:snow_peashooter"
                                },
                                {
                                    "test": "is_family",
                                    "subject": "other",
                                    "value": "player"
                                }
                            ]
                        },
                        "event": "minecraft:event_snowpeashooter"
                    },
                    "use_item": true,
                    "interact_text": "PLANT"
                },
                {
                    "on_interact": {
                        "filters": {
                            "all_of": [{
                                    "test": "has_equipment",
                                    "subject": "other",
                                    "domain": "hand",
                                    "value": "pvz:fire_peashooter"
                                },
                                {
                                    "test": "is_family",
                                    "subject": "other",
                                    "value": "player"
                                }
                            ]
                        },
                        "event": "minecraft:event_fire_peashooter"
                    },
                    "use_item": true,
                    "interact_text": "PLANT"
                },
                {
                    "on_interact": {
                        "filters": {
                            "all_of": [{
                                    "test": "has_equipment",
                                    "subject": "other",
                                    "domain": "hand",
                                    "value": "pvz:shadow_peashooter"
                                },
                                {
                                    "test": "is_family",
                                    "subject": "other",
                                    "value": "player"
                                }
                            ]
                        },
                        "event": "minecraft:event_shadow_peashooter"
                    },
                    "use_item": true,
                    "interact_text": "PLANT"
                },
                {
                    "on_interact": {
                        "filters": {
                            "all_of": [{
                                    "test": "has_equipment",
                                    "subject": "other",
                                    "domain": "hand",
                                    "value": "pvz:electric_peashooter"
                                },
                                {
                                    "test": "is_family",
                                    "subject": "other",
                                    "value": "player"
                                }
                            ]
                        },
                        "event": "minecraft:event_electric_peashooter"
                    },
                    "use_item": true,
                    "interact_text": "PLANT"
                },
                {
                    "on_interact": {
                        "filters": {
                            "all_of": [{
                                    "test": "has_equipment",
                                    "subject": "other",
                                    "domain": "hand",
                                    "value": "pvz:gatling_peashooter"
                                },
                                {
                                    "test": "is_family",
                                    "subject": "other",
                                    "value": "player"
                                }
                            ]
                        },
                        "event": "minecraft:event_gatling_peashooter"
                    },
                    "use_item": true,
                    "interact_text": "PLANT"
                },
                {
                    "on_interact": {
                        "filters": {
                            "all_of": [{
                                    "test": "has_equipment",
                                    "subject": "other",
                                    "domain": "hand",
                                    "value": "pvz:goo_peashooter"
                                },
                                {
                                    "test": "is_family",
                                    "subject": "other",
                                    "value": "player"
                                }
                            ]
                        },
                        "event": "minecraft:event_goo_peashooter"
                    },
                    "use_item": true,
                    "interact_text": "PLANT"
                },
                {
                    "on_interact": {
                        "filters": {
                            "all_of": [{
                                    "test": "has_equipment",
                                    "subject": "other",
                                    "domain": "hand",
                                    "value": "pvz:threepeater"
                                },
                                {
                                    "test": "is_family",
                                    "subject": "other",
                                    "value": "player"
                                }
                            ]
                        },
                        "event": "minecraft:event_threepeater"
                    },
                    "use_item": true,
                    "interact_text": "PLANT"
                },
                {
                    "on_interact": {
                        "filters": {
                            "all_of": [{
                                    "test": "has_equipment",
                                    "subject": "other",
                                    "domain": "hand",
                                    "value": "pvz:twin_sunflower"
                                },
                                {
                                    "test": "is_family",
                                    "subject": "other",
                                    "value": "player"
                                }
                            ]
                        },
                        "event": "minecraft:event_twin_sunflower"
                    },
                    "use_item": true,
                    "interact_text": "PLANT"
                },
                {
                    "on_interact": {
                        "filters": {
                            "all_of": [{
                                    "test": "has_equipment",
                                    "subject": "other",
                                    "domain": "hand",
                                    "value": "pvz:chomper"
                                },
                                {
                                    "test": "is_family",
                                    "subject": "other",
                                    "value": "player"
                                }
                            ]
                        },
                        "event": "minecraft:event_chomper"
                    },
                    "use_item": true,
                    "interact_text": "PLANT"
                },
                {
                    "on_interact": {
                        "filters": {
                            "all_of": [{
                                    "test": "has_equipment",
                                    "subject": "other",
                                    "domain": "hand",
                                    "value": "pvz:repeater"
                                },
                                {
                                    "test": "is_family",
                                    "subject": "other",
                                    "value": "player"
                                }
                            ]
                        },
                        "event": "minecraft:event_repeater"
                    },
                    "use_item": true,
                    "interact_text": "PLANT"
                },
                {
                    "on_interact": {
                        "filters": {
                            "all_of": [{
                                    "test": "has_equipment",
                                    "subject": "other",
                                    "domain": "hand",
                                    "value": "pvz:spikeweed"
                                },
                                {
                                    "test": "is_family",
                                    "subject": "other",
                                    "value": "player"
                                }
                            ]
                        },
                        "event": "minecraft:event_spikeweed"
                    },
                    "use_item": true,
                    "interact_text": "PLANT"
                },
                {
                    "on_interact": {
                        "filters": {
                            "all_of": [{
                                    "test": "has_equipment",
                                    "subject": "other",
                                    "domain": "hand",
                                    "value": "pvz:marigold"
                                },
                                {
                                    "test": "is_family",
                                    "subject": "other",
                                    "value": "player"
                                }
                            ]
                        },
                        "event": "minecraft:event_marigold"
                    },
                    "use_item": true,
                    "interact_text": "PLANT"
                },
                {
                    "on_interact": {
                        "filters": {
                            "all_of": [{
                                    "test": "has_equipment",
                                    "subject": "other",
                                    "domain": "hand",
                                    "value": "pvz:bonk_choy"
                                },
                                {
                                    "test": "is_family",
                                    "subject": "other",
                                    "value": "player"
                                }
                            ]
                        },
                        "event": "minecraft:event_bonk_choy"
                    },
                    "use_item": true,
                    "interact_text": "PLANT"
                },
                {
                    "on_interact": {
                        "filters": {
                            "all_of": [{
                                    "test": "has_equipment",
                                    "subject": "other",
                                    "domain": "hand",
                                    "value": "pvz:cabbage_pult"
                                },
                                {
                                    "test": "is_family",
                                    "subject": "other",
                                    "value": "player"
                                }
                            ]
                        },
                        "event": "minecraft:event_cabbage_pult"
                    },
                    "use_item": true,
                    "interact_text": "PLANT"
                },
                {
                    "on_interact": {
                        "filters": {
                            "all_of": [{
                                    "test": "has_equipment",
                                    "subject": "other",
                                    "domain": "hand",
                                    "value": "pvz:cactus"
                                },
                                {
                                    "test": "is_family",
                                    "subject": "other",
                                    "value": "player"
                                }
                            ]
                        },
                        "event": "minecraft:event_cactus"
                    },
                    "use_item": true,
                    "interact_text": "PLANT"
                },
                {
                    "on_interact": {
                        "filters": {
                            "all_of": [{
                                    "test": "has_equipment",
                                    "subject": "other",
                                    "domain": "hand",
                                    "value": "pvz:cattail"
                                },
                                {
                                    "test": "is_family",
                                    "subject": "other",
                                    "value": "player"
                                }
                            ]
                        },
                        "event": "minecraft:event_cattail"
                    },
                    "use_item": true,
                    "interact_text": "PLANT"
                },
                {
                    "on_interact": {
                        "filters": {
                            "all_of": [{
                                    "test": "has_equipment",
                                    "subject": "other",
                                    "domain": "hand",
                                    "value": "pvz:cherrybomb"
                                },
                                {
                                    "test": "is_family",
                                    "subject": "other",
                                    "value": "player"
                                }
                            ]
                        },
                        "event": "minecraft:event_cherrybomb"
                    },
                    "use_item": true,
                    "interact_text": "PLANT"
                },
                {
                    "on_interact": {
                        "filters": {
                            "all_of": [{
                                    "test": "has_equipment",
                                    "subject": "other",
                                    "domain": "hand",
                                    "value": "pvz:endurian"
                                },
                                {
                                    "test": "is_family",
                                    "subject": "other",
                                    "value": "player"
                                }
                            ]
                        },
                        "event": "minecraft:event_endurian"
                    },
                    "use_item": true,
                    "interact_text": "PLANT"
                },
                {
                    "on_interact": {
                        "filters": {
                            "all_of": [{
                                    "test": "has_equipment",
                                    "subject": "other",
                                    "domain": "hand",
                                    "value": "pvz:fumeshroom"
                                },
                                {
                                    "test": "is_family",
                                    "subject": "other",
                                    "value": "player"
                                }
                            ]
                        },
                        "event": "minecraft:event_fumeshroom"
                    },
                    "use_item": true,
                    "interact_text": "PLANT"
                },
                {
                    "on_interact": {
                        "filters": {
                            "all_of": [{
                                    "test": "has_equipment",
                                    "subject": "other",
                                    "domain": "hand",
                                    "value": "pvz:hypnoshroom"
                                },
                                {
                                    "test": "is_family",
                                    "subject": "other",
                                    "value": "player"
                                }
                            ]
                        },
                        "event": "minecraft:event_hypnoshroom"
                    },
                    "use_item": true,
                    "interact_text": "PLANT"
                },
                {
                    "on_interact": {
                        "filters": {
                            "all_of": [{
                                    "test": "has_equipment",
                                    "subject": "other",
                                    "domain": "hand",
                                    "value": "pvz:kernel_pult"
                                },
                                {
                                    "test": "is_family",
                                    "subject": "other",
                                    "value": "player"
                                }
                            ]
                        },
                        "event": "minecraft:event_kernel_pult"
                    },
                    "use_item": true,
                    "interact_text": "PLANT"
                },
                {
                    "on_interact": {
                        "filters": {
                            "all_of": [{
                                    "test": "has_equipment",
                                    "subject": "other",
                                    "domain": "hand",
                                    "value": "pvz:scaredyshroom"
                                },
                                {
                                    "test": "is_family",
                                    "subject": "other",
                                    "value": "player"
                                }
                            ]
                        },
                        "event": "minecraft:event_scaredyshroom"
                    },
                    "use_item": true,
                    "interact_text": "PLANT"
                },
                {
                    "on_interact": {
                        "filters": {
                            "all_of": [{
                                    "test": "has_equipment",
                                    "subject": "other",
                                    "domain": "hand",
                                    "value": "pvz:shadowshroom"
                                },
                                {
                                    "test": "is_family",
                                    "subject": "other",
                                    "value": "player"
                                }
                            ]
                        },
                        "event": "minecraft:event_shadowshroom"
                    },
                    "use_item": true,
                    "interact_text": "PLANT"
                },
                {
                    "on_interact": {
                        "filters": {
                            "all_of": [{
                                    "test": "has_equipment",
                                    "subject": "other",
                                    "domain": "hand",
                                    "value": "pvz:snapdragon"
                                },
                                {
                                    "test": "is_family",
                                    "subject": "other",
                                    "value": "player"
                                }
                            ]
                        },
                        "event": "minecraft:event_snapdragon"
                    },
                    "use_item": true,
                    "interact_text": "PLANT"
                },
                {
                    "on_interact": {
                        "filters": {
                            "all_of": [{
                                    "test": "has_equipment",
                                    "subject": "other",
                                    "domain": "hand",
                                    "value": "pvz:squash"
                                },
                                {
                                    "test": "is_family",
                                    "subject": "other",
                                    "value": "player"
                                }
                            ]
                        },
                        "event": "minecraft:event_squash"
                    },
                    "use_item": true,
                    "interact_text": "PLANT"
                },
                {
                    "on_interact": {
                        "filters": {
                            "all_of": [{
                                    "test": "has_equipment",
                                    "subject": "other",
                                    "domain": "hand",
                                    "value": "pvz:sunshroom"
                                },
                                {
                                    "test": "is_family",
                                    "subject": "other",
                                    "value": "player"
                                }
                            ]
                        },
                        "event": "minecraft:event_sunshroom"
                    },
                    "use_item": true,
                    "interact_text": "PLANT"
                },
                {
                    "on_interact": {
                        "filters": {
                            "all_of": [{
                                    "test": "has_equipment",
                                    "subject": "other",
                                    "domain": "hand",
                                    "value": "pvz:tallnut"
                                },
                                {
                                    "test": "is_family",
                                    "subject": "other",
                                    "value": "player"
                                }
                            ]
                        },
                        "event": "minecraft:event_tallnut"
                    },
                    "use_item": true,
                    "interact_text": "PLANT"
                },
                {
                    "on_interact": {
                        "filters": {
                            "all_of": [{
                                    "test": "has_equipment",
                                    "subject": "other",
                                    "domain": "hand",
                                    "value": "pvz:wallnut"
                                },
                                {
                                    "test": "is_family",
                                    "subject": "other",
                                    "value": "player"
                                }
                            ]
                        },
                        "event": "minecraft:event_wallnut"
                    },
                    "use_item": true,
                    "interact_text": "PLANT"
                },
                {
                    "on_interact": {
                        "filters": {
                            "all_of": [{
                                    "test": "has_equipment",
                                    "subject": "other",
                                    "domain": "hand",
                                    "value": "pvz:melon_pult"
                                },
                                {
                                    "test": "is_family",
                                    "subject": "other",
                                    "value": "player"
                                }
                            ]
                        },
                        "event": "minecraft:event_melon_pult"
                    },
                    "use_item": true,
                    "interact_text": "PLANT"
                },
                {
                    "on_interact": {
                        "filters": {
                            "all_of": [{
                                    "test": "has_equipment",
                                    "subject": "other",
                                    "domain": "hand",
                                    "value": "pvz:nightshade"
                                },
                                {
                                    "test": "is_family",
                                    "subject": "other",
                                    "value": "player"
                                }
                            ]
                        },
                        "event": "minecraft:event_nightshade"
                    },
                    "use_item": true,
                    "interact_text": "PLANT"
                },
                {
                    "on_interact": {
                        "filters": {
                            "all_of": [{
                                    "test": "has_equipment",
                                    "subject": "other",
                                    "domain": "hand",
                                    "value": "pvz:pepper_pult"
                                },
                                {
                                    "test": "is_family",
                                    "subject": "other",
                                    "value": "player"
                                }
                            ]
                        },
                        "event": "minecraft:event_pepper_pult"
                    },
                    "use_item": true,
                    "interact_text": "PLANT"
                },
                {
                    "on_interact": {
                        "filters": {
                            "all_of": [{
                                    "test": "has_equipment",
                                    "subject": "other",
                                    "domain": "hand",
                                    "value": "pvz:potato_mine"
                                },
                                {
                                    "test": "is_family",
                                    "subject": "other",
                                    "value": "player"
                                }
                            ]
                        },
                        "event": "minecraft:event_potato_mine"
                    },
                    "use_item": true,
                    "interact_text": "PLANT"
                },
                {
                    "on_interact": {
                        "filters": {
                            "all_of": [{
                                    "test": "has_equipment",
                                    "subject": "other",
                                    "domain": "hand",
                                    "value": "pvz:phatbeet"
                                },
                                {
                                    "test": "is_family",
                                    "subject": "other",
                                    "value": "player"
                                }
                            ]
                        },
                        "event": "minecraft:event_phatbeet"
                    },
                    "use_item": true,
                    "interact_text": "PLANT"
                },
                {
                    "on_interact": {
                        "filters": {
                            "all_of": [{
                                    "test": "has_equipment",
                                    "subject": "other",
                                    "domain": "hand",
                                    "value": "pvz:winter_melon"
                                },
                                {
                                    "test": "is_family",
                                    "subject": "other",
                                    "value": "player"
                                }
                            ]
                        },
                        "event": "minecraft:event_winter_melon"
                    },
                    "use_item": true,
                    "interact_text": "PLANT"
                },
                {
                    "on_interact": {
                        "filters": {
                            "all_of": [{
                                    "test": "has_equipment",
                                    "subject": "other",
                                    "domain": "hand",
                                    "value": "pvz:pea-nut"
                                },
                                {
                                    "test": "is_family",
                                    "subject": "other",
                                    "value": "player"
                                }
                            ]
                        },
                        "event": "minecraft:event_peanut"
                    },
                    "use_item": true,
                    "interact_text": "PLANT"
                },
                {
                    "on_interact": {
                        "filters": {
                            "all_of": [{
                                    "test": "has_equipment",
                                    "subject": "other",
                                    "domain": "hand",
                                    "value": "pvz:pumpkin"
                                },
                                {
                                    "test": "is_family",
                                    "subject": "other",
                                    "value": "player"
                                }
                            ]
                        },
                        "event": "minecraft:event_pumpkin"
                    },
                    "use_item": true,
                    "interact_text": "PLANT"
                },
                {
                    "on_interact": {
                        "filters": {
                            "all_of": [{
                                    "test": "has_equipment",
                                    "subject": "other",
                                    "domain": "hand",
                                    "value": "pvz:coconut_cannon"
                                },
                                {
                                    "test": "is_family",
                                    "subject": "other",
                                    "value": "player"
                                }
                            ]
                        },
                        "event": "minecraft:event_coconut_cannon"
                    },
                    "use_item": true,
                    "interact_text": "PLANT"
                },
                {
                    "on_interact": {
                        "filters": {
                            "all_of": [{
                                    "test": "has_equipment",
                                    "subject": "other",
                                    "domain": "hand",
                                    "value": "pvz:bloomerang"
                                },
                                {
                                    "test": "is_family",
                                    "subject": "other",
                                    "value": "player"
                                }
                            ]
                        },
                        "event": "minecraft:event_bloomerang"
                    },
                    "use_item": true,
                    "interact_text": "PLANT"
                },
                {
                    "on_interact": {
                        "filters": {
                            "all_of": [{
                                    "test": "has_equipment",
                                    "subject": "other",
                                    "domain": "hand",
                                    "value": "pvz:lightning_rod"
                                },
                                {
                                    "test": "is_family",
                                    "subject": "other",
                                    "value": "player"
                                }
                            ]
                        },
                        "event": "minecraft:event_lightning_rod"
                    },
                    "use_item": true,
                    "interact_text": "PLANT"
                },
                {
                    "on_interact": {
                        "filters": {
                            "all_of": [{
                                    "test": "has_equipment",
                                    "subject": "other",
                                    "domain": "hand",
                                    "value": "pvz:spikerock"
                                },
                                {
                                    "test": "is_family",
                                    "subject": "other",
                                    "value": "player"
                                }
                            ]
                        },
                        "event": "minecraft:event_spikerock"
                    },
                    "use_item": true,
                    "interact_text": "PLANT"
                },
                {
                    "on_interact": {
                        "filters": {
                            "all_of": [{
                                    "test": "has_equipment",
                                    "subject": "other",
                                    "domain": "hand",
                                    "value": "pvz:peapod"
                                },
                                {
                                    "test": "is_family",
                                    "subject": "other",
                                    "value": "player"
                                }
                            ]
                        },
                        "event": "minecraft:event_peapod"
                    },
                    "use_item": true,
                    "interact_text": "PLANT"
                },
                {
                    "on_interact": {
                        "filters": {
                            "all_of": [{
                                    "test": "has_equipment",
                                    "subject": "other",
                                    "domain": "hand",
                                    "value": "pvz:explode_o_nut"
                                },
                                {
                                    "test": "is_family",
                                    "subject": "other",
                                    "value": "player"
                                }
                            ]
                        },
                        "event": "minecraft:event_explode_o_nut"
                    },
                    "use_item": true,
                    "interact_text": "PLANT"
                },
                {
                    "on_interact": {
                        "filters": {
                            "all_of": [{
                                    "test": "has_equipment",
                                    "subject": "other",
                                    "domain": "hand",
                                    "value": "pvz:pea-nut"
                                },
                                {
                                    "test": "is_family",
                                    "subject": "other",
                                    "value": "player"
                                }
                            ]
                        },
                        "event": "minecraft:event_peanut"
                    },
                    "use_item": true,
                    "interact_text": "PLANT"
                }
            ],
            "minecraft:physics": {},
            "minecraft:fall_damage": {
                "value": 0.0
            },
            "minecraft:behavior.float": {
                "priority": 0
            }
        },
        "events": { 
            "minecraft:event_bonk_choy": {
                "add": {
                    "component_groups": [
                        "minecraft:bonk_choy"
                    ]
                }
            },
            "minecraft:event_cabbage_pult": {
                "add": {
                    "component_groups": [
                        "minecraft:cabbage_pult"
                    ]
                }
            },
            "minecraft:event_cactus": {
                "add": {
                    "component_groups": [
                        "minecraft:cactus"
                    ]
                }
            },
            "minecraft:event_cattail": {
                "add": {
                    "component_groups": [
                        "minecraft:cattail"
                    ]
                }
            },
            "minecraft:event_cherrybomb": {
                "add": {
                    "component_groups": [
                        "minecraft:cherrybomb"
                    ]
                }
            },
            "minecraft:event_chomper": {
                "add": {
                    "component_groups": [
                        "minecraft:chomper"
                    ]
                }
            },
            "minecraft:event_electric_peashooter": {
                "add": {
                    "component_groups": [
                        "minecraft:electric_peashooter"
                    ]
                }
            },
            "minecraft:event_endurian": {
                "add": {
                    "component_groups": [
                        "minecraft:endurian"
                    ]
                }
            },
            "minecraft:event_fire_peashooter": {
                "add": {
                    "component_groups": [
                        "minecraft:fire_peashooter"
                    ]
                }
            },
            "minecraft:event_fumeshroom": {
                "add": {
                    "component_groups": [
                        "minecraft:fumeshroom"
                    ]
                }
            },
            "minecraft:event_gatling_peashooter": {
                "add": {
                    "component_groups": [
                        "minecraft:gatling_peashooter"
                    ]
                }
            },
            "minecraft:event_goo_peashooter": {
                "add": {
                    "component_groups": [
                        "minecraft:goo_peashooter"
                    ]
                }
            },
            "minecraft:event_hypnoshroom": {
                "add": {
                    "component_groups": [
                        "minecraft:hypnoshroom"
                    ]
                }
            },
            "minecraft:event_kernel_pult": {
                "add": {
                    "component_groups": [
                        "minecraft:kernel_pult"
                    ]
                }
            },
            "minecraft:event_marigold": {
                "add": {
                    "component_groups": [
                        "minecraft:marigold"
                    ]
                }
            },
            "minecraft:event_melon_pult": {
                "add": {
                    "component_groups": [
                        "minecraft:melon_pult"
                    ]
                }
            },
            "minecraft:event_nightshade": {
                "add": {
                    "component_groups": [
                        "minecraft:nightshade"
                    ]
                }
            },
            "minecraft:event_peashooter": {
                "add": {
                    "component_groups": [
                        "minecraft:peashooter"
                    ]
                }
            },
            "minecraft:event_pepper_pult": {
                "add": {
                    "component_groups": [
                        "minecraft:pepper_pult"
                    ]
                }
            },
            "minecraft:event_potato_mine": {
                "add": {
                    "component_groups": [
                        "minecraft:potato_mine"
                    ]
                }
            },
            "minecraft:event_puffshroom": {
                "add": {
                    "component_groups": [
                        "minecraft:puff_shroom"
                    ]
                }
            },
            "minecraft:event_repeater": {
                "add": {
                    "component_groups": [
                        "minecraft:repeater"
                    ]
                }
            },
            "minecraft:event_scaredyshroom": {
                "add": {
                    "component_groups": [
                        "minecraft:scaredyshroom"
                    ]
                }
            },
            "minecraft:event_shadow_peashooter": {
                "add": {
                    "component_groups": [
                        "minecraft:shadow_peashooter"
                    ]
                }
            },
            "minecraft:event_shadowshroom": {
                "add": {
                    "component_groups": [
                        "minecraft:shadowshroom"
                    ]
                }
            },
            "minecraft:event_snapdragon": {
                "add": {
                    "component_groups": [
                        "minecraft:snapdragon"
                    ]
                }
            },
            "minecraft:event_snow_peashooter": {
                "add": {
                    "component_groups": [
                        "minecraft:snow_peashooter"
                    ]
                }
            },
            "minecraft:event_spikeweed": {
                "add": {
                    "component_groups": [
                        "minecraft:spikeweed"
                    ]
                }
            },
            "minecraft:event_squash": {
                "add": {
                    "component_groups": [
                        "minecraft:squash"
                    ]
                }
            },
            "minecraft:event_sunflower": {
                "add": {
                    "component_groups": [
                        "minecraft:sunflower"
                    ]
                }
            },
            "minecraft:event_sunshroom": {
                "add": {
                    "component_groups": [
                        "minecraft:sunshroom"
                    ]
                }
            },
            "minecraft:event_tallnut": {
                "add": {
                    "component_groups": [
                        "minecraft:tallnut"
                    ]
                }
            },
            "minecraft:event_threepeater": {
                "add": {
                    "component_groups": [
                        "minecraft:threepeater"
                    ]
                }
            },
            "minecraft:event_twin_sunflower": {
                "add": {
                    "component_groups": [
                        "minecraft:twin_sunflower"
                    ]
                }
            },
            "minecraft:event_wallnut": {
                "add": {
                    "component_groups": [
                        "minecraft:wallnut"
                    ]
                }
            },
            "minecraft:event_peanut": {
                "add": {
                    "component_groups": [
                        "minecraft:peanut"
                    ]
                }
            },
            "minecraft:event_phatbeet": {
                "add": {
                    "component_groups": [
                        "minecraft:phatbeet"
                    ]
                }
            },
            "minecraft:event_lightning_rod": {
                "add": {
                    "component_groups": [
                        "minecraft:lightning_rod"
                    ]
                }
            },
            "minecraft:event_winter_melon": {
                "add": {
                    "component_groups": [
                        "minecraft:winter_melon"
                    ]
                }
            },
            "minecraft:event_pumpkin": {
                "add": {
                    "component_groups": [
                        "minecraft:pumpkin"
                    ]
                }
            },
            "minecraft:event_bloomerang": {
                "add": {
                    "component_groups": [
                        "minecraft:bloomerang"
                    ]
                }
            },
            "minecraft:event_coconut_cannon": {
                "add": {
                    "component_groups": [
                        "minecraft:coconut_cannon"
                    ]
                }
            },
            "minecraft:event_spikerock": {
                "add": {
                    "component_groups": [
                        "minecraft:spikerock"
                    ]
                }
            },
            "minecraft:event_peapod": {
                "add": {
                    "component_groups": [
                        "minecraft:peapod"
                    ]
                }
            },
            "minecraft:event_ice_lettuce": {
                "add": {
                    "component_groups": [
                        "minecraft:ice_lettuce"
                    ]
                }
            },
            "minecraft:event_explode_o_nut": {
                "add": {
                    "component_groups": [
                        "minecraft:explode_o_nut"
                    ]
                }
            },
            "minecraft:event_bloomerang": {
                "add": {
                    "component_groups": [
                        "minecraft:bloomerang"
                    ]
                }
            },
            "minecraft:event_coconut_cannon": {
                "add": {
                    "component_groups": [
                        "minecraft:coconut_cannon"
                    ]
                }
            },
            "minecraft:event_cold_snapdragon": {
                "add": {
                    "component_groups": [
                        "minecraft:cold_snapdragon"
                    ]
                }
            },
            "minecraft:event_doomshroom": {
                "add": {
                    "component_groups": [
                        "minecraft:doomshroom"
                    ]
                }
            },
            "minecraft:event_ice_shroom": {
                "add": {
                    "component_groups": [
                        "minecraft:ice_shroom"
                    ]
                }
            },
            "minecraft:event_jalapeno": {
                "add": {
                    "component_groups": [
                        "minecraft:jalapeno"
                    ]
                }
            },
            "minecraft:event_pumpkin_pult": {
                "add": {
                    "component_groups": [
                        "minecraft:pumpkin_pult"
                    ]
                }
            },
            "minecraft:event_snappea": {
                "add": {
                    "component_groups": [
                        "minecraft:snappea"
                    ]
                }
            },
            "minecraft:event_spikerock": {
                "add": {
                    "component_groups": [
                        "minecraft:spikerock"
                    ]
                }
            },
            "minecraft:event_starfruit": {
                "add": {
                    "component_groups": [
                        "minecraft:starfruit"
                    ]
                }
            }
        }
    }
}