{
	"format_version": "1.8.0",
	"minecraft:entity": {
		"description": {
			"identifier": "pvz:sunflower",
			"is_spawnable": true,
			"is_summonable": true,
			"is_experimental": false
		},
		"component_groups": {},
		"components": {
			"minecraft:health": {
				"value": 20,
				"max": 30
			},
			"minecraft:nameable": {},
      "minecraft:pushable": {
        "is_pushable": false,
        "is_pushable_by_piston": false
       },
			"minecraft:collision_box": {
				"width": 0.45,
				"height": 0.4
			},
			"minecraft:spell_effects": {
				"add_effects": [
					{
						"effect": "regeneration",
						"amplifier": 50,
						"visible": false,
						"duration": 3
					}
				]
			},
			"minecraft:breathable": {
				"total_supply": 15,
				"suffocate_time": 0,
				"breathes_water": false,
				"breathes_air": true
			},
			"minecraft:attack": {},
			"minecraft:variant": {
				"value": 3
			},
			"minecraft:navigation.walk": {
				"avoid_water": true,
				"can_float": true,
				"can_open_doors": true,
				"can_pass_doors": true,
				"can_path_over_water": true
			},
			"minecraft:movement": {
				"value": 0
			},
			"minecraft:knockback_resistance": {
				"value": 1
			},
			"minecraft:movement.basic": {},
			"minecraft:jump.static": {},
			"minecraft:can_climb": {},
			"minecraft:scale": {
				"value": 1
			},
      "minecraft:damage_sensor": [
        {
          "on_damage": {
            "filters": {
              "test": "is_family",
              "subject": "other",
              "value": "villager"
            }
          },
          "deals_damage": false
        }
      ],
			"minecraft:fire_immune": false,
			"minecraft:behavior.hurt_by_target": {
				"priority": 1
			},
			"minecraft:behavior.nearest_attackable_target": {
				"priority": 1,
				"reselect_targets": true,
				"entity_types": [
					{
						"filters": {
							"test": "is_family",
							"subject": "other",
							"value": "monster"
						},
						"max_dist": 50
					},
					{
						"filters": {
							"test": "is_family",
							"subject": "other",
							"value": "undead"
						},
						"max_dist": 50
					},
					{
						"filters": {
							"test": "is_family",
							"subject": "other",
							"value": "player"
						},
						"max_dist": 70
					},
					{
						"filters": {
							"test": "is_family",
							"subject": "other",
							"value": "vindicator"
						},
						"max_dist": 50
					},
					{
						"filters": {
							"test": "is_family",
							"subject": "other",
							"value": "creeper"
						},
						"max_dist": 50
					},
					{
						"filters": {
							"test": "is_family",
							"subject": "other",
							"value": "illager"
						},
						"max_dist": 50
					},
					{
						"filters": {
							"test": "is_family",
							"subject": "other",
							"value": "pillager"
						},
						"max_dist": 50
					}
				],
				"must_see": false,
				"within_radius": 15
			},
			"minecraft:behavior.ranged_attack": {},
			"minecraft:behavior.melee_attack": {
				"priority": 4,
				"speed_multiplier": 1.25,
				"track_target": false,
				"reach_multiplier": 0.0
        },
			"minecraft:behavior.random_stroll": {
				"priority": 3,
				"speed_multiplier": 1.2
			},
			"minecraft:shooter": {},
			"minecraft:behavior.look_at_player": {
				"priority": 7,
				"look_distance": 70
			},
			"minecraft:behavior.random_look_around": {
				"priority": 4
			},
			"minecraft:type_family": {
				"family": [
					"villager","player","plant"
				]
			},
			"minecraft:physics": {},
      "minecraft:spawn_entity": {
        "min_wait_time": 35,
        "max_wait_time": 40,
        "spawn_item": "pvz:sun",
        "num_to_spawn": 1
       }
     },
		"events": {
			"minecraft:entity_spawned": {}
		}
	}
}
