{
     "format_version": "1.8.0",
     "minecraft:entity": {
          "description": {
               "identifier": "pvz:witch_hazel",
               "is_spawnable": true,
               "is_summonable": true,
               "is_experimental": false
          },
          "components": {
               "minecraft:navigation.walk": {
                    "avoid_water": true,
                    "can_float": true,
                    "can_open_doors": true,
                    "can_pass_doors": true,
                    "can_path_over_water": true
               },
               "minecraft:nameable": {},
               "minecraft:breathable": {
                    "totalSupply": 15,
                    "suffocateTime": 0,
                    "breathesWater": false
               },
               "minecraft:health": {
                    "value": 30,
                    "max": 30
               },
               "minecraft:pushable": {
                    "is_pushable": false,
                    "is_pushable_by_piston": false
               },
               "minecraft:collision_box": {
                    "width": 0.8,
                    "height": 0.4
               },
               "minecraft:spell_effects": {
                    "add_effects": [
                         {
                              "effect": "regeneration",
                              "amplifier": 50,
                              "visible": false,
                              "duration": 3
                         }
                    ]
               },
               "minecraft:attack": {},
               "minecraft:movement": {
                    "value": 0
               },
               "minecraft:knockback_resistance": {},
               "minecraft:movement.basic": {},
               "minecraft:jump.static": {},
               "minecraft:can_climb": {},
               "minecraft:scale": {
                    "value": 0.90
               },
               "minecraft:damage_sensor": [
                    {
                         "on_damage": {
                              "filters": {
                                   "test": "is_family",
                                   "subject": "other",
                                   "value": "villager"
                              }
                         },
                         "deals_damage": false
                    }
               ],
               "minecraft:fire_immune": false,
               "minecraft:behavior.hurt_by_target": {
                    "priority": 1
               },
               "minecraft:behavior.nearest_attackable_target": {
                    "priority": 1,
                    "reselect_targets": true,
                    "entity_types": [
                         {
                              "filters": {
                                   "test": "is_family",
                                   "subject": "other",
                                   "value": "monster"
                              },
                              "max_dist": 50
                         },
                         {
                              "filters": {
                                   "test": "is_family",
                                   "subject": "other",
                                   "value": "undead"
                              },
                              "max_dist": 50
                         },
                         {
                              "filters": {
                                   "test": "is_family",
                                   "subject": "other",
                                   "value": "enderman"
                              },
                              "max_dist": 70
                         },
                         {
                              "filters": {
                                   "test": "is_family",
                                   "subject": "other",
                                   "value": "vindicator"
                              },
                              "max_dist": 50
                         },
                         {
                              "filters": {
                                   "test": "is_family",
                                   "subject": "other",
                                   "value": "creeper"
                              },
                              "max_dist": 50
                         },
                         {
                              "filters": {
                                   "test": "is_family",
                                   "subject": "other",
                                   "value": "illager"
                              },
                              "max_dist": 50
                         },
                         {
                              "filters": {
                                   "test": "is_family",
                                   "subject": "other",
                                   "value": "pillager"
                              },
                              "max_dist": 50
                         }
                    ],
                    "must_see": false
               },
               "minecraft:behavior.send_event": {
                    "priority": 3,
                    "event_choices": [
                         {
                              "min_activation_range": 0,
                              "max_activation_range": 50,
                              "cooldown_time": 0.3,
                              "cast_duration": 0.3,
                              "particle_color": "#FFB38033",
                              "weight": 3,
                              "filters": {
                                   "all_of": [
                                        {
                                             "test": "is_family",
                                             "subject": "other",
                                             "value": "metal"
                                        }
                                   ]
                              },
                              "start_sound_event": "cast.spell",
                              "sequence": [
                                   {
                                        "base_delay": 1,
                                        "event": "magnet",
                                        "sound_event": "(sound)"
                                   }
                              ]
                         }
                    ]
               },
               "minecraft:behavior.melee_attack": {
                    "priority": 4,
                    "speed_multiplier": 1.25,
                    "track_target": false,
                    "reach_multiplier": 0
               },
               "minecraft:behavior.random_stroll": {
                    "priority": 3,
                    "speed_multiplier": 1.2
               },
               "minecraft:behavior.look_at_player": {
                    "priority": 7,
                    "look_distance": 70
               },
               "minecraft:behavior.random_look_around": {
                    "priority": 4
               },
               "minecraft:type_family": {
                    "family": [
                         "villager",
                         "player",
                         "plant",
                         "commandhali_creatrue"
                    ]
               },
               "minecraft:physics": {}
          },
          "events": {
               "minecraft:entity_spawned": {}
          },
          "component_groups": {}
     }
}