{
  "format_version": "1.16.0",
  "minecraft:entity": {
    "description": {
      "identifier": "pvz:laser",
      "runtime_identifier": "minecraft:ender_pearl",
      "is_spawnable": false,
      "is_summonable": true,
      "is_experimental": false
    },
    "components": {
      "minecraft:collision_box": {
        "width": 0.1,
        "height": 0.1
      },
      "minecraft:projectile": {
        "on_hit": {
          "impact_damage": {
            "damage": [ 7, 8 ],
            "knockback": true
          },
          "remove_on_hit": {},
          "stick_in_ground": {
            "shake_time": 0
          }
        },
        "power": 3,
        "gravity": 0,
        "inertia": 1,
        "uncertaintyBase": 3,
        "uncertaintyMultiplier": 3,
        "anchor": 3,
        "offset": [ 0, 1, 0 ],
        "reflectOnHurt": false,
        "catch_fire": false
      },
      "minecraft:physics": {}
    }
  }
}