{
  "format_version": "1.16.100",
  "minecraft:item": {
    "description": {
      "identifier": "pvz:peapod",
      "category": "Nature"
    },
    "components": {
	  "minecraft:max_stack_size": 64,
	  "minecraft:icon": {
      "texture": "peapod"
    },
	  "minecraft:creative_category": {
        "parent": "itemGroup.name.seed"
    },
    "minecraft:entity_placer": {
        "entity": "pvz:peapod"
    },
    "minecraft:display_name": {
        "value": "Peapod Seeds"
    },
    "minecraft:hand_equipped": false
    }
  }
}