{
	"format_version": "1.8.0",
	"animations": {
		"animation.chomper.idle": {
			"loop": true,
			"animation_length": 1.2,
			"bones": {
				"chomper": {
					"rotation": {
						"0.0": [0, 0, 0],
						"0.4333": [0, 0, 10],
						"0.8": [0, 0, -5],
						"1.2": [0, 0, 0]
					},
					"position": {
						"0.0": [0, 0, 0],
						"0.5667": [0, -0.25, 0],
						"1.2": [0, 0, 0]
					}
				},
				"stem": {
					"rotation": {
						"0.0": [0, 0, 0],
						"0.4": [0, 0, 5],
						"0.8": [0, 0, -5],
						"1.2": [0, 0, 0]
					}
				},
				"stem2": {
					"rotation": {
						"0.0": [0, 0, 0],
						"0.4333": [-5, 0, -5],
						"0.8333": [5, 0, -5],
						"1.2": [0, 0, 0]
					}
				},
				"stem3": {
					"rotation": {
						"0.0": [0, 0, 0],
						"0.4333": [0, 0, -5],
						"0.8": [0, 0, 17.37],
						"1.2": [0, 0, 0]
					}
				},
				"stem4": {
					"rotation": {
						"0.0": [0, 0, 0],
						"0.2833": [-10, 0, 0],
						"0.4": [-10, 0, 0],
						"0.7167": [9, 0, 0],
						"0.8333": [9, 0, 0],
						"1.2": [0, 0, 0]
					}
				},
				"lower": {
					"rotation": {
						"0.0": [0, 0, 0],
						"0.5167": [0, 0, 10],
						"0.8": [0, 0, -15.36],
						"1.2": [0, 0, 0]
					}
				},
				"tongue": {
					"rotation": {
						"0.0": [0, 0, 0],
						"0.4333": [0, 0, 15],
						"0.8333": [0, 0, 5],
						"1.2": [0, 0, 0]
					}
				},
				"upperleaves": {
					"rotation": [0, 0, 0]
				},
				"leaf2": {
					"rotation": [0, 0, 0]
				}
			}
		},
		"animation.chomper.attack": {
			"animation_length": 0.64,
			"bones": {
				"chomper": {
					"rotation": {
						"0.0": [0, 0, 0],
						"0.6333": [0, 0, 0]
					},
					"position": {
						"0.0": [0, 0, 0],
						"0.6333": [0, 0, 0]
					}
				},
				"stem": {
					"rotation": {
						"0.0": [0, 0, 0],
						"0.3167": [0, 0, 40],
						"0.6333": [0, 0, 0]
					},
					"position": [-1, 0, 0]
				},
				"stem1": {
					"rotation": [0, 0, -5]
				},
				"stem2": {
					"rotation": {
						"0.0": [0, 0, 0],
						"0.6333": [0, 0, 0]
					}
				},
				"stem3": {
					"rotation": {
						"0.0": [0, 0, 0],
						"0.3167": [0, 0, 45],
						"0.6333": [0, 0, 0]
					}
				},
				"stem4": {
					"rotation": {
						"0.0": [0, 0, 0],
						"0.3167": [0, 0, -80],
						"0.6333": [0, 0, 0]
					}
				},
				"stem5": {
					"rotation": [0, 0, 15]
				},
				"lower": {
					"rotation": {
						"0.0": [0, 0, 0],
						"0.3167": [0, 0, -20],
						"0.6333": [0, 0, 0]
					}
				},
				"tongue": {
					"rotation": {
						"0.0": [0, 0, 0],
						"0.6333": [0, 0, 0]
					}
				},
				"upperleaves": {
					"rotation": {
						"0.0": [0, 0, 0],
						"0.6333": [0, 0, 0]
					}
				},
				"leaf2": {
					"rotation": {
						"0.0": [0, 0, 0],
						"0.6333": [0, 0, 0]
					}
				}
			}
		}
	}
}