{
	"format_version": "1.8.0",
	"animations": {
		"animation.kernel_pult.idle": {
       "loop": true,
			"animation_length": 1.2,
			"bones": {
				"base": {
					"rotation": {
						"0.0": [0, 0, 0],
						"0.4833": [5, 0, 0],
						"1.2": [0, 0, 0]
					},
					"position": [0, 0, 0],
					"scale": 1
				},
				"pult": {
					"rotation": {
						"0.0": [0, 0, 0],
						"0.4833": [5, 0, 0],
						"1.2": [0, 0, 0]
					},
					"position": [0, 0, 0],
					"scale": 1
				},
				"leaves": {
					"rotation": {
						"0.0": [0, 0, 0],
						"0.4833": [0, 0, 5],
						"1.2": [0, 0, -5]
					},
					"position": [0, 0, 0],
					"scale": 1
				}
			}
		},
		"animation.kernel_pult.attack": {
			"animation_length": 1.2,
			"bones": {
				"base": {
					"rotation": {
						"0.0": [0, 0, 0],
						"0.6": [10, 0, 0],
						"1.2": [15, 0, 0]
					},
					"position": [0, 0, 0],
					"scale": 1
				},
				"pult": {
					"rotation": {
						"0.0": [0, 0, 0],
						"0.6": [10, 0, 0],
						"1.2": [60, 0, 0]
					},
					"position": {
						"0.0": [0, 0, 0],
						"0.6": [0, -1, 0],
						"1.2": [0, 8, 12]
					},
					"scale": 1
				},
				"stem1": {
					"rotation": [0, 0, 0],
					"position": [0, 0, 0],
					"scale": 1
				},
				"stem2": {
					"rotation": [0, 0, 0],
					"position": [0, 0, 0],
					"scale": 1
				},
				"stem3": {
					"rotation": [0, 0, 0],
					"position": [0, 0, 0],
					"scale": 1
				},
				"basket": {
					"rotation": [0, 0, 0],
					"position": [0, 0, 0],
					"scale": 1
				},
				"leaves": {
					"rotation": {
						"0.0": [0, 0, 0],
						"0.6": [5, 0, 0],
						"1.2": [-5, 0, 0]
					},
					"position": [0, 0, 0],
					"scale": 1
				}
			}
		}
	}
}