{
	"format_version": "1.8.0",
	"animations": {
		"animation.marigold.idle": {
			"loop": true,
			"animation_length": 1.8,
			"bones": {
				"head": {
					"rotation": {
						"0.0": [0, 0, 0],
						"0.6": [0, 0, 15],
						"1.2": [0, 0, -5],
						"1.8": [0, 0, 5]
					},
					"position": [0, 0, 0],
					"scale": 1
				},
				"stem": {
					"rotation": {
						"0.0": [0, 0, 0],
						"0.6": [0, 0, 10],
						"1.2": [0, 0, -5],
						"1.8": [0, 0, 5]
					},
					"position": [0, 0, 0],
					"scale": 1
				},
				"leaves": {
					"rotation": {
						"0.0": [0, 0, 0],
						"0.6": [0, 0, 10],
						"1.2": [0, 0, -5],
						"1.8": [0, 0, 5]
					},
					"position": {
						"0.0": [0, 0, 0],
						"0.6": [0, 0, 0]
					},
					"scale": 1
				}
			}
		}
	}
}