{
	"format_version": "1.8.0",
	"animations": {
		"animation.spikeweed.idle": {
			"loop": true,
			"animation_length": 0.48,
			"bones": {
				"spike": {
					"rotation": [0, 0, 0],
					"position": [0, 0, 0],
					"scale": {
						"0.0": [1, 1, 1],
						"0.1667": [1, 1.1, 1],
						"0.3167": [1, 1, 1],
						"0.4833": [1, 1.1, 1]
					}
				},
				"base": {
					"rotation": [0, 0, 0],
					"position": [0, 0, 0],
					"scale": {
						"0.0": [1, 1, 1],
						"0.1667": [1, 1.1, 1],
						"0.3167": [1, 1, 1],
						"0.4833": [1, 1.1, 1]
					}
				}
			}
		},
		"animation.spikeweed.attack": {
			"animation_length": 0.44,
			"bones": {
				"spike": {
					"scale": {
						"0.0": [1, 1, 1],
						"0.1667": [1, 1.3, 1],
						"0.2833": [1, 0.9, 1],
						"0.4": [1, 1.1, 1]
					}
				},
				"base": {
					"scale": {
						"0.0": [1, 1, 1],
						"0.1667": [1.1, 0.9, 1],
						"0.2833": [1.1, 1.1, 1],
						"0.4": [1.1, 0.9, 1]
					}
				}
			}
		}
	}
}