{
	"format_version": "1.8.0",
	"animations": {
		"animation.threepeater.idle": {
       "loop": true,
			"animation_length": 1.8,
			"bones": {
				"leaves": {
					"rotation": {
						"0.0": [0, 0, 0],
						"0.6": [0, 0, 7.5],
						"1.2": [0, 0, -10],
						"1.8": [0, 0, 0]
					},
					"position": {
						"0.0": [0, 0, 0],
						"0.6": [0, 0, 0],
						"1.2": [0, 0, 0]
					}
				},
				"stem1": {
					"rotation": {
						"0.0": [0, 0, 0],
						"0.6": [0, 12.5, 2.5],
						"1.2": [0, 2.5, -5],
						"1.8": [0, 0, 0]
					},
					"position": {
						"0.0": [0, 0, 0],
						"0.6": [0, 0, 0],
						"1.2": [0, 0, 0],
						"1.8": [0, 0, 0]
					}
				},
				"stem2": {
					"rotation": {
						"0.0": [0, 0, 0],
						"0.6": [-10, 0, 0],
						"1.2": [5, 0, 0],
						"1.8": [-5, 0, 0]
					},
					"position": {
						"0.0": [0, 0, 0],
						"0.6": [0, 0, 0],
						"1.2": [0, 0, 0],
						"1.8": [0, 0, 0]
					}
				},
				"stem3": {
					"rotation": {
						"0.0": [0, 0, 0],
						"0.6": [0, -7.5, 5],
						"1.2": [0, 15, -2.5],
						"1.8": [0, 0, 0]
					},
					"position": {
						"0.0": [0, 0, 0],
						"0.6": [0, 0, 0],
						"1.2": [0, 0, 0],
						"1.8": [0, 0, 0]
					}
				},
				"head1": {
					"rotation": {
						"0.0": [0, 0, 0],
						"0.6": [-5, 0, 0],
						"1.2": [2.5, 0, 0],
						"1.8": [-2.5, 0, 0]
					},
					"position": {
						"0.0": [0, 0, 0],
						"0.6": [0, 0, 3],
						"1.2": [0, 0, 0],
						"1.8": [0, 0, 0]
					}
				},
				"head2": {
					"rotation": {
						"0.0": [0, 0, 0],
						"0.6": [10, 0, 0],
						"1.2": [-7.5, 0, 0],
						"1.8": [2.5, 0, 0]
					},
					"position": {
						"0.0": [0, 0, 0],
						"0.6": [0, -1, 2],
						"1.2": [0, -1, 0],
						"1.8": [0, -1, 1]
					}
				},
				"head3": {
					"rotation": {
						"0.0": [0, 0, 0],
						"0.6": [-10, 0, 0],
						"1.2": [-2.5, 0, 0],
						"1.8": [-5, 0, 0]
					},
					"position": {
						"0.0": [0, 0, 0],
						"0.6": [0, -1, 2],
						"1.2": [0, 0, -3],
						"1.8": [0, 0, 0]
					}
				}
			}
		},
		"animation.threepeater.attack": {
			"loop": true
		}
	}
}