{
    "format_version": "1.12",
    "minecraft:recipe_shaped": {
        "description": {
            "identifier": "pvz:plant_machine_recipe"
        },
        "tags": [
            "crafting_table"
        ],
        "pattern": [
            "###",
            "#s#",
            "###"
        ],
        "key": {
            "s": {
                "item": "minecraft:dirt"
            },
            "#": {
                "item": "minecraft:glass"
            }
        },
        "result": {
            "item": "pvz:plant_machine"
        }
    }
}