{
    "format_version": "1.12",
    "minecraft:recipe_shaped": {
        "description": {
            "identifier": "pvz:shovel_recipe"
        },
        "tags": [
            "crafting_table"
        ],
        "pattern": [
            "#",
            "s",
            "#"
        ],
        "key": {
            "s": {
                "item": "minecraft:iron_ingot"
            },
            "#": {
                "item": "minecraft:stick"
            }
        },
        "result": {
            "item": "pvz:garden_shovel"
        }
    }
}